tabla,id_registro,tipo_anomalia,motivo
TB_MOV_FINANCIEROS,MOV00118302,DUPLICADO_EXACTO,Fila duplicada exacta (misma PK) para simular reintento de ingesta sin idempotencia
TB_MOV_FINANCIEROS,MOV00166492,DUPLICADO_EXACTO,Fila duplicada exacta (misma PK) para simular reintento de ingesta sin idempotencia
TB_MOV_FINANCIEROS,MOV00277882,DUPLICADO_EXACTO,Fila duplicada exacta (misma PK) para simular reintento de ingesta sin idempotencia
TB_MOV_FINANCIEROS,MOV00416838,DUPLICADO_EXACTO,Fila duplicada exacta (misma PK) para simular reintento de ingesta sin idempotencia
TB_MOV_FINANCIEROS,MOV00185549,DUPLICADO_EXACTO,Fila duplicada exacta (misma PK) para simular reintento de ingesta sin idempotencia
TB_MOV_FINANCIEROS,MOV00003790,DUPLICADO_EXACTO,Fila duplicada exacta (misma PK) para simular reintento de ingesta sin idempotencia
TB_MOV_FINANCIEROS,MOV00459822,DUPLICADO_EXACTO,Fila duplicada exacta (misma PK) para simular reintento de ingesta sin idempotencia
TB_MOV_FINANCIEROS,MOV00057983,DUPLICADO_EXACTO,Fila duplicada exacta (misma PK) para simular reintento de ingesta sin idempotencia
TB_MOV_FINANCIEROS,MOV00489201,DUPLICADO_EXACTO,Fila duplicada exacta (misma PK) para simular reintento de ingesta sin idempotencia
TB_MOV_FINANCIEROS,MOV00008204,DUPLICADO_EXACTO,Fila duplicada exacta (misma PK) para simular reintento de ingesta sin idempotencia
TB_MOV_FINANCIEROS,MOV00002186,DUPLICADO_EXACTO,Fila duplicada exacta (misma PK) para simular reintento de ingesta sin idempotencia
TB_MOV_FINANCIEROS,MOV00465834,DUPLICADO_EXACTO,Fila duplicada exacta (misma PK) para simular reintento de ingesta sin idempotencia
TB_MOV_FINANCIEROS,MOV00065488,DUPLICADO_EXACTO,Fila duplicada exacta (misma PK) para simular reintento de ingesta sin idempotencia
TB_MOV_FINANCIEROS,MOV00290064,DUPLICADO_EXACTO,Fila duplicada exacta (misma PK) para simular reintento de ingesta sin idempotencia
TB_MOV_FINANCIEROS,MOV00338908,DUPLICADO_EXACTO,Fila duplicada exacta (misma PK) para simular reintento de ingesta sin idempotencia
TB_MOV_FINANCIEROS,MOV00083227,DUPLICADO_EXACTO,Fila duplicada exacta (misma PK) para simular reintento de ingesta sin idempotencia
TB_MOV_FINANCIEROS,MOV00205789,DUPLICADO_EXACTO,Fila duplicada exacta (misma PK) para simular reintento de ingesta sin idempotencia
TB_MOV_FINANCIEROS,MOV00032495,DUPLICADO_EXACTO,Fila duplicada exacta (misma PK) para simular reintento de ingesta sin idempotencia
TB_MOV_FINANCIEROS,MOV00418362,DUPLICADO_EXACTO,Fila duplicada exacta (misma PK) para simular reintento de ingesta sin idempotencia
TB_MOV_FINANCIEROS,MOV00102997,DUPLICADO_EXACTO,Fila duplicada exacta (misma PK) para simular reintento de ingesta sin idempotencia
TB_MOV_FINANCIEROS,MOV00408283,DUPLICADO_EXACTO,Fila duplicada exacta (misma PK) para simular reintento de ingesta sin idempotencia
TB_MOV_FINANCIEROS,MOV00042852,DUPLICADO_EXACTO,Fila duplicada exacta (misma PK) para simular reintento de ingesta sin idempotencia
TB_MOV_FINANCIEROS,MOV00354151,DUPLICADO_EXACTO,Fila duplicada exacta (misma PK) para simular reintento de ingesta sin idempotencia
TB_MOV_FINANCIEROS,MOV00047529,DUPLICADO_EXACTO,Fila duplicada exacta (misma PK) para simular reintento de ingesta sin idempotencia
TB_MOV_FINANCIEROS,MOV00367186,DUPLICADO_EXACTO,Fila duplicada exacta (misma PK) para simular reintento de ingesta sin idempotencia
TB_MOV_FINANCIEROS,MOV00392683,DUPLICADO_EXACTO,Fila duplicada exacta (misma PK) para simular reintento de ingesta sin idempotencia
TB_MOV_FINANCIEROS,MOV00292517,DUPLICADO_EXACTO,Fila duplicada exacta (misma PK) para simular reintento de ingesta sin idempotencia
TB_MOV_FINANCIEROS,MOV00028107,DUPLICADO_EXACTO,Fila duplicada exacta (misma PK) para simular reintento de ingesta sin idempotencia
TB_MOV_FINANCIEROS,MOV00363347,DUPLICADO_EXACTO,Fila duplicada exacta (misma PK) para simular reintento de ingesta sin idempotencia
TB_MOV_FINANCIEROS,MOV00182229,DUPLICADO_EXACTO,Fila duplicada exacta (misma PK) para simular reintento de ingesta sin idempotencia
TB_MOV_FINANCIEROS,MOV00242363,DUPLICADO_EXACTO,Fila duplicada exacta (misma PK) para simular reintento de ingesta sin idempotencia
TB_MOV_FINANCIEROS,MOV00013324,DUPLICADO_EXACTO,Fila duplicada exacta (misma PK) para simular reintento de ingesta sin idempotencia
TB_MOV_FINANCIEROS,MOV00489064,DUPLICADO_EXACTO,Fila duplicada exacta (misma PK) para simular reintento de ingesta sin idempotencia
TB_MOV_FINANCIEROS,MOV00100181,DUPLICADO_EXACTO,Fila duplicada exacta (misma PK) para simular reintento de ingesta sin idempotencia
TB_MOV_FINANCIEROS,MOV00076855,DUPLICADO_EXACTO,Fila duplicada exacta (misma PK) para simular reintento de ingesta sin idempotencia
TB_MOV_FINANCIEROS,MOV00489475,DUPLICADO_EXACTO,Fila duplicada exacta (misma PK) para simular reintento de ingesta sin idempotencia
TB_MOV_FINANCIEROS,MOV00193359,DUPLICADO_EXACTO,Fila duplicada exacta (misma PK) para simular reintento de ingesta sin idempotencia
TB_MOV_FINANCIEROS,MOV00120650,DUPLICADO_EXACTO,Fila duplicada exacta (misma PK) para simular reintento de ingesta sin idempotencia
TB_MOV_FINANCIEROS,MOV00478242,DUPLICADO_EXACTO,Fila duplicada exacta (misma PK) para simular reintento de ingesta sin idempotencia
TB_MOV_FINANCIEROS,MOV00110362,DUPLICADO_EXACTO,Fila duplicada exacta (misma PK) para simular reintento de ingesta sin idempotencia
TB_MOV_FINANCIEROS,MOV00360148,DUPLICADO_EXACTO,Fila duplicada exacta (misma PK) para simular reintento de ingesta sin idempotencia
TB_MOV_FINANCIEROS,MOV00136672,DUPLICADO_EXACTO,Fila duplicada exacta (misma PK) para simular reintento de ingesta sin idempotencia
TB_MOV_FINANCIEROS,MOV00385997,DUPLICADO_EXACTO,Fila duplicada exacta (misma PK) para simular reintento de ingesta sin idempotencia
TB_MOV_FINANCIEROS,MOV00103225,DUPLICADO_EXACTO,Fila duplicada exacta (misma PK) para simular reintento de ingesta sin idempotencia
TB_MOV_FINANCIEROS,MOV00431231,DUPLICADO_EXACTO,Fila duplicada exacta (misma PK) para simular reintento de ingesta sin idempotencia
TB_MOV_FINANCIEROS,MOV00195420,DUPLICADO_EXACTO,Fila duplicada exacta (misma PK) para simular reintento de ingesta sin idempotencia
TB_MOV_FINANCIEROS,MOV00096844,DUPLICADO_EXACTO,Fila duplicada exacta (misma PK) para simular reintento de ingesta sin idempotencia
TB_MOV_FINANCIEROS,MOV00182159,DUPLICADO_EXACTO,Fila duplicada exacta (misma PK) para simular reintento de ingesta sin idempotencia
TB_MOV_FINANCIEROS,MOV00060246,DUPLICADO_EXACTO,Fila duplicada exacta (misma PK) para simular reintento de ingesta sin idempotencia
TB_MOV_FINANCIEROS,MOV00293324,DUPLICADO_EXACTO,Fila duplicada exacta (misma PK) para simular reintento de ingesta sin idempotencia
TB_MOV_FINANCIEROS,MOV00328925,DUPLICADO_EXACTO,Fila duplicada exacta (misma PK) para simular reintento de ingesta sin idempotencia
TB_MOV_FINANCIEROS,MOV00080275,DUPLICADO_EXACTO,Fila duplicada exacta (misma PK) para simular reintento de ingesta sin idempotencia
TB_MOV_FINANCIEROS,MOV00105170,DUPLICADO_EXACTO,Fila duplicada exacta (misma PK) para simular reintento de ingesta sin idempotencia
TB_MOV_FINANCIEROS,MOV00072686,DUPLICADO_EXACTO,Fila duplicada exacta (misma PK) para simular reintento de ingesta sin idempotencia
TB_MOV_FINANCIEROS,MOV00393285,DUPLICADO_EXACTO,Fila duplicada exacta (misma PK) para simular reintento de ingesta sin idempotencia
TB_MOV_FINANCIEROS,MOV00356960,DUPLICADO_EXACTO,Fila duplicada exacta (misma PK) para simular reintento de ingesta sin idempotencia
TB_MOV_FINANCIEROS,MOV00098319,DUPLICADO_EXACTO,Fila duplicada exacta (misma PK) para simular reintento de ingesta sin idempotencia
TB_MOV_FINANCIEROS,MOV00465145,DUPLICADO_EXACTO,Fila duplicada exacta (misma PK) para simular reintento de ingesta sin idempotencia
TB_MOV_FINANCIEROS,MOV00344755,DUPLICADO_EXACTO,Fila duplicada exacta (misma PK) para simular reintento de ingesta sin idempotencia
TB_MOV_FINANCIEROS,MOV00207408,DUPLICADO_EXACTO,Fila duplicada exacta (misma PK) para simular reintento de ingesta sin idempotencia
TB_MOV_FINANCIEROS,MOV00209851,DUPLICADO_EXACTO,Fila duplicada exacta (misma PK) para simular reintento de ingesta sin idempotencia
TB_MOV_FINANCIEROS,MOV00076110,DUPLICADO_EXACTO,Fila duplicada exacta (misma PK) para simular reintento de ingesta sin idempotencia
TB_MOV_FINANCIEROS,MOV00029213,DUPLICADO_EXACTO,Fila duplicada exacta (misma PK) para simular reintento de ingesta sin idempotencia
TB_MOV_FINANCIEROS,MOV00208090,DUPLICADO_EXACTO,Fila duplicada exacta (misma PK) para simular reintento de ingesta sin idempotencia
TB_MOV_FINANCIEROS,MOV00287428,DUPLICADO_EXACTO,Fila duplicada exacta (misma PK) para simular reintento de ingesta sin idempotencia
TB_MOV_FINANCIEROS,MOV00496082,DUPLICADO_EXACTO,Fila duplicada exacta (misma PK) para simular reintento de ingesta sin idempotencia
TB_MOV_FINANCIEROS,MOV00215603,DUPLICADO_EXACTO,Fila duplicada exacta (misma PK) para simular reintento de ingesta sin idempotencia
TB_MOV_FINANCIEROS,MOV00003441,DUPLICADO_EXACTO,Fila duplicada exacta (misma PK) para simular reintento de ingesta sin idempotencia
TB_MOV_FINANCIEROS,MOV00252040,DUPLICADO_EXACTO,Fila duplicada exacta (misma PK) para simular reintento de ingesta sin idempotencia
TB_MOV_FINANCIEROS,MOV00195881,DUPLICADO_EXACTO,Fila duplicada exacta (misma PK) para simular reintento de ingesta sin idempotencia
TB_MOV_FINANCIEROS,MOV00292575,DUPLICADO_EXACTO,Fila duplicada exacta (misma PK) para simular reintento de ingesta sin idempotencia
TB_MOV_FINANCIEROS,MOV00025505,DUPLICADO_EXACTO,Fila duplicada exacta (misma PK) para simular reintento de ingesta sin idempotencia
TB_MOV_FINANCIEROS,MOV00380564,DUPLICADO_EXACTO,Fila duplicada exacta (misma PK) para simular reintento de ingesta sin idempotencia
TB_MOV_FINANCIEROS,MOV00119114,DUPLICADO_EXACTO,Fila duplicada exacta (misma PK) para simular reintento de ingesta sin idempotencia
TB_MOV_FINANCIEROS,MOV00347685,DUPLICADO_EXACTO,Fila duplicada exacta (misma PK) para simular reintento de ingesta sin idempotencia
TB_MOV_FINANCIEROS,MOV00200507,DUPLICADO_EXACTO,Fila duplicada exacta (misma PK) para simular reintento de ingesta sin idempotencia
TB_MOV_FINANCIEROS,MOV00377975,DUPLICADO_EXACTO,Fila duplicada exacta (misma PK) para simular reintento de ingesta sin idempotencia
TB_MOV_FINANCIEROS,MOV00216837,DUPLICADO_EXACTO,Fila duplicada exacta (misma PK) para simular reintento de ingesta sin idempotencia
TB_MOV_FINANCIEROS,MOV00083295,DUPLICADO_EXACTO,Fila duplicada exacta (misma PK) para simular reintento de ingesta sin idempotencia
TB_MOV_FINANCIEROS,MOV00303057,DUPLICADO_EXACTO,Fila duplicada exacta (misma PK) para simular reintento de ingesta sin idempotencia
TB_MOV_FINANCIEROS,MOV00346227,DUPLICADO_EXACTO,Fila duplicada exacta (misma PK) para simular reintento de ingesta sin idempotencia
TB_MOV_FINANCIEROS,MOV00274552,DUPLICADO_EXACTO,Fila duplicada exacta (misma PK) para simular reintento de ingesta sin idempotencia
TB_MOV_FINANCIEROS,MOV00438002,DUPLICADO_EXACTO,Fila duplicada exacta (misma PK) para simular reintento de ingesta sin idempotencia
TB_MOV_FINANCIEROS,MOV00213887,DUPLICADO_EXACTO,Fila duplicada exacta (misma PK) para simular reintento de ingesta sin idempotencia
TB_MOV_FINANCIEROS,MOV00146824,DUPLICADO_EXACTO,Fila duplicada exacta (misma PK) para simular reintento de ingesta sin idempotencia
TB_MOV_FINANCIEROS,MOV00116163,DUPLICADO_EXACTO,Fila duplicada exacta (misma PK) para simular reintento de ingesta sin idempotencia
TB_MOV_FINANCIEROS,MOV00000326,DUPLICADO_EXACTO,Fila duplicada exacta (misma PK) para simular reintento de ingesta sin idempotencia
TB_MOV_FINANCIEROS,MOV00495129,DUPLICADO_EXACTO,Fila duplicada exacta (misma PK) para simular reintento de ingesta sin idempotencia
TB_MOV_FINANCIEROS,MOV00138902,DUPLICADO_EXACTO,Fila duplicada exacta (misma PK) para simular reintento de ingesta sin idempotencia
TB_MOV_FINANCIEROS,MOV00360304,DUPLICADO_EXACTO,Fila duplicada exacta (misma PK) para simular reintento de ingesta sin idempotencia
TB_MOV_FINANCIEROS,MOV00038392,DUPLICADO_EXACTO,Fila duplicada exacta (misma PK) para simular reintento de ingesta sin idempotencia
TB_MOV_FINANCIEROS,MOV00395276,DUPLICADO_EXACTO,Fila duplicada exacta (misma PK) para simular reintento de ingesta sin idempotencia
TB_MOV_FINANCIEROS,MOV00248339,DUPLICADO_EXACTO,Fila duplicada exacta (misma PK) para simular reintento de ingesta sin idempotencia
TB_MOV_FINANCIEROS,MOV00081624,DUPLICADO_EXACTO,Fila duplicada exacta (misma PK) para simular reintento de ingesta sin idempotencia
TB_MOV_FINANCIEROS,MOV00150150,DUPLICADO_EXACTO,Fila duplicada exacta (misma PK) para simular reintento de ingesta sin idempotencia
TB_MOV_FINANCIEROS,MOV00034165,DUPLICADO_EXACTO,Fila duplicada exacta (misma PK) para simular reintento de ingesta sin idempotencia
TB_MOV_FINANCIEROS,MOV00075692,DUPLICADO_EXACTO,Fila duplicada exacta (misma PK) para simular reintento de ingesta sin idempotencia
TB_MOV_FINANCIEROS,MOV00486950,DUPLICADO_EXACTO,Fila duplicada exacta (misma PK) para simular reintento de ingesta sin idempotencia
TB_MOV_FINANCIEROS,MOV00377499,DUPLICADO_EXACTO,Fila duplicada exacta (misma PK) para simular reintento de ingesta sin idempotencia
TB_MOV_FINANCIEROS,MOV00451033,DUPLICADO_EXACTO,Fila duplicada exacta (misma PK) para simular reintento de ingesta sin idempotencia
TB_MOV_FINANCIEROS,MOV00024666,DUPLICADO_EXACTO,Fila duplicada exacta (misma PK) para simular reintento de ingesta sin idempotencia
TB_MOV_FINANCIEROS,MOV00475848,DUPLICADO_EXACTO,Fila duplicada exacta (misma PK) para simular reintento de ingesta sin idempotencia
TB_MOV_FINANCIEROS,MOV00165409,DUPLICADO_EXACTO,Fila duplicada exacta (misma PK) para simular reintento de ingesta sin idempotencia
TB_MOV_FINANCIEROS,MOV00276268,DUPLICADO_EXACTO,Fila duplicada exacta (misma PK) para simular reintento de ingesta sin idempotencia
TB_MOV_FINANCIEROS,MOV00096277,DUPLICADO_EXACTO,Fila duplicada exacta (misma PK) para simular reintento de ingesta sin idempotencia
TB_MOV_FINANCIEROS,MOV00391222,DUPLICADO_EXACTO,Fila duplicada exacta (misma PK) para simular reintento de ingesta sin idempotencia
TB_MOV_FINANCIEROS,MOV00152890,DUPLICADO_EXACTO,Fila duplicada exacta (misma PK) para simular reintento de ingesta sin idempotencia
TB_MOV_FINANCIEROS,MOV00272996,DUPLICADO_EXACTO,Fila duplicada exacta (misma PK) para simular reintento de ingesta sin idempotencia
TB_MOV_FINANCIEROS,MOV00383255,DUPLICADO_EXACTO,Fila duplicada exacta (misma PK) para simular reintento de ingesta sin idempotencia
TB_MOV_FINANCIEROS,MOV00454882,DUPLICADO_EXACTO,Fila duplicada exacta (misma PK) para simular reintento de ingesta sin idempotencia
TB_MOV_FINANCIEROS,MOV00012363,DUPLICADO_EXACTO,Fila duplicada exacta (misma PK) para simular reintento de ingesta sin idempotencia
TB_MOV_FINANCIEROS,MOV00052920,DUPLICADO_EXACTO,Fila duplicada exacta (misma PK) para simular reintento de ingesta sin idempotencia
TB_MOV_FINANCIEROS,MOV00374414,DUPLICADO_EXACTO,Fila duplicada exacta (misma PK) para simular reintento de ingesta sin idempotencia
TB_MOV_FINANCIEROS,MOV00387060,DUPLICADO_EXACTO,Fila duplicada exacta (misma PK) para simular reintento de ingesta sin idempotencia
TB_MOV_FINANCIEROS,MOV00150636,DUPLICADO_EXACTO,Fila duplicada exacta (misma PK) para simular reintento de ingesta sin idempotencia
TB_MOV_FINANCIEROS,MOV00039083,DUPLICADO_EXACTO,Fila duplicada exacta (misma PK) para simular reintento de ingesta sin idempotencia
TB_MOV_FINANCIEROS,MOV00263769,DUPLICADO_EXACTO,Fila duplicada exacta (misma PK) para simular reintento de ingesta sin idempotencia
TB_MOV_FINANCIEROS,MOV00255222,DUPLICADO_EXACTO,Fila duplicada exacta (misma PK) para simular reintento de ingesta sin idempotencia
TB_MOV_FINANCIEROS,MOV00252450,DUPLICADO_EXACTO,Fila duplicada exacta (misma PK) para simular reintento de ingesta sin idempotencia
TB_MOV_FINANCIEROS,MOV00261039,DUPLICADO_EXACTO,Fila duplicada exacta (misma PK) para simular reintento de ingesta sin idempotencia
TB_MOV_FINANCIEROS,MOV00323706,DUPLICADO_EXACTO,Fila duplicada exacta (misma PK) para simular reintento de ingesta sin idempotencia
TB_MOV_FINANCIEROS,MOV00220503,DUPLICADO_EXACTO,Fila duplicada exacta (misma PK) para simular reintento de ingesta sin idempotencia
TB_MOV_FINANCIEROS,MOV00139521,DUPLICADO_EXACTO,Fila duplicada exacta (misma PK) para simular reintento de ingesta sin idempotencia
TB_MOV_FINANCIEROS,MOV00487399,DUPLICADO_EXACTO,Fila duplicada exacta (misma PK) para simular reintento de ingesta sin idempotencia
TB_MOV_FINANCIEROS,MOV00381575,DUPLICADO_EXACTO,Fila duplicada exacta (misma PK) para simular reintento de ingesta sin idempotencia
TB_MOV_FINANCIEROS,MOV00204682,DUPLICADO_EXACTO,Fila duplicada exacta (misma PK) para simular reintento de ingesta sin idempotencia
TB_MOV_FINANCIEROS,MOV00442851,DUPLICADO_EXACTO,Fila duplicada exacta (misma PK) para simular reintento de ingesta sin idempotencia
TB_MOV_FINANCIEROS,MOV00433630,DUPLICADO_EXACTO,Fila duplicada exacta (misma PK) para simular reintento de ingesta sin idempotencia
TB_MOV_FINANCIEROS,MOV00110039,DUPLICADO_EXACTO,Fila duplicada exacta (misma PK) para simular reintento de ingesta sin idempotencia
TB_MOV_FINANCIEROS,MOV00201745,DUPLICADO_EXACTO,Fila duplicada exacta (misma PK) para simular reintento de ingesta sin idempotencia
TB_MOV_FINANCIEROS,MOV00038407,DUPLICADO_EXACTO,Fila duplicada exacta (misma PK) para simular reintento de ingesta sin idempotencia
TB_MOV_FINANCIEROS,MOV00454451,DUPLICADO_EXACTO,Fila duplicada exacta (misma PK) para simular reintento de ingesta sin idempotencia
TB_MOV_FINANCIEROS,MOV00430171,DUPLICADO_EXACTO,Fila duplicada exacta (misma PK) para simular reintento de ingesta sin idempotencia
TB_MOV_FINANCIEROS,MOV00096523,DUPLICADO_EXACTO,Fila duplicada exacta (misma PK) para simular reintento de ingesta sin idempotencia
TB_MOV_FINANCIEROS,MOV00355471,DUPLICADO_EXACTO,Fila duplicada exacta (misma PK) para simular reintento de ingesta sin idempotencia
TB_MOV_FINANCIEROS,MOV00419866,DUPLICADO_EXACTO,Fila duplicada exacta (misma PK) para simular reintento de ingesta sin idempotencia
TB_MOV_FINANCIEROS,MOV00102841,DUPLICADO_EXACTO,Fila duplicada exacta (misma PK) para simular reintento de ingesta sin idempotencia
TB_MOV_FINANCIEROS,MOV00253152,DUPLICADO_EXACTO,Fila duplicada exacta (misma PK) para simular reintento de ingesta sin idempotencia
TB_MOV_FINANCIEROS,MOV00099702,DUPLICADO_EXACTO,Fila duplicada exacta (misma PK) para simular reintento de ingesta sin idempotencia
TB_MOV_FINANCIEROS,MOV00049060,DUPLICADO_EXACTO,Fila duplicada exacta (misma PK) para simular reintento de ingesta sin idempotencia
TB_MOV_FINANCIEROS,MOV00171041,DUPLICADO_EXACTO,Fila duplicada exacta (misma PK) para simular reintento de ingesta sin idempotencia
TB_MOV_FINANCIEROS,MOV00262113,DUPLICADO_EXACTO,Fila duplicada exacta (misma PK) para simular reintento de ingesta sin idempotencia
TB_MOV_FINANCIEROS,MOV00036302,DUPLICADO_EXACTO,Fila duplicada exacta (misma PK) para simular reintento de ingesta sin idempotencia
TB_MOV_FINANCIEROS,MOV00346369,DUPLICADO_EXACTO,Fila duplicada exacta (misma PK) para simular reintento de ingesta sin idempotencia
TB_MOV_FINANCIEROS,MOV00482112,DUPLICADO_EXACTO,Fila duplicada exacta (misma PK) para simular reintento de ingesta sin idempotencia
TB_MOV_FINANCIEROS,MOV00136755,DUPLICADO_EXACTO,Fila duplicada exacta (misma PK) para simular reintento de ingesta sin idempotencia
TB_MOV_FINANCIEROS,MOV00085896,DUPLICADO_EXACTO,Fila duplicada exacta (misma PK) para simular reintento de ingesta sin idempotencia
TB_MOV_FINANCIEROS,MOV00234077,DUPLICADO_EXACTO,Fila duplicada exacta (misma PK) para simular reintento de ingesta sin idempotencia
TB_MOV_FINANCIEROS,MOV00133549,DUPLICADO_EXACTO,Fila duplicada exacta (misma PK) para simular reintento de ingesta sin idempotencia
TB_MOV_FINANCIEROS,MOV00492921,DUPLICADO_EXACTO,Fila duplicada exacta (misma PK) para simular reintento de ingesta sin idempotencia
TB_MOV_FINANCIEROS,MOV00469611,DUPLICADO_EXACTO,Fila duplicada exacta (misma PK) para simular reintento de ingesta sin idempotencia
TB_MOV_FINANCIEROS,MOV00177761,DUPLICADO_EXACTO,Fila duplicada exacta (misma PK) para simular reintento de ingesta sin idempotencia
TB_MOV_FINANCIEROS,MOV00441265,DUPLICADO_EXACTO,Fila duplicada exacta (misma PK) para simular reintento de ingesta sin idempotencia
TB_MOV_FINANCIEROS,MOV00075252,DUPLICADO_EXACTO,Fila duplicada exacta (misma PK) para simular reintento de ingesta sin idempotencia
TB_MOV_FINANCIEROS,MOV00456942,DUPLICADO_EXACTO,Fila duplicada exacta (misma PK) para simular reintento de ingesta sin idempotencia
TB_MOV_FINANCIEROS,MOV00499130,DUPLICADO_EXACTO,Fila duplicada exacta (misma PK) para simular reintento de ingesta sin idempotencia
TB_MOV_FINANCIEROS,MOV00405189,DUPLICADO_EXACTO,Fila duplicada exacta (misma PK) para simular reintento de ingesta sin idempotencia
TB_MOV_FINANCIEROS,MOV00475376,DUPLICADO_EXACTO,Fila duplicada exacta (misma PK) para simular reintento de ingesta sin idempotencia
TB_MOV_FINANCIEROS,MOV00173852,DUPLICADO_EXACTO,Fila duplicada exacta (misma PK) para simular reintento de ingesta sin idempotencia
TB_MOV_FINANCIEROS,MOV00341892,DUPLICADO_EXACTO,Fila duplicada exacta (misma PK) para simular reintento de ingesta sin idempotencia
TB_MOV_FINANCIEROS,MOV00117477,DUPLICADO_EXACTO,Fila duplicada exacta (misma PK) para simular reintento de ingesta sin idempotencia
TB_MOV_FINANCIEROS,MOV00273540,DUPLICADO_EXACTO,Fila duplicada exacta (misma PK) para simular reintento de ingesta sin idempotencia
TB_MOV_FINANCIEROS,MOV00182604,DUPLICADO_EXACTO,Fila duplicada exacta (misma PK) para simular reintento de ingesta sin idempotencia
TB_MOV_FINANCIEROS,MOV00193856,DUPLICADO_EXACTO,Fila duplicada exacta (misma PK) para simular reintento de ingesta sin idempotencia
TB_MOV_FINANCIEROS,MOV00241386,DUPLICADO_EXACTO,Fila duplicada exacta (misma PK) para simular reintento de ingesta sin idempotencia
TB_MOV_FINANCIEROS,MOV00229285,DUPLICADO_EXACTO,Fila duplicada exacta (misma PK) para simular reintento de ingesta sin idempotencia
TB_MOV_FINANCIEROS,MOV00062478,DUPLICADO_EXACTO,Fila duplicada exacta (misma PK) para simular reintento de ingesta sin idempotencia
TB_MOV_FINANCIEROS,MOV00005297,DUPLICADO_EXACTO,Fila duplicada exacta (misma PK) para simular reintento de ingesta sin idempotencia
TB_MOV_FINANCIEROS,MOV00429602,DUPLICADO_EXACTO,Fila duplicada exacta (misma PK) para simular reintento de ingesta sin idempotencia
TB_MOV_FINANCIEROS,MOV00401467,DUPLICADO_EXACTO,Fila duplicada exacta (misma PK) para simular reintento de ingesta sin idempotencia
TB_MOV_FINANCIEROS,MOV00119399,DUPLICADO_EXACTO,Fila duplicada exacta (misma PK) para simular reintento de ingesta sin idempotencia
TB_MOV_FINANCIEROS,MOV00111475,DUPLICADO_EXACTO,Fila duplicada exacta (misma PK) para simular reintento de ingesta sin idempotencia
TB_MOV_FINANCIEROS,MOV00155110,DUPLICADO_EXACTO,Fila duplicada exacta (misma PK) para simular reintento de ingesta sin idempotencia
TB_MOV_FINANCIEROS,MOV00040528,DUPLICADO_EXACTO,Fila duplicada exacta (misma PK) para simular reintento de ingesta sin idempotencia
TB_MOV_FINANCIEROS,MOV00269128,DUPLICADO_EXACTO,Fila duplicada exacta (misma PK) para simular reintento de ingesta sin idempotencia
TB_MOV_FINANCIEROS,MOV00436049,DUPLICADO_EXACTO,Fila duplicada exacta (misma PK) para simular reintento de ingesta sin idempotencia
TB_MOV_FINANCIEROS,MOV00494652,DUPLICADO_EXACTO,Fila duplicada exacta (misma PK) para simular reintento de ingesta sin idempotencia
TB_MOV_FINANCIEROS,MOV00428487,DUPLICADO_EXACTO,Fila duplicada exacta (misma PK) para simular reintento de ingesta sin idempotencia
TB_MOV_FINANCIEROS,MOV00093468,DUPLICADO_EXACTO,Fila duplicada exacta (misma PK) para simular reintento de ingesta sin idempotencia
TB_MOV_FINANCIEROS,MOV00387693,DUPLICADO_EXACTO,Fila duplicada exacta (misma PK) para simular reintento de ingesta sin idempotencia
TB_MOV_FINANCIEROS,MOV00226738,DUPLICADO_EXACTO,Fila duplicada exacta (misma PK) para simular reintento de ingesta sin idempotencia
TB_MOV_FINANCIEROS,MOV00413046,DUPLICADO_EXACTO,Fila duplicada exacta (misma PK) para simular reintento de ingesta sin idempotencia
TB_MOV_FINANCIEROS,MOV00333806,DUPLICADO_EXACTO,Fila duplicada exacta (misma PK) para simular reintento de ingesta sin idempotencia
TB_MOV_FINANCIEROS,MOV00089595,DUPLICADO_EXACTO,Fila duplicada exacta (misma PK) para simular reintento de ingesta sin idempotencia
TB_MOV_FINANCIEROS,MOV00450580,DUPLICADO_EXACTO,Fila duplicada exacta (misma PK) para simular reintento de ingesta sin idempotencia
TB_MOV_FINANCIEROS,MOV00256732,DUPLICADO_EXACTO,Fila duplicada exacta (misma PK) para simular reintento de ingesta sin idempotencia
TB_MOV_FINANCIEROS,MOV00302317,DUPLICADO_EXACTO,Fila duplicada exacta (misma PK) para simular reintento de ingesta sin idempotencia
TB_MOV_FINANCIEROS,MOV00095470,DUPLICADO_EXACTO,Fila duplicada exacta (misma PK) para simular reintento de ingesta sin idempotencia
TB_MOV_FINANCIEROS,MOV00179797,DUPLICADO_EXACTO,Fila duplicada exacta (misma PK) para simular reintento de ingesta sin idempotencia
TB_MOV_FINANCIEROS,MOV00312225,DUPLICADO_EXACTO,Fila duplicada exacta (misma PK) para simular reintento de ingesta sin idempotencia
TB_MOV_FINANCIEROS,MOV00157124,DUPLICADO_EXACTO,Fila duplicada exacta (misma PK) para simular reintento de ingesta sin idempotencia
TB_MOV_FINANCIEROS,MOV00457013,DUPLICADO_EXACTO,Fila duplicada exacta (misma PK) para simular reintento de ingesta sin idempotencia
TB_MOV_FINANCIEROS,MOV00242861,DUPLICADO_EXACTO,Fila duplicada exacta (misma PK) para simular reintento de ingesta sin idempotencia
TB_MOV_FINANCIEROS,MOV00421452,DUPLICADO_EXACTO,Fila duplicada exacta (misma PK) para simular reintento de ingesta sin idempotencia
TB_MOV_FINANCIEROS,MOV00491332,DUPLICADO_EXACTO,Fila duplicada exacta (misma PK) para simular reintento de ingesta sin idempotencia
TB_MOV_FINANCIEROS,MOV00048656,DUPLICADO_EXACTO,Fila duplicada exacta (misma PK) para simular reintento de ingesta sin idempotencia
TB_MOV_FINANCIEROS,MOV00367171,DUPLICADO_EXACTO,Fila duplicada exacta (misma PK) para simular reintento de ingesta sin idempotencia
TB_MOV_FINANCIEROS,MOV00135674,DUPLICADO_EXACTO,Fila duplicada exacta (misma PK) para simular reintento de ingesta sin idempotencia
TB_MOV_FINANCIEROS,MOV00373269,DUPLICADO_EXACTO,Fila duplicada exacta (misma PK) para simular reintento de ingesta sin idempotencia
TB_MOV_FINANCIEROS,MOV00047290,DUPLICADO_EXACTO,Fila duplicada exacta (misma PK) para simular reintento de ingesta sin idempotencia
TB_MOV_FINANCIEROS,MOV00136405,DUPLICADO_EXACTO,Fila duplicada exacta (misma PK) para simular reintento de ingesta sin idempotencia
TB_MOV_FINANCIEROS,MOV00010814,DUPLICADO_EXACTO,Fila duplicada exacta (misma PK) para simular reintento de ingesta sin idempotencia
TB_MOV_FINANCIEROS,MOV00363129,DUPLICADO_EXACTO,Fila duplicada exacta (misma PK) para simular reintento de ingesta sin idempotencia
TB_MOV_FINANCIEROS,MOV00394606,DUPLICADO_EXACTO,Fila duplicada exacta (misma PK) para simular reintento de ingesta sin idempotencia
TB_MOV_FINANCIEROS,MOV00424918,DUPLICADO_EXACTO,Fila duplicada exacta (misma PK) para simular reintento de ingesta sin idempotencia
TB_MOV_FINANCIEROS,MOV00251537,DUPLICADO_EXACTO,Fila duplicada exacta (misma PK) para simular reintento de ingesta sin idempotencia
TB_MOV_FINANCIEROS,MOV00294611,DUPLICADO_EXACTO,Fila duplicada exacta (misma PK) para simular reintento de ingesta sin idempotencia
TB_MOV_FINANCIEROS,MOV00261906,DUPLICADO_EXACTO,Fila duplicada exacta (misma PK) para simular reintento de ingesta sin idempotencia
TB_MOV_FINANCIEROS,MOV00468340,DUPLICADO_EXACTO,Fila duplicada exacta (misma PK) para simular reintento de ingesta sin idempotencia
TB_MOV_FINANCIEROS,MOV00441867,DUPLICADO_EXACTO,Fila duplicada exacta (misma PK) para simular reintento de ingesta sin idempotencia
TB_MOV_FINANCIEROS,MOV00163944,DUPLICADO_EXACTO,Fila duplicada exacta (misma PK) para simular reintento de ingesta sin idempotencia
TB_MOV_FINANCIEROS,MOV00314255,DUPLICADO_EXACTO,Fila duplicada exacta (misma PK) para simular reintento de ingesta sin idempotencia
TB_MOV_FINANCIEROS,MOV00023707,DUPLICADO_EXACTO,Fila duplicada exacta (misma PK) para simular reintento de ingesta sin idempotencia
TB_MOV_FINANCIEROS,MOV00209638,DUPLICADO_EXACTO,Fila duplicada exacta (misma PK) para simular reintento de ingesta sin idempotencia
TB_MOV_FINANCIEROS,MOV00200360,DUPLICADO_EXACTO,Fila duplicada exacta (misma PK) para simular reintento de ingesta sin idempotencia
TB_MOV_FINANCIEROS,MOV00156845,DUPLICADO_EXACTO,Fila duplicada exacta (misma PK) para simular reintento de ingesta sin idempotencia
TB_MOV_FINANCIEROS,MOV00448436,DUPLICADO_EXACTO,Fila duplicada exacta (misma PK) para simular reintento de ingesta sin idempotencia
TB_MOV_FINANCIEROS,MOV00477771,DUPLICADO_EXACTO,Fila duplicada exacta (misma PK) para simular reintento de ingesta sin idempotencia
TB_MOV_FINANCIEROS,MOV00033444,DUPLICADO_EXACTO,Fila duplicada exacta (misma PK) para simular reintento de ingesta sin idempotencia
TB_MOV_FINANCIEROS,MOV00052659,DUPLICADO_EXACTO,Fila duplicada exacta (misma PK) para simular reintento de ingesta sin idempotencia
TB_MOV_FINANCIEROS,MOV00356999,DUPLICADO_EXACTO,Fila duplicada exacta (misma PK) para simular reintento de ingesta sin idempotencia
TB_MOV_FINANCIEROS,MOV00055726,DUPLICADO_EXACTO,Fila duplicada exacta (misma PK) para simular reintento de ingesta sin idempotencia
TB_MOV_FINANCIEROS,MOV00406971,DUPLICADO_EXACTO,Fila duplicada exacta (misma PK) para simular reintento de ingesta sin idempotencia
TB_MOV_FINANCIEROS,MOV00106035,DUPLICADO_EXACTO,Fila duplicada exacta (misma PK) para simular reintento de ingesta sin idempotencia
TB_MOV_FINANCIEROS,MOV00013719,DUPLICADO_EXACTO,Fila duplicada exacta (misma PK) para simular reintento de ingesta sin idempotencia
TB_MOV_FINANCIEROS,MOV00449592,DUPLICADO_EXACTO,Fila duplicada exacta (misma PK) para simular reintento de ingesta sin idempotencia
TB_MOV_FINANCIEROS,MOV00391919,DUPLICADO_EXACTO,Fila duplicada exacta (misma PK) para simular reintento de ingesta sin idempotencia
TB_MOV_FINANCIEROS,MOV00082633,DUPLICADO_EXACTO,Fila duplicada exacta (misma PK) para simular reintento de ingesta sin idempotencia
TB_MOV_FINANCIEROS,MOV00105319,DUPLICADO_EXACTO,Fila duplicada exacta (misma PK) para simular reintento de ingesta sin idempotencia
TB_MOV_FINANCIEROS,MOV00329811,DUPLICADO_EXACTO,Fila duplicada exacta (misma PK) para simular reintento de ingesta sin idempotencia
TB_MOV_FINANCIEROS,MOV00445316,DUPLICADO_EXACTO,Fila duplicada exacta (misma PK) para simular reintento de ingesta sin idempotencia
TB_MOV_FINANCIEROS,MOV00460975,DUPLICADO_EXACTO,Fila duplicada exacta (misma PK) para simular reintento de ingesta sin idempotencia
TB_MOV_FINANCIEROS,MOV00135632,DUPLICADO_EXACTO,Fila duplicada exacta (misma PK) para simular reintento de ingesta sin idempotencia
TB_MOV_FINANCIEROS,MOV00357116,DUPLICADO_EXACTO,Fila duplicada exacta (misma PK) para simular reintento de ingesta sin idempotencia
TB_MOV_FINANCIEROS,MOV00429816,DUPLICADO_EXACTO,Fila duplicada exacta (misma PK) para simular reintento de ingesta sin idempotencia
TB_MOV_FINANCIEROS,MOV00235278,DUPLICADO_EXACTO,Fila duplicada exacta (misma PK) para simular reintento de ingesta sin idempotencia
TB_MOV_FINANCIEROS,MOV00058644,DUPLICADO_EXACTO,Fila duplicada exacta (misma PK) para simular reintento de ingesta sin idempotencia
TB_MOV_FINANCIEROS,MOV00081768,DUPLICADO_EXACTO,Fila duplicada exacta (misma PK) para simular reintento de ingesta sin idempotencia
TB_MOV_FINANCIEROS,MOV00478173,DUPLICADO_EXACTO,Fila duplicada exacta (misma PK) para simular reintento de ingesta sin idempotencia
TB_MOV_FINANCIEROS,MOV00007661,DUPLICADO_EXACTO,Fila duplicada exacta (misma PK) para simular reintento de ingesta sin idempotencia
TB_MOV_FINANCIEROS,MOV00074061,DUPLICADO_EXACTO,Fila duplicada exacta (misma PK) para simular reintento de ingesta sin idempotencia
TB_MOV_FINANCIEROS,MOV00177140,DUPLICADO_EXACTO,Fila duplicada exacta (misma PK) para simular reintento de ingesta sin idempotencia
TB_MOV_FINANCIEROS,MOV00479950,DUPLICADO_EXACTO,Fila duplicada exacta (misma PK) para simular reintento de ingesta sin idempotencia
TB_MOV_FINANCIEROS,MOV00245577,DUPLICADO_EXACTO,Fila duplicada exacta (misma PK) para simular reintento de ingesta sin idempotencia
TB_MOV_FINANCIEROS,MOV00088436,DUPLICADO_EXACTO,Fila duplicada exacta (misma PK) para simular reintento de ingesta sin idempotencia
TB_MOV_FINANCIEROS,MOV00467191,DUPLICADO_EXACTO,Fila duplicada exacta (misma PK) para simular reintento de ingesta sin idempotencia
TB_MOV_FINANCIEROS,MOV00181083,DUPLICADO_EXACTO,Fila duplicada exacta (misma PK) para simular reintento de ingesta sin idempotencia
TB_MOV_FINANCIEROS,MOV00414578,DUPLICADO_EXACTO,Fila duplicada exacta (misma PK) para simular reintento de ingesta sin idempotencia
TB_MOV_FINANCIEROS,MOV00307092,DUPLICADO_EXACTO,Fila duplicada exacta (misma PK) para simular reintento de ingesta sin idempotencia
TB_MOV_FINANCIEROS,MOV00166333,DUPLICADO_EXACTO,Fila duplicada exacta (misma PK) para simular reintento de ingesta sin idempotencia
TB_MOV_FINANCIEROS,MOV00191784,DUPLICADO_EXACTO,Fila duplicada exacta (misma PK) para simular reintento de ingesta sin idempotencia
TB_MOV_FINANCIEROS,MOV00087410,DUPLICADO_EXACTO,Fila duplicada exacta (misma PK) para simular reintento de ingesta sin idempotencia
TB_MOV_FINANCIEROS,MOV00118152,DUPLICADO_EXACTO,Fila duplicada exacta (misma PK) para simular reintento de ingesta sin idempotencia
TB_MOV_FINANCIEROS,MOV00469861,DUPLICADO_EXACTO,Fila duplicada exacta (misma PK) para simular reintento de ingesta sin idempotencia
TB_MOV_FINANCIEROS,MOV00423275,DUPLICADO_EXACTO,Fila duplicada exacta (misma PK) para simular reintento de ingesta sin idempotencia
TB_MOV_FINANCIEROS,MOV00162773,DUPLICADO_EXACTO,Fila duplicada exacta (misma PK) para simular reintento de ingesta sin idempotencia
TB_MOV_FINANCIEROS,MOV00357722,DUPLICADO_EXACTO,Fila duplicada exacta (misma PK) para simular reintento de ingesta sin idempotencia
TB_MOV_FINANCIEROS,MOV00003905,DUPLICADO_EXACTO,Fila duplicada exacta (misma PK) para simular reintento de ingesta sin idempotencia
TB_MOV_FINANCIEROS,MOV00285885,DUPLICADO_EXACTO,Fila duplicada exacta (misma PK) para simular reintento de ingesta sin idempotencia
TB_MOV_FINANCIEROS,MOV00035116,DUPLICADO_EXACTO,Fila duplicada exacta (misma PK) para simular reintento de ingesta sin idempotencia
TB_MOV_FINANCIEROS,MOV00262804,DUPLICADO_EXACTO,Fila duplicada exacta (misma PK) para simular reintento de ingesta sin idempotencia
TB_MOV_FINANCIEROS,MOV00243823,DUPLICADO_EXACTO,Fila duplicada exacta (misma PK) para simular reintento de ingesta sin idempotencia
TB_MOV_FINANCIEROS,MOV00352659,DUPLICADO_EXACTO,Fila duplicada exacta (misma PK) para simular reintento de ingesta sin idempotencia
TB_MOV_FINANCIEROS,MOV00222253,DUPLICADO_EXACTO,Fila duplicada exacta (misma PK) para simular reintento de ingesta sin idempotencia
TB_MOV_FINANCIEROS,MOV00048175,DUPLICADO_EXACTO,Fila duplicada exacta (misma PK) para simular reintento de ingesta sin idempotencia
TB_MOV_FINANCIEROS,MOV00270094,DUPLICADO_EXACTO,Fila duplicada exacta (misma PK) para simular reintento de ingesta sin idempotencia
TB_MOV_FINANCIEROS,MOV00284299,DUPLICADO_EXACTO,Fila duplicada exacta (misma PK) para simular reintento de ingesta sin idempotencia
TB_MOV_FINANCIEROS,MOV00143309,DUPLICADO_EXACTO,Fila duplicada exacta (misma PK) para simular reintento de ingesta sin idempotencia
TB_MOV_FINANCIEROS,MOV00451262,DUPLICADO_EXACTO,Fila duplicada exacta (misma PK) para simular reintento de ingesta sin idempotencia
TB_MOV_FINANCIEROS,MOV00012696,DUPLICADO_EXACTO,Fila duplicada exacta (misma PK) para simular reintento de ingesta sin idempotencia
TB_MOV_FINANCIEROS,MOV00460098,DUPLICADO_EXACTO,Fila duplicada exacta (misma PK) para simular reintento de ingesta sin idempotencia
TB_MOV_FINANCIEROS,MOV00102031,DUPLICADO_EXACTO,Fila duplicada exacta (misma PK) para simular reintento de ingesta sin idempotencia
TB_MOV_FINANCIEROS,MOV00216218,DUPLICADO_EXACTO,Fila duplicada exacta (misma PK) para simular reintento de ingesta sin idempotencia
TB_MOV_FINANCIEROS,MOV00404960,DUPLICADO_EXACTO,Fila duplicada exacta (misma PK) para simular reintento de ingesta sin idempotencia
TB_MOV_FINANCIEROS,MOV00037987,DUPLICADO_EXACTO,Fila duplicada exacta (misma PK) para simular reintento de ingesta sin idempotencia
TB_MOV_FINANCIEROS,MOV00160127,DUPLICADO_EXACTO,Fila duplicada exacta (misma PK) para simular reintento de ingesta sin idempotencia
TB_MOV_FINANCIEROS,MOV00404824,DUPLICADO_EXACTO,Fila duplicada exacta (misma PK) para simular reintento de ingesta sin idempotencia
TB_MOV_FINANCIEROS,MOV00213246,DUPLICADO_EXACTO,Fila duplicada exacta (misma PK) para simular reintento de ingesta sin idempotencia
TB_MOV_FINANCIEROS,MOV00479256,DUPLICADO_EXACTO,Fila duplicada exacta (misma PK) para simular reintento de ingesta sin idempotencia
TB_MOV_FINANCIEROS,MOV00311043,DUPLICADO_EXACTO,Fila duplicada exacta (misma PK) para simular reintento de ingesta sin idempotencia
TB_MOV_FINANCIEROS,MOV00492918,DUPLICADO_EXACTO,Fila duplicada exacta (misma PK) para simular reintento de ingesta sin idempotencia
TB_MOV_FINANCIEROS,MOV00378297,DUPLICADO_EXACTO,Fila duplicada exacta (misma PK) para simular reintento de ingesta sin idempotencia
TB_MOV_FINANCIEROS,MOV00102510,DUPLICADO_EXACTO,Fila duplicada exacta (misma PK) para simular reintento de ingesta sin idempotencia
TB_MOV_FINANCIEROS,MOV00418673,DUPLICADO_EXACTO,Fila duplicada exacta (misma PK) para simular reintento de ingesta sin idempotencia
TB_MOV_FINANCIEROS,MOV00376727,DUPLICADO_EXACTO,Fila duplicada exacta (misma PK) para simular reintento de ingesta sin idempotencia
TB_MOV_FINANCIEROS,MOV00319828,DUPLICADO_EXACTO,Fila duplicada exacta (misma PK) para simular reintento de ingesta sin idempotencia
TB_MOV_FINANCIEROS,MOV00247259,DUPLICADO_EXACTO,Fila duplicada exacta (misma PK) para simular reintento de ingesta sin idempotencia
TB_MOV_FINANCIEROS,MOV00359688,DUPLICADO_EXACTO,Fila duplicada exacta (misma PK) para simular reintento de ingesta sin idempotencia
TB_MOV_FINANCIEROS,MOV00083706,DUPLICADO_EXACTO,Fila duplicada exacta (misma PK) para simular reintento de ingesta sin idempotencia
TB_MOV_FINANCIEROS,MOV00482348,DUPLICADO_EXACTO,Fila duplicada exacta (misma PK) para simular reintento de ingesta sin idempotencia
TB_MOV_FINANCIEROS,MOV00135694,DUPLICADO_EXACTO,Fila duplicada exacta (misma PK) para simular reintento de ingesta sin idempotencia
TB_MOV_FINANCIEROS,MOV00426985,DUPLICADO_EXACTO,Fila duplicada exacta (misma PK) para simular reintento de ingesta sin idempotencia
TB_MOV_FINANCIEROS,MOV00381239,DUPLICADO_EXACTO,Fila duplicada exacta (misma PK) para simular reintento de ingesta sin idempotencia
TB_MOV_FINANCIEROS,MOV00145970,DUPLICADO_EXACTO,Fila duplicada exacta (misma PK) para simular reintento de ingesta sin idempotencia
TB_MOV_FINANCIEROS,MOV00478045,DUPLICADO_EXACTO,Fila duplicada exacta (misma PK) para simular reintento de ingesta sin idempotencia
TB_MOV_FINANCIEROS,MOV00098012,DUPLICADO_EXACTO,Fila duplicada exacta (misma PK) para simular reintento de ingesta sin idempotencia
TB_MOV_FINANCIEROS,MOV00429404,DUPLICADO_EXACTO,Fila duplicada exacta (misma PK) para simular reintento de ingesta sin idempotencia
TB_MOV_FINANCIEROS,MOV00002589,DUPLICADO_EXACTO,Fila duplicada exacta (misma PK) para simular reintento de ingesta sin idempotencia
TB_MOV_FINANCIEROS,MOV00187285,DUPLICADO_EXACTO,Fila duplicada exacta (misma PK) para simular reintento de ingesta sin idempotencia
TB_MOV_FINANCIEROS,MOV00212401,DUPLICADO_EXACTO,Fila duplicada exacta (misma PK) para simular reintento de ingesta sin idempotencia
TB_MOV_FINANCIEROS,MOV00433835,DUPLICADO_EXACTO,Fila duplicada exacta (misma PK) para simular reintento de ingesta sin idempotencia
TB_MOV_FINANCIEROS,MOV00071369,DUPLICADO_EXACTO,Fila duplicada exacta (misma PK) para simular reintento de ingesta sin idempotencia
TB_MOV_FINANCIEROS,MOV00385267,DUPLICADO_EXACTO,Fila duplicada exacta (misma PK) para simular reintento de ingesta sin idempotencia
TB_MOV_FINANCIEROS,MOV00118255,DUPLICADO_EXACTO,Fila duplicada exacta (misma PK) para simular reintento de ingesta sin idempotencia
TB_MOV_FINANCIEROS,MOV00343624,DUPLICADO_EXACTO,Fila duplicada exacta (misma PK) para simular reintento de ingesta sin idempotencia
TB_MOV_FINANCIEROS,MOV00309354,DUPLICADO_EXACTO,Fila duplicada exacta (misma PK) para simular reintento de ingesta sin idempotencia
TB_MOV_FINANCIEROS,MOV00218214,DUPLICADO_EXACTO,Fila duplicada exacta (misma PK) para simular reintento de ingesta sin idempotencia
TB_MOV_FINANCIEROS,MOV00438564,DUPLICADO_EXACTO,Fila duplicada exacta (misma PK) para simular reintento de ingesta sin idempotencia
TB_MOV_FINANCIEROS,MOV00085067,DUPLICADO_EXACTO,Fila duplicada exacta (misma PK) para simular reintento de ingesta sin idempotencia
TB_MOV_FINANCIEROS,MOV00000422,DUPLICADO_EXACTO,Fila duplicada exacta (misma PK) para simular reintento de ingesta sin idempotencia
TB_MOV_FINANCIEROS,MOV00041376,DUPLICADO_EXACTO,Fila duplicada exacta (misma PK) para simular reintento de ingesta sin idempotencia
TB_MOV_FINANCIEROS,MOV00036472,DUPLICADO_EXACTO,Fila duplicada exacta (misma PK) para simular reintento de ingesta sin idempotencia
TB_MOV_FINANCIEROS,MOV00389187,DUPLICADO_EXACTO,Fila duplicada exacta (misma PK) para simular reintento de ingesta sin idempotencia
TB_MOV_FINANCIEROS,MOV00259832,DUPLICADO_EXACTO,Fila duplicada exacta (misma PK) para simular reintento de ingesta sin idempotencia
TB_MOV_FINANCIEROS,MOV00165678,DUPLICADO_EXACTO,Fila duplicada exacta (misma PK) para simular reintento de ingesta sin idempotencia
TB_MOV_FINANCIEROS,MOV00043303,DUPLICADO_EXACTO,Fila duplicada exacta (misma PK) para simular reintento de ingesta sin idempotencia
TB_MOV_FINANCIEROS,MOV00129585,DUPLICADO_EXACTO,Fila duplicada exacta (misma PK) para simular reintento de ingesta sin idempotencia
TB_MOV_FINANCIEROS,MOV00161151,DUPLICADO_EXACTO,Fila duplicada exacta (misma PK) para simular reintento de ingesta sin idempotencia
TB_MOV_FINANCIEROS,MOV00289701,DUPLICADO_EXACTO,Fila duplicada exacta (misma PK) para simular reintento de ingesta sin idempotencia
TB_MOV_FINANCIEROS,MOV00209475,DUPLICADO_EXACTO,Fila duplicada exacta (misma PK) para simular reintento de ingesta sin idempotencia
TB_MOV_FINANCIEROS,MOV00411148,DUPLICADO_EXACTO,Fila duplicada exacta (misma PK) para simular reintento de ingesta sin idempotencia
TB_MOV_FINANCIEROS,MOV00297981,DUPLICADO_EXACTO,Fila duplicada exacta (misma PK) para simular reintento de ingesta sin idempotencia
TB_MOV_FINANCIEROS,MOV00376515,DUPLICADO_EXACTO,Fila duplicada exacta (misma PK) para simular reintento de ingesta sin idempotencia
TB_MOV_FINANCIEROS,MOV00000944,DUPLICADO_EXACTO,Fila duplicada exacta (misma PK) para simular reintento de ingesta sin idempotencia
TB_MOV_FINANCIEROS,MOV00448568,DUPLICADO_EXACTO,Fila duplicada exacta (misma PK) para simular reintento de ingesta sin idempotencia
TB_MOV_FINANCIEROS,MOV00477534,DUPLICADO_EXACTO,Fila duplicada exacta (misma PK) para simular reintento de ingesta sin idempotencia
TB_MOV_FINANCIEROS,MOV00247577,DUPLICADO_EXACTO,Fila duplicada exacta (misma PK) para simular reintento de ingesta sin idempotencia
TB_MOV_FINANCIEROS,MOV00430753,DUPLICADO_EXACTO,Fila duplicada exacta (misma PK) para simular reintento de ingesta sin idempotencia
TB_MOV_FINANCIEROS,MOV00195094,DUPLICADO_EXACTO,Fila duplicada exacta (misma PK) para simular reintento de ingesta sin idempotencia
TB_MOV_FINANCIEROS,MOV00072543,DUPLICADO_EXACTO,Fila duplicada exacta (misma PK) para simular reintento de ingesta sin idempotencia
TB_MOV_FINANCIEROS,MOV00487630,DUPLICADO_EXACTO,Fila duplicada exacta (misma PK) para simular reintento de ingesta sin idempotencia
TB_MOV_FINANCIEROS,MOV00442537,DUPLICADO_EXACTO,Fila duplicada exacta (misma PK) para simular reintento de ingesta sin idempotencia
TB_MOV_FINANCIEROS,MOV00254700,DUPLICADO_EXACTO,Fila duplicada exacta (misma PK) para simular reintento de ingesta sin idempotencia
TB_MOV_FINANCIEROS,MOV00371213,DUPLICADO_EXACTO,Fila duplicada exacta (misma PK) para simular reintento de ingesta sin idempotencia
TB_MOV_FINANCIEROS,MOV00132642,DUPLICADO_EXACTO,Fila duplicada exacta (misma PK) para simular reintento de ingesta sin idempotencia
TB_MOV_FINANCIEROS,MOV00223342,DUPLICADO_EXACTO,Fila duplicada exacta (misma PK) para simular reintento de ingesta sin idempotencia
TB_MOV_FINANCIEROS,MOV00093234,DUPLICADO_EXACTO,Fila duplicada exacta (misma PK) para simular reintento de ingesta sin idempotencia
TB_MOV_FINANCIEROS,MOV00251791,DUPLICADO_EXACTO,Fila duplicada exacta (misma PK) para simular reintento de ingesta sin idempotencia
TB_MOV_FINANCIEROS,MOV00150134,DUPLICADO_EXACTO,Fila duplicada exacta (misma PK) para simular reintento de ingesta sin idempotencia
TB_MOV_FINANCIEROS,MOV00357639,DUPLICADO_EXACTO,Fila duplicada exacta (misma PK) para simular reintento de ingesta sin idempotencia
TB_MOV_FINANCIEROS,MOV00424091,DUPLICADO_EXACTO,Fila duplicada exacta (misma PK) para simular reintento de ingesta sin idempotencia
TB_MOV_FINANCIEROS,MOV00187201,DUPLICADO_EXACTO,Fila duplicada exacta (misma PK) para simular reintento de ingesta sin idempotencia
TB_MOV_FINANCIEROS,MOV00169485,DUPLICADO_EXACTO,Fila duplicada exacta (misma PK) para simular reintento de ingesta sin idempotencia
TB_MOV_FINANCIEROS,MOV00172954,DUPLICADO_EXACTO,Fila duplicada exacta (misma PK) para simular reintento de ingesta sin idempotencia
TB_MOV_FINANCIEROS,MOV00050257,DUPLICADO_EXACTO,Fila duplicada exacta (misma PK) para simular reintento de ingesta sin idempotencia
TB_MOV_FINANCIEROS,MOV00350132,DUPLICADO_EXACTO,Fila duplicada exacta (misma PK) para simular reintento de ingesta sin idempotencia
TB_MOV_FINANCIEROS,MOV00246901,DUPLICADO_EXACTO,Fila duplicada exacta (misma PK) para simular reintento de ingesta sin idempotencia
TB_MOV_FINANCIEROS,MOV00145302,DUPLICADO_EXACTO,Fila duplicada exacta (misma PK) para simular reintento de ingesta sin idempotencia
TB_MOV_FINANCIEROS,MOV00182801,DUPLICADO_EXACTO,Fila duplicada exacta (misma PK) para simular reintento de ingesta sin idempotencia
TB_MOV_FINANCIEROS,MOV00259958,DUPLICADO_EXACTO,Fila duplicada exacta (misma PK) para simular reintento de ingesta sin idempotencia
TB_MOV_FINANCIEROS,MOV00113438,DUPLICADO_EXACTO,Fila duplicada exacta (misma PK) para simular reintento de ingesta sin idempotencia
TB_MOV_FINANCIEROS,MOV00445712,DUPLICADO_EXACTO,Fila duplicada exacta (misma PK) para simular reintento de ingesta sin idempotencia
TB_MOV_FINANCIEROS,MOV00062600,DUPLICADO_EXACTO,Fila duplicada exacta (misma PK) para simular reintento de ingesta sin idempotencia
TB_MOV_FINANCIEROS,MOV00499706,DUPLICADO_EXACTO,Fila duplicada exacta (misma PK) para simular reintento de ingesta sin idempotencia
TB_MOV_FINANCIEROS,MOV00364359,DUPLICADO_EXACTO,Fila duplicada exacta (misma PK) para simular reintento de ingesta sin idempotencia
TB_MOV_FINANCIEROS,MOV00204428,DUPLICADO_EXACTO,Fila duplicada exacta (misma PK) para simular reintento de ingesta sin idempotencia
TB_MOV_FINANCIEROS,MOV00213858,DUPLICADO_EXACTO,Fila duplicada exacta (misma PK) para simular reintento de ingesta sin idempotencia
TB_MOV_FINANCIEROS,MOV00271226,DUPLICADO_EXACTO,Fila duplicada exacta (misma PK) para simular reintento de ingesta sin idempotencia
TB_MOV_FINANCIEROS,MOV00187014,DUPLICADO_EXACTO,Fila duplicada exacta (misma PK) para simular reintento de ingesta sin idempotencia
TB_MOV_FINANCIEROS,MOV00089277,DUPLICADO_EXACTO,Fila duplicada exacta (misma PK) para simular reintento de ingesta sin idempotencia
TB_MOV_FINANCIEROS,MOV00169275,DUPLICADO_EXACTO,Fila duplicada exacta (misma PK) para simular reintento de ingesta sin idempotencia
TB_MOV_FINANCIEROS,MOV00054249,DUPLICADO_EXACTO,Fila duplicada exacta (misma PK) para simular reintento de ingesta sin idempotencia
TB_MOV_FINANCIEROS,MOV00362271,DUPLICADO_EXACTO,Fila duplicada exacta (misma PK) para simular reintento de ingesta sin idempotencia
TB_MOV_FINANCIEROS,MOV00046500,DUPLICADO_EXACTO,Fila duplicada exacta (misma PK) para simular reintento de ingesta sin idempotencia
TB_MOV_FINANCIEROS,MOV00403046,DUPLICADO_EXACTO,Fila duplicada exacta (misma PK) para simular reintento de ingesta sin idempotencia
TB_MOV_FINANCIEROS,MOV00108383,DUPLICADO_EXACTO,Fila duplicada exacta (misma PK) para simular reintento de ingesta sin idempotencia
TB_MOV_FINANCIEROS,MOV00307603,DUPLICADO_EXACTO,Fila duplicada exacta (misma PK) para simular reintento de ingesta sin idempotencia
TB_MOV_FINANCIEROS,MOV00192361,DUPLICADO_EXACTO,Fila duplicada exacta (misma PK) para simular reintento de ingesta sin idempotencia
TB_MOV_FINANCIEROS,MOV00371556,DUPLICADO_EXACTO,Fila duplicada exacta (misma PK) para simular reintento de ingesta sin idempotencia
TB_MOV_FINANCIEROS,MOV00479628,DUPLICADO_EXACTO,Fila duplicada exacta (misma PK) para simular reintento de ingesta sin idempotencia
TB_MOV_FINANCIEROS,MOV00284401,DUPLICADO_EXACTO,Fila duplicada exacta (misma PK) para simular reintento de ingesta sin idempotencia
TB_MOV_FINANCIEROS,MOV00475186,DUPLICADO_EXACTO,Fila duplicada exacta (misma PK) para simular reintento de ingesta sin idempotencia
TB_MOV_FINANCIEROS,MOV00094443,DUPLICADO_EXACTO,Fila duplicada exacta (misma PK) para simular reintento de ingesta sin idempotencia
TB_MOV_FINANCIEROS,MOV00205149,DUPLICADO_EXACTO,Fila duplicada exacta (misma PK) para simular reintento de ingesta sin idempotencia
TB_MOV_FINANCIEROS,MOV00073722,DUPLICADO_EXACTO,Fila duplicada exacta (misma PK) para simular reintento de ingesta sin idempotencia
TB_MOV_FINANCIEROS,MOV00204633,DUPLICADO_EXACTO,Fila duplicada exacta (misma PK) para simular reintento de ingesta sin idempotencia
TB_MOV_FINANCIEROS,MOV00260121,DUPLICADO_EXACTO,Fila duplicada exacta (misma PK) para simular reintento de ingesta sin idempotencia
TB_MOV_FINANCIEROS,MOV00026058,DUPLICADO_EXACTO,Fila duplicada exacta (misma PK) para simular reintento de ingesta sin idempotencia
TB_MOV_FINANCIEROS,MOV00136349,DUPLICADO_EXACTO,Fila duplicada exacta (misma PK) para simular reintento de ingesta sin idempotencia
TB_MOV_FINANCIEROS,MOV00431570,DUPLICADO_EXACTO,Fila duplicada exacta (misma PK) para simular reintento de ingesta sin idempotencia
TB_MOV_FINANCIEROS,MOV00017147,DUPLICADO_EXACTO,Fila duplicada exacta (misma PK) para simular reintento de ingesta sin idempotencia
TB_MOV_FINANCIEROS,MOV00391220,DUPLICADO_EXACTO,Fila duplicada exacta (misma PK) para simular reintento de ingesta sin idempotencia
TB_MOV_FINANCIEROS,MOV00270205,DUPLICADO_EXACTO,Fila duplicada exacta (misma PK) para simular reintento de ingesta sin idempotencia
TB_MOV_FINANCIEROS,MOV00030421,DUPLICADO_EXACTO,Fila duplicada exacta (misma PK) para simular reintento de ingesta sin idempotencia
TB_MOV_FINANCIEROS,MOV00127227,DUPLICADO_EXACTO,Fila duplicada exacta (misma PK) para simular reintento de ingesta sin idempotencia
TB_MOV_FINANCIEROS,MOV00114925,DUPLICADO_EXACTO,Fila duplicada exacta (misma PK) para simular reintento de ingesta sin idempotencia
TB_MOV_FINANCIEROS,MOV00187101,DUPLICADO_EXACTO,Fila duplicada exacta (misma PK) para simular reintento de ingesta sin idempotencia
TB_MOV_FINANCIEROS,MOV00029419,DUPLICADO_EXACTO,Fila duplicada exacta (misma PK) para simular reintento de ingesta sin idempotencia
TB_MOV_FINANCIEROS,MOV00142468,DUPLICADO_EXACTO,Fila duplicada exacta (misma PK) para simular reintento de ingesta sin idempotencia
TB_MOV_FINANCIEROS,MOV00136275,DUPLICADO_EXACTO,Fila duplicada exacta (misma PK) para simular reintento de ingesta sin idempotencia
TB_MOV_FINANCIEROS,MOV00451794,DUPLICADO_EXACTO,Fila duplicada exacta (misma PK) para simular reintento de ingesta sin idempotencia
TB_MOV_FINANCIEROS,MOV00435720,DUPLICADO_EXACTO,Fila duplicada exacta (misma PK) para simular reintento de ingesta sin idempotencia
TB_MOV_FINANCIEROS,MOV00084277,DUPLICADO_EXACTO,Fila duplicada exacta (misma PK) para simular reintento de ingesta sin idempotencia
TB_MOV_FINANCIEROS,MOV00007097,DUPLICADO_EXACTO,Fila duplicada exacta (misma PK) para simular reintento de ingesta sin idempotencia
TB_MOV_FINANCIEROS,MOV00477932,DUPLICADO_EXACTO,Fila duplicada exacta (misma PK) para simular reintento de ingesta sin idempotencia
TB_MOV_FINANCIEROS,MOV00422402,DUPLICADO_EXACTO,Fila duplicada exacta (misma PK) para simular reintento de ingesta sin idempotencia
TB_MOV_FINANCIEROS,MOV00244566,DUPLICADO_EXACTO,Fila duplicada exacta (misma PK) para simular reintento de ingesta sin idempotencia
TB_MOV_FINANCIEROS,MOV00394214,DUPLICADO_EXACTO,Fila duplicada exacta (misma PK) para simular reintento de ingesta sin idempotencia
TB_MOV_FINANCIEROS,MOV00325032,DUPLICADO_EXACTO,Fila duplicada exacta (misma PK) para simular reintento de ingesta sin idempotencia
TB_MOV_FINANCIEROS,MOV00438575,DUPLICADO_EXACTO,Fila duplicada exacta (misma PK) para simular reintento de ingesta sin idempotencia
TB_MOV_FINANCIEROS,MOV00105320,DUPLICADO_EXACTO,Fila duplicada exacta (misma PK) para simular reintento de ingesta sin idempotencia
TB_MOV_FINANCIEROS,MOV00126466,DUPLICADO_EXACTO,Fila duplicada exacta (misma PK) para simular reintento de ingesta sin idempotencia
TB_MOV_FINANCIEROS,MOV00150739,DUPLICADO_EXACTO,Fila duplicada exacta (misma PK) para simular reintento de ingesta sin idempotencia
TB_MOV_FINANCIEROS,MOV00315244,DUPLICADO_EXACTO,Fila duplicada exacta (misma PK) para simular reintento de ingesta sin idempotencia
TB_MOV_FINANCIEROS,MOV00149865,DUPLICADO_EXACTO,Fila duplicada exacta (misma PK) para simular reintento de ingesta sin idempotencia
TB_MOV_FINANCIEROS,MOV00041245,DUPLICADO_EXACTO,Fila duplicada exacta (misma PK) para simular reintento de ingesta sin idempotencia
TB_MOV_FINANCIEROS,MOV00495690,DUPLICADO_EXACTO,Fila duplicada exacta (misma PK) para simular reintento de ingesta sin idempotencia
TB_MOV_FINANCIEROS,MOV00320835,DUPLICADO_EXACTO,Fila duplicada exacta (misma PK) para simular reintento de ingesta sin idempotencia
TB_MOV_FINANCIEROS,MOV00389802,DUPLICADO_EXACTO,Fila duplicada exacta (misma PK) para simular reintento de ingesta sin idempotencia
TB_MOV_FINANCIEROS,MOV00319298,DUPLICADO_EXACTO,Fila duplicada exacta (misma PK) para simular reintento de ingesta sin idempotencia
TB_MOV_FINANCIEROS,MOV00062742,DUPLICADO_EXACTO,Fila duplicada exacta (misma PK) para simular reintento de ingesta sin idempotencia
TB_MOV_FINANCIEROS,MOV00108480,DUPLICADO_EXACTO,Fila duplicada exacta (misma PK) para simular reintento de ingesta sin idempotencia
TB_MOV_FINANCIEROS,MOV00165639,DUPLICADO_EXACTO,Fila duplicada exacta (misma PK) para simular reintento de ingesta sin idempotencia
TB_MOV_FINANCIEROS,MOV00354879,DUPLICADO_EXACTO,Fila duplicada exacta (misma PK) para simular reintento de ingesta sin idempotencia
TB_MOV_FINANCIEROS,MOV00298921,DUPLICADO_EXACTO,Fila duplicada exacta (misma PK) para simular reintento de ingesta sin idempotencia
TB_MOV_FINANCIEROS,MOV00455730,DUPLICADO_EXACTO,Fila duplicada exacta (misma PK) para simular reintento de ingesta sin idempotencia
TB_MOV_FINANCIEROS,MOV00081210,DUPLICADO_EXACTO,Fila duplicada exacta (misma PK) para simular reintento de ingesta sin idempotencia
TB_MOV_FINANCIEROS,MOV00453272,DUPLICADO_EXACTO,Fila duplicada exacta (misma PK) para simular reintento de ingesta sin idempotencia
TB_MOV_FINANCIEROS,MOV00326238,DUPLICADO_EXACTO,Fila duplicada exacta (misma PK) para simular reintento de ingesta sin idempotencia
TB_MOV_FINANCIEROS,MOV00111607,DUPLICADO_EXACTO,Fila duplicada exacta (misma PK) para simular reintento de ingesta sin idempotencia
TB_MOV_FINANCIEROS,MOV00205933,DUPLICADO_EXACTO,Fila duplicada exacta (misma PK) para simular reintento de ingesta sin idempotencia
TB_MOV_FINANCIEROS,MOV00276747,DUPLICADO_EXACTO,Fila duplicada exacta (misma PK) para simular reintento de ingesta sin idempotencia
TB_MOV_FINANCIEROS,MOV00047926,DUPLICADO_EXACTO,Fila duplicada exacta (misma PK) para simular reintento de ingesta sin idempotencia
TB_MOV_FINANCIEROS,MOV00077571,DUPLICADO_EXACTO,Fila duplicada exacta (misma PK) para simular reintento de ingesta sin idempotencia
TB_MOV_FINANCIEROS,MOV00171634,DUPLICADO_EXACTO,Fila duplicada exacta (misma PK) para simular reintento de ingesta sin idempotencia
TB_MOV_FINANCIEROS,MOV00220140,DUPLICADO_EXACTO,Fila duplicada exacta (misma PK) para simular reintento de ingesta sin idempotencia
TB_MOV_FINANCIEROS,MOV00324966,DUPLICADO_EXACTO,Fila duplicada exacta (misma PK) para simular reintento de ingesta sin idempotencia
TB_MOV_FINANCIEROS,MOV00143201,DUPLICADO_EXACTO,Fila duplicada exacta (misma PK) para simular reintento de ingesta sin idempotencia
TB_MOV_FINANCIEROS,MOV00148559,DUPLICADO_EXACTO,Fila duplicada exacta (misma PK) para simular reintento de ingesta sin idempotencia
TB_MOV_FINANCIEROS,MOV00221826,DUPLICADO_EXACTO,Fila duplicada exacta (misma PK) para simular reintento de ingesta sin idempotencia
TB_MOV_FINANCIEROS,MOV00106236,DUPLICADO_EXACTO,Fila duplicada exacta (misma PK) para simular reintento de ingesta sin idempotencia
TB_MOV_FINANCIEROS,MOV00108966,DUPLICADO_EXACTO,Fila duplicada exacta (misma PK) para simular reintento de ingesta sin idempotencia
TB_MOV_FINANCIEROS,MOV00345223,DUPLICADO_EXACTO,Fila duplicada exacta (misma PK) para simular reintento de ingesta sin idempotencia
TB_MOV_FINANCIEROS,MOV00179514,DUPLICADO_EXACTO,Fila duplicada exacta (misma PK) para simular reintento de ingesta sin idempotencia
TB_MOV_FINANCIEROS,MOV00468420,DUPLICADO_EXACTO,Fila duplicada exacta (misma PK) para simular reintento de ingesta sin idempotencia
TB_MOV_FINANCIEROS,MOV00457728,DUPLICADO_EXACTO,Fila duplicada exacta (misma PK) para simular reintento de ingesta sin idempotencia
TB_MOV_FINANCIEROS,MOV00226891,DUPLICADO_EXACTO,Fila duplicada exacta (misma PK) para simular reintento de ingesta sin idempotencia
TB_MOV_FINANCIEROS,MOV00069557,DUPLICADO_EXACTO,Fila duplicada exacta (misma PK) para simular reintento de ingesta sin idempotencia
TB_MOV_FINANCIEROS,MOV00300452,DUPLICADO_EXACTO,Fila duplicada exacta (misma PK) para simular reintento de ingesta sin idempotencia
TB_MOV_FINANCIEROS,MOV00287330,DUPLICADO_EXACTO,Fila duplicada exacta (misma PK) para simular reintento de ingesta sin idempotencia
TB_MOV_FINANCIEROS,MOV00334098,DUPLICADO_EXACTO,Fila duplicada exacta (misma PK) para simular reintento de ingesta sin idempotencia
TB_MOV_FINANCIEROS,MOV00432830,DUPLICADO_EXACTO,Fila duplicada exacta (misma PK) para simular reintento de ingesta sin idempotencia
TB_MOV_FINANCIEROS,MOV00374344,DUPLICADO_EXACTO,Fila duplicada exacta (misma PK) para simular reintento de ingesta sin idempotencia
TB_MOV_FINANCIEROS,MOV00476101,DUPLICADO_EXACTO,Fila duplicada exacta (misma PK) para simular reintento de ingesta sin idempotencia
TB_MOV_FINANCIEROS,MOV00245724,DUPLICADO_EXACTO,Fila duplicada exacta (misma PK) para simular reintento de ingesta sin idempotencia
TB_MOV_FINANCIEROS,MOV00439784,DUPLICADO_EXACTO,Fila duplicada exacta (misma PK) para simular reintento de ingesta sin idempotencia
TB_MOV_FINANCIEROS,MOV00136963,DUPLICADO_EXACTO,Fila duplicada exacta (misma PK) para simular reintento de ingesta sin idempotencia
TB_MOV_FINANCIEROS,MOV00388614,DUPLICADO_EXACTO,Fila duplicada exacta (misma PK) para simular reintento de ingesta sin idempotencia
TB_MOV_FINANCIEROS,MOV00367218,DUPLICADO_EXACTO,Fila duplicada exacta (misma PK) para simular reintento de ingesta sin idempotencia
TB_MOV_FINANCIEROS,MOV00261411,DUPLICADO_EXACTO,Fila duplicada exacta (misma PK) para simular reintento de ingesta sin idempotencia
TB_MOV_FINANCIEROS,MOV00398300,DUPLICADO_EXACTO,Fila duplicada exacta (misma PK) para simular reintento de ingesta sin idempotencia
TB_MOV_FINANCIEROS,MOV00460827,DUPLICADO_EXACTO,Fila duplicada exacta (misma PK) para simular reintento de ingesta sin idempotencia
TB_MOV_FINANCIEROS,MOV00436721,DUPLICADO_EXACTO,Fila duplicada exacta (misma PK) para simular reintento de ingesta sin idempotencia
TB_MOV_FINANCIEROS,MOV00191738,DUPLICADO_EXACTO,Fila duplicada exacta (misma PK) para simular reintento de ingesta sin idempotencia
TB_MOV_FINANCIEROS,MOV00450251,DUPLICADO_EXACTO,Fila duplicada exacta (misma PK) para simular reintento de ingesta sin idempotencia
TB_MOV_FINANCIEROS,MOV00336450,DUPLICADO_EXACTO,Fila duplicada exacta (misma PK) para simular reintento de ingesta sin idempotencia
TB_MOV_FINANCIEROS,MOV00260782,DUPLICADO_EXACTO,Fila duplicada exacta (misma PK) para simular reintento de ingesta sin idempotencia
TB_MOV_FINANCIEROS,MOV00231050,DUPLICADO_EXACTO,Fila duplicada exacta (misma PK) para simular reintento de ingesta sin idempotencia
TB_MOV_FINANCIEROS,MOV00286585,DUPLICADO_EXACTO,Fila duplicada exacta (misma PK) para simular reintento de ingesta sin idempotencia
TB_MOV_FINANCIEROS,MOV00082123,DUPLICADO_EXACTO,Fila duplicada exacta (misma PK) para simular reintento de ingesta sin idempotencia
TB_MOV_FINANCIEROS,MOV00004825,DUPLICADO_EXACTO,Fila duplicada exacta (misma PK) para simular reintento de ingesta sin idempotencia
TB_MOV_FINANCIEROS,MOV00232678,DUPLICADO_EXACTO,Fila duplicada exacta (misma PK) para simular reintento de ingesta sin idempotencia
TB_MOV_FINANCIEROS,MOV00251563,DUPLICADO_EXACTO,Fila duplicada exacta (misma PK) para simular reintento de ingesta sin idempotencia
TB_MOV_FINANCIEROS,MOV00122560,DUPLICADO_EXACTO,Fila duplicada exacta (misma PK) para simular reintento de ingesta sin idempotencia
TB_MOV_FINANCIEROS,MOV00317106,DUPLICADO_EXACTO,Fila duplicada exacta (misma PK) para simular reintento de ingesta sin idempotencia
TB_MOV_FINANCIEROS,MOV00497731,DUPLICADO_EXACTO,Fila duplicada exacta (misma PK) para simular reintento de ingesta sin idempotencia
TB_MOV_FINANCIEROS,MOV00286616,DUPLICADO_EXACTO,Fila duplicada exacta (misma PK) para simular reintento de ingesta sin idempotencia
TB_MOV_FINANCIEROS,MOV00381925,DUPLICADO_EXACTO,Fila duplicada exacta (misma PK) para simular reintento de ingesta sin idempotencia
TB_MOV_FINANCIEROS,MOV00316486,DUPLICADO_EXACTO,Fila duplicada exacta (misma PK) para simular reintento de ingesta sin idempotencia
TB_MOV_FINANCIEROS,MOV00198501,DUPLICADO_EXACTO,Fila duplicada exacta (misma PK) para simular reintento de ingesta sin idempotencia
TB_MOV_FINANCIEROS,MOV00054709,DUPLICADO_EXACTO,Fila duplicada exacta (misma PK) para simular reintento de ingesta sin idempotencia
TB_MOV_FINANCIEROS,MOV00218768,DUPLICADO_EXACTO,Fila duplicada exacta (misma PK) para simular reintento de ingesta sin idempotencia
TB_MOV_FINANCIEROS,MOV00014158,DUPLICADO_EXACTO,Fila duplicada exacta (misma PK) para simular reintento de ingesta sin idempotencia
TB_MOV_FINANCIEROS,MOV00316944,DUPLICADO_EXACTO,Fila duplicada exacta (misma PK) para simular reintento de ingesta sin idempotencia
TB_MOV_FINANCIEROS,MOV00402235,DUPLICADO_EXACTO,Fila duplicada exacta (misma PK) para simular reintento de ingesta sin idempotencia
TB_MOV_FINANCIEROS,MOV00275922,DUPLICADO_EXACTO,Fila duplicada exacta (misma PK) para simular reintento de ingesta sin idempotencia
TB_MOV_FINANCIEROS,MOV00089216,DUPLICADO_EXACTO,Fila duplicada exacta (misma PK) para simular reintento de ingesta sin idempotencia
TB_MOV_FINANCIEROS,MOV00069964,DUPLICADO_EXACTO,Fila duplicada exacta (misma PK) para simular reintento de ingesta sin idempotencia
TB_MOV_FINANCIEROS,MOV00216523,DUPLICADO_EXACTO,Fila duplicada exacta (misma PK) para simular reintento de ingesta sin idempotencia
TB_MOV_FINANCIEROS,MOV00337933,DUPLICADO_EXACTO,Fila duplicada exacta (misma PK) para simular reintento de ingesta sin idempotencia
TB_MOV_FINANCIEROS,MOV00085408,DUPLICADO_EXACTO,Fila duplicada exacta (misma PK) para simular reintento de ingesta sin idempotencia
TB_MOV_FINANCIEROS,MOV00298892,DUPLICADO_EXACTO,Fila duplicada exacta (misma PK) para simular reintento de ingesta sin idempotencia
TB_MOV_FINANCIEROS,MOV00208114,DUPLICADO_EXACTO,Fila duplicada exacta (misma PK) para simular reintento de ingesta sin idempotencia
TB_MOV_FINANCIEROS,MOV00385861,DUPLICADO_EXACTO,Fila duplicada exacta (misma PK) para simular reintento de ingesta sin idempotencia
TB_MOV_FINANCIEROS,MOV00209736,DUPLICADO_EXACTO,Fila duplicada exacta (misma PK) para simular reintento de ingesta sin idempotencia
TB_MOV_FINANCIEROS,MOV00475156,DUPLICADO_EXACTO,Fila duplicada exacta (misma PK) para simular reintento de ingesta sin idempotencia
TB_MOV_FINANCIEROS,MOV00349039,DUPLICADO_EXACTO,Fila duplicada exacta (misma PK) para simular reintento de ingesta sin idempotencia
TB_MOV_FINANCIEROS,MOV00498301,DUPLICADO_EXACTO,Fila duplicada exacta (misma PK) para simular reintento de ingesta sin idempotencia
TB_MOV_FINANCIEROS,MOV00494226,DUPLICADO_EXACTO,Fila duplicada exacta (misma PK) para simular reintento de ingesta sin idempotencia
TB_MOV_FINANCIEROS,MOV00409174,DUPLICADO_EXACTO,Fila duplicada exacta (misma PK) para simular reintento de ingesta sin idempotencia
TB_MOV_FINANCIEROS,MOV00306980,DUPLICADO_EXACTO,Fila duplicada exacta (misma PK) para simular reintento de ingesta sin idempotencia
TB_MOV_FINANCIEROS,MOV00163793,DUPLICADO_EXACTO,Fila duplicada exacta (misma PK) para simular reintento de ingesta sin idempotencia
TB_MOV_FINANCIEROS,MOV00040426,DUPLICADO_EXACTO,Fila duplicada exacta (misma PK) para simular reintento de ingesta sin idempotencia
TB_MOV_FINANCIEROS,MOV00117714,DUPLICADO_EXACTO,Fila duplicada exacta (misma PK) para simular reintento de ingesta sin idempotencia
TB_MOV_FINANCIEROS,MOV00126833,DUPLICADO_EXACTO,Fila duplicada exacta (misma PK) para simular reintento de ingesta sin idempotencia
TB_MOV_FINANCIEROS,MOV00219303,DUPLICADO_EXACTO,Fila duplicada exacta (misma PK) para simular reintento de ingesta sin idempotencia
TB_MOV_FINANCIEROS,MOV00093285,DUPLICADO_EXACTO,Fila duplicada exacta (misma PK) para simular reintento de ingesta sin idempotencia
TB_MOV_FINANCIEROS,MOV00046234,DUPLICADO_EXACTO,Fila duplicada exacta (misma PK) para simular reintento de ingesta sin idempotencia
TB_MOV_FINANCIEROS,MOV00058038,DUPLICADO_EXACTO,Fila duplicada exacta (misma PK) para simular reintento de ingesta sin idempotencia
TB_MOV_FINANCIEROS,MOV00048081,DUPLICADO_EXACTO,Fila duplicada exacta (misma PK) para simular reintento de ingesta sin idempotencia
TB_MOV_FINANCIEROS,MOV00485647,DUPLICADO_EXACTO,Fila duplicada exacta (misma PK) para simular reintento de ingesta sin idempotencia
TB_MOV_FINANCIEROS,MOV00186482,DUPLICADO_EXACTO,Fila duplicada exacta (misma PK) para simular reintento de ingesta sin idempotencia
TB_MOV_FINANCIEROS,MOV00479621,DUPLICADO_EXACTO,Fila duplicada exacta (misma PK) para simular reintento de ingesta sin idempotencia
TB_MOV_FINANCIEROS,MOV00404414,DUPLICADO_EXACTO,Fila duplicada exacta (misma PK) para simular reintento de ingesta sin idempotencia
TB_MOV_FINANCIEROS,MOV00131789,DUPLICADO_EXACTO,Fila duplicada exacta (misma PK) para simular reintento de ingesta sin idempotencia
TB_MOV_FINANCIEROS,MOV00108105,DUPLICADO_EXACTO,Fila duplicada exacta (misma PK) para simular reintento de ingesta sin idempotencia
TB_MOV_FINANCIEROS,MOV00112100,DUPLICADO_EXACTO,Fila duplicada exacta (misma PK) para simular reintento de ingesta sin idempotencia
TB_MOV_FINANCIEROS,MOV00242307,DUPLICADO_EXACTO,Fila duplicada exacta (misma PK) para simular reintento de ingesta sin idempotencia
TB_MOV_FINANCIEROS,MOV00432694,DUPLICADO_EXACTO,Fila duplicada exacta (misma PK) para simular reintento de ingesta sin idempotencia
TB_MOV_FINANCIEROS,MOV00017788,DUPLICADO_EXACTO,Fila duplicada exacta (misma PK) para simular reintento de ingesta sin idempotencia
TB_MOV_FINANCIEROS,MOV00042467,DUPLICADO_EXACTO,Fila duplicada exacta (misma PK) para simular reintento de ingesta sin idempotencia
TB_MOV_FINANCIEROS,MOV00416763,DUPLICADO_EXACTO,Fila duplicada exacta (misma PK) para simular reintento de ingesta sin idempotencia
TB_MOV_FINANCIEROS,MOV00492886,DUPLICADO_EXACTO,Fila duplicada exacta (misma PK) para simular reintento de ingesta sin idempotencia
TB_MOV_FINANCIEROS,MOV00277359,DUPLICADO_EXACTO,Fila duplicada exacta (misma PK) para simular reintento de ingesta sin idempotencia
TB_MOV_FINANCIEROS,MOV00392945,DUPLICADO_EXACTO,Fila duplicada exacta (misma PK) para simular reintento de ingesta sin idempotencia
TB_MOV_FINANCIEROS,MOV00048609,DUPLICADO_EXACTO,Fila duplicada exacta (misma PK) para simular reintento de ingesta sin idempotencia
TB_MOV_FINANCIEROS,MOV00091549,DUPLICADO_EXACTO,Fila duplicada exacta (misma PK) para simular reintento de ingesta sin idempotencia
TB_MOV_FINANCIEROS,MOV00008354,DUPLICADO_EXACTO,Fila duplicada exacta (misma PK) para simular reintento de ingesta sin idempotencia
TB_MOV_FINANCIEROS,MOV00258865,DUPLICADO_EXACTO,Fila duplicada exacta (misma PK) para simular reintento de ingesta sin idempotencia
TB_MOV_FINANCIEROS,MOV00041520,DUPLICADO_EXACTO,Fila duplicada exacta (misma PK) para simular reintento de ingesta sin idempotencia
TB_MOV_FINANCIEROS,MOV00031363,DUPLICADO_EXACTO,Fila duplicada exacta (misma PK) para simular reintento de ingesta sin idempotencia
TB_MOV_FINANCIEROS,MOV00093110,DUPLICADO_EXACTO,Fila duplicada exacta (misma PK) para simular reintento de ingesta sin idempotencia
TB_MOV_FINANCIEROS,MOV00414670,DUPLICADO_EXACTO,Fila duplicada exacta (misma PK) para simular reintento de ingesta sin idempotencia
TB_MOV_FINANCIEROS,MOV00315144,DUPLICADO_EXACTO,Fila duplicada exacta (misma PK) para simular reintento de ingesta sin idempotencia
TB_MOV_FINANCIEROS,MOV00120102,DUPLICADO_EXACTO,Fila duplicada exacta (misma PK) para simular reintento de ingesta sin idempotencia
TB_MOV_FINANCIEROS,MOV00376184,DUPLICADO_EXACTO,Fila duplicada exacta (misma PK) para simular reintento de ingesta sin idempotencia
TB_MOV_FINANCIEROS,MOV00273427,DUPLICADO_EXACTO,Fila duplicada exacta (misma PK) para simular reintento de ingesta sin idempotencia
TB_MOV_FINANCIEROS,MOV00292170,DUPLICADO_EXACTO,Fila duplicada exacta (misma PK) para simular reintento de ingesta sin idempotencia
TB_MOV_FINANCIEROS,MOV00137571,DUPLICADO_EXACTO,Fila duplicada exacta (misma PK) para simular reintento de ingesta sin idempotencia
TB_MOV_FINANCIEROS,MOV00040578,DUPLICADO_EXACTO,Fila duplicada exacta (misma PK) para simular reintento de ingesta sin idempotencia
TB_MOV_FINANCIEROS,MOV00193776,DUPLICADO_EXACTO,Fila duplicada exacta (misma PK) para simular reintento de ingesta sin idempotencia
TB_MOV_FINANCIEROS,MOV00310456,DUPLICADO_EXACTO,Fila duplicada exacta (misma PK) para simular reintento de ingesta sin idempotencia
TB_MOV_FINANCIEROS,MOV00491007,DUPLICADO_EXACTO,Fila duplicada exacta (misma PK) para simular reintento de ingesta sin idempotencia
TB_MOV_FINANCIEROS,MOV00154801,DUPLICADO_EXACTO,Fila duplicada exacta (misma PK) para simular reintento de ingesta sin idempotencia
TB_MOV_FINANCIEROS,MOV00385533,DUPLICADO_EXACTO,Fila duplicada exacta (misma PK) para simular reintento de ingesta sin idempotencia
TB_MOV_FINANCIEROS,MOV00414618,DUPLICADO_EXACTO,Fila duplicada exacta (misma PK) para simular reintento de ingesta sin idempotencia
TB_MOV_FINANCIEROS,MOV00349585,DUPLICADO_EXACTO,Fila duplicada exacta (misma PK) para simular reintento de ingesta sin idempotencia
TB_MOV_FINANCIEROS,MOV00065122,DUPLICADO_EXACTO,Fila duplicada exacta (misma PK) para simular reintento de ingesta sin idempotencia
TB_MOV_FINANCIEROS,MOV00115835,DUPLICADO_EXACTO,Fila duplicada exacta (misma PK) para simular reintento de ingesta sin idempotencia
TB_MOV_FINANCIEROS,MOV00286228,DUPLICADO_EXACTO,Fila duplicada exacta (misma PK) para simular reintento de ingesta sin idempotencia
TB_MOV_FINANCIEROS,MOV00379990,DUPLICADO_EXACTO,Fila duplicada exacta (misma PK) para simular reintento de ingesta sin idempotencia
TB_MOV_FINANCIEROS,MOV00363443,DUPLICADO_EXACTO,Fila duplicada exacta (misma PK) para simular reintento de ingesta sin idempotencia
TB_MOV_FINANCIEROS,MOV00448132,DUPLICADO_EXACTO,Fila duplicada exacta (misma PK) para simular reintento de ingesta sin idempotencia
TB_MOV_FINANCIEROS,MOV00178453,DUPLICADO_EXACTO,Fila duplicada exacta (misma PK) para simular reintento de ingesta sin idempotencia
TB_MOV_FINANCIEROS,MOV00407765,DUPLICADO_EXACTO,Fila duplicada exacta (misma PK) para simular reintento de ingesta sin idempotencia
TB_MOV_FINANCIEROS,MOV00186714,DUPLICADO_EXACTO,Fila duplicada exacta (misma PK) para simular reintento de ingesta sin idempotencia
TB_MOV_FINANCIEROS,MOV00008960,DUPLICADO_EXACTO,Fila duplicada exacta (misma PK) para simular reintento de ingesta sin idempotencia
TB_MOV_FINANCIEROS,MOV00016336,DUPLICADO_EXACTO,Fila duplicada exacta (misma PK) para simular reintento de ingesta sin idempotencia
TB_MOV_FINANCIEROS,MOV00025507,DUPLICADO_EXACTO,Fila duplicada exacta (misma PK) para simular reintento de ingesta sin idempotencia
TB_MOV_FINANCIEROS,MOV00478864,DUPLICADO_EXACTO,Fila duplicada exacta (misma PK) para simular reintento de ingesta sin idempotencia
TB_MOV_FINANCIEROS,MOV00068077,DUPLICADO_EXACTO,Fila duplicada exacta (misma PK) para simular reintento de ingesta sin idempotencia
TB_MOV_FINANCIEROS,MOV00255896,DUPLICADO_EXACTO,Fila duplicada exacta (misma PK) para simular reintento de ingesta sin idempotencia
TB_MOV_FINANCIEROS,MOV00078738,DUPLICADO_EXACTO,Fila duplicada exacta (misma PK) para simular reintento de ingesta sin idempotencia
TB_MOV_FINANCIEROS,MOV00123948,DUPLICADO_EXACTO,Fila duplicada exacta (misma PK) para simular reintento de ingesta sin idempotencia
TB_MOV_FINANCIEROS,MOV00302528,DUPLICADO_EXACTO,Fila duplicada exacta (misma PK) para simular reintento de ingesta sin idempotencia
TB_MOV_FINANCIEROS,MOV00147733,DUPLICADO_EXACTO,Fila duplicada exacta (misma PK) para simular reintento de ingesta sin idempotencia
TB_MOV_FINANCIEROS,MOV00483437,DUPLICADO_EXACTO,Fila duplicada exacta (misma PK) para simular reintento de ingesta sin idempotencia
TB_MOV_FINANCIEROS,MOV00231357,DUPLICADO_EXACTO,Fila duplicada exacta (misma PK) para simular reintento de ingesta sin idempotencia
TB_MOV_FINANCIEROS,MOV00431021,DUPLICADO_EXACTO,Fila duplicada exacta (misma PK) para simular reintento de ingesta sin idempotencia
TB_MOV_FINANCIEROS,MOV00241857,DUPLICADO_EXACTO,Fila duplicada exacta (misma PK) para simular reintento de ingesta sin idempotencia
TB_MOV_FINANCIEROS,MOV00280918,DUPLICADO_EXACTO,Fila duplicada exacta (misma PK) para simular reintento de ingesta sin idempotencia
TB_MOV_FINANCIEROS,MOV00079134,DUPLICADO_EXACTO,Fila duplicada exacta (misma PK) para simular reintento de ingesta sin idempotencia
TB_MOV_FINANCIEROS,MOV00299808,DUPLICADO_EXACTO,Fila duplicada exacta (misma PK) para simular reintento de ingesta sin idempotencia
TB_MOV_FINANCIEROS,MOV00156570,DUPLICADO_EXACTO,Fila duplicada exacta (misma PK) para simular reintento de ingesta sin idempotencia
TB_MOV_FINANCIEROS,MOV00269944,DUPLICADO_EXACTO,Fila duplicada exacta (misma PK) para simular reintento de ingesta sin idempotencia
TB_MOV_FINANCIEROS,MOV00132417,DUPLICADO_EXACTO,Fila duplicada exacta (misma PK) para simular reintento de ingesta sin idempotencia
TB_MOV_FINANCIEROS,MOV00037541,DUPLICADO_EXACTO,Fila duplicada exacta (misma PK) para simular reintento de ingesta sin idempotencia
TB_MOV_FINANCIEROS,MOV00447964,DUPLICADO_EXACTO,Fila duplicada exacta (misma PK) para simular reintento de ingesta sin idempotencia
TB_MOV_FINANCIEROS,MOV00031183,DUPLICADO_EXACTO,Fila duplicada exacta (misma PK) para simular reintento de ingesta sin idempotencia
TB_MOV_FINANCIEROS,MOV00490986,DUPLICADO_EXACTO,Fila duplicada exacta (misma PK) para simular reintento de ingesta sin idempotencia
TB_MOV_FINANCIEROS,MOV00369565,DUPLICADO_EXACTO,Fila duplicada exacta (misma PK) para simular reintento de ingesta sin idempotencia
TB_MOV_FINANCIEROS,MOV00059304,DUPLICADO_EXACTO,Fila duplicada exacta (misma PK) para simular reintento de ingesta sin idempotencia
TB_MOV_FINANCIEROS,MOV00352308,DUPLICADO_EXACTO,Fila duplicada exacta (misma PK) para simular reintento de ingesta sin idempotencia
TB_MOV_FINANCIEROS,MOV00358235,DUPLICADO_EXACTO,Fila duplicada exacta (misma PK) para simular reintento de ingesta sin idempotencia
TB_MOV_FINANCIEROS,MOV00381785,DUPLICADO_EXACTO,Fila duplicada exacta (misma PK) para simular reintento de ingesta sin idempotencia
TB_MOV_FINANCIEROS,MOV00306056,DUPLICADO_EXACTO,Fila duplicada exacta (misma PK) para simular reintento de ingesta sin idempotencia
TB_MOV_FINANCIEROS,MOV00280089,DUPLICADO_EXACTO,Fila duplicada exacta (misma PK) para simular reintento de ingesta sin idempotencia
TB_MOV_FINANCIEROS,MOV00326789,DUPLICADO_EXACTO,Fila duplicada exacta (misma PK) para simular reintento de ingesta sin idempotencia
TB_MOV_FINANCIEROS,MOV00479510,DUPLICADO_EXACTO,Fila duplicada exacta (misma PK) para simular reintento de ingesta sin idempotencia
TB_MOV_FINANCIEROS,MOV00261336,DUPLICADO_EXACTO,Fila duplicada exacta (misma PK) para simular reintento de ingesta sin idempotencia
TB_MOV_FINANCIEROS,MOV00013484,DUPLICADO_EXACTO,Fila duplicada exacta (misma PK) para simular reintento de ingesta sin idempotencia
TB_MOV_FINANCIEROS,MOV00252618,DUPLICADO_EXACTO,Fila duplicada exacta (misma PK) para simular reintento de ingesta sin idempotencia
TB_MOV_FINANCIEROS,MOV00183015,DUPLICADO_EXACTO,Fila duplicada exacta (misma PK) para simular reintento de ingesta sin idempotencia
TB_MOV_FINANCIEROS,MOV00391539,DUPLICADO_EXACTO,Fila duplicada exacta (misma PK) para simular reintento de ingesta sin idempotencia
TB_MOV_FINANCIEROS,MOV00078843,DUPLICADO_EXACTO,Fila duplicada exacta (misma PK) para simular reintento de ingesta sin idempotencia
TB_MOV_FINANCIEROS,MOV00345449,DUPLICADO_EXACTO,Fila duplicada exacta (misma PK) para simular reintento de ingesta sin idempotencia
TB_MOV_FINANCIEROS,MOV00250644,DUPLICADO_EXACTO,Fila duplicada exacta (misma PK) para simular reintento de ingesta sin idempotencia
TB_MOV_FINANCIEROS,MOV00446230,DUPLICADO_EXACTO,Fila duplicada exacta (misma PK) para simular reintento de ingesta sin idempotencia
TB_MOV_FINANCIEROS,MOV00336565,DUPLICADO_EXACTO,Fila duplicada exacta (misma PK) para simular reintento de ingesta sin idempotencia
TB_MOV_FINANCIEROS,MOV00156461,DUPLICADO_EXACTO,Fila duplicada exacta (misma PK) para simular reintento de ingesta sin idempotencia
TB_MOV_FINANCIEROS,MOV00156848,DUPLICADO_EXACTO,Fila duplicada exacta (misma PK) para simular reintento de ingesta sin idempotencia
TB_MOV_FINANCIEROS,MOV00432516,DUPLICADO_EXACTO,Fila duplicada exacta (misma PK) para simular reintento de ingesta sin idempotencia
TB_MOV_FINANCIEROS,MOV00216941,DUPLICADO_EXACTO,Fila duplicada exacta (misma PK) para simular reintento de ingesta sin idempotencia
TB_MOV_FINANCIEROS,MOV00493930,DUPLICADO_EXACTO,Fila duplicada exacta (misma PK) para simular reintento de ingesta sin idempotencia
TB_MOV_FINANCIEROS,MOV00210605,DUPLICADO_EXACTO,Fila duplicada exacta (misma PK) para simular reintento de ingesta sin idempotencia
TB_MOV_FINANCIEROS,MOV00434617,DUPLICADO_EXACTO,Fila duplicada exacta (misma PK) para simular reintento de ingesta sin idempotencia
TB_MOV_FINANCIEROS,MOV00201557,DUPLICADO_EXACTO,Fila duplicada exacta (misma PK) para simular reintento de ingesta sin idempotencia
TB_MOV_FINANCIEROS,MOV00018630,DUPLICADO_EXACTO,Fila duplicada exacta (misma PK) para simular reintento de ingesta sin idempotencia
TB_MOV_FINANCIEROS,MOV00372475,DUPLICADO_EXACTO,Fila duplicada exacta (misma PK) para simular reintento de ingesta sin idempotencia
TB_MOV_FINANCIEROS,MOV00237688,DUPLICADO_EXACTO,Fila duplicada exacta (misma PK) para simular reintento de ingesta sin idempotencia
TB_MOV_FINANCIEROS,MOV00315695,DUPLICADO_EXACTO,Fila duplicada exacta (misma PK) para simular reintento de ingesta sin idempotencia
TB_MOV_FINANCIEROS,MOV00316888,DUPLICADO_EXACTO,Fila duplicada exacta (misma PK) para simular reintento de ingesta sin idempotencia
TB_MOV_FINANCIEROS,MOV00252880,DUPLICADO_EXACTO,Fila duplicada exacta (misma PK) para simular reintento de ingesta sin idempotencia
TB_MOV_FINANCIEROS,MOV00425048,DUPLICADO_EXACTO,Fila duplicada exacta (misma PK) para simular reintento de ingesta sin idempotencia
TB_MOV_FINANCIEROS,MOV00337213,DUPLICADO_EXACTO,Fila duplicada exacta (misma PK) para simular reintento de ingesta sin idempotencia
TB_MOV_FINANCIEROS,MOV00485912,DUPLICADO_EXACTO,Fila duplicada exacta (misma PK) para simular reintento de ingesta sin idempotencia
TB_MOV_FINANCIEROS,MOV00029389,DUPLICADO_EXACTO,Fila duplicada exacta (misma PK) para simular reintento de ingesta sin idempotencia
TB_MOV_FINANCIEROS,MOV00243286,DUPLICADO_EXACTO,Fila duplicada exacta (misma PK) para simular reintento de ingesta sin idempotencia
TB_MOV_FINANCIEROS,MOV00285255,DUPLICADO_EXACTO,Fila duplicada exacta (misma PK) para simular reintento de ingesta sin idempotencia
TB_MOV_FINANCIEROS,MOV00054629,DUPLICADO_EXACTO,Fila duplicada exacta (misma PK) para simular reintento de ingesta sin idempotencia
TB_MOV_FINANCIEROS,MOV00019786,DUPLICADO_EXACTO,Fila duplicada exacta (misma PK) para simular reintento de ingesta sin idempotencia
TB_MOV_FINANCIEROS,MOV00450587,DUPLICADO_EXACTO,Fila duplicada exacta (misma PK) para simular reintento de ingesta sin idempotencia
TB_MOV_FINANCIEROS,MOV00248665,DUPLICADO_EXACTO,Fila duplicada exacta (misma PK) para simular reintento de ingesta sin idempotencia
TB_MOV_FINANCIEROS,MOV00388805,DUPLICADO_EXACTO,Fila duplicada exacta (misma PK) para simular reintento de ingesta sin idempotencia
TB_MOV_FINANCIEROS,MOV00437911,DUPLICADO_EXACTO,Fila duplicada exacta (misma PK) para simular reintento de ingesta sin idempotencia
TB_MOV_FINANCIEROS,MOV00018142,DUPLICADO_EXACTO,Fila duplicada exacta (misma PK) para simular reintento de ingesta sin idempotencia
TB_MOV_FINANCIEROS,MOV00267395,DUPLICADO_EXACTO,Fila duplicada exacta (misma PK) para simular reintento de ingesta sin idempotencia
TB_MOV_FINANCIEROS,MOV00319531,DUPLICADO_EXACTO,Fila duplicada exacta (misma PK) para simular reintento de ingesta sin idempotencia
TB_MOV_FINANCIEROS,MOV00476687,DUPLICADO_EXACTO,Fila duplicada exacta (misma PK) para simular reintento de ingesta sin idempotencia
TB_MOV_FINANCIEROS,MOV00077102,DUPLICADO_EXACTO,Fila duplicada exacta (misma PK) para simular reintento de ingesta sin idempotencia
TB_MOV_FINANCIEROS,MOV00141111,DUPLICADO_EXACTO,Fila duplicada exacta (misma PK) para simular reintento de ingesta sin idempotencia
TB_MOV_FINANCIEROS,MOV00452603,DUPLICADO_EXACTO,Fila duplicada exacta (misma PK) para simular reintento de ingesta sin idempotencia
TB_MOV_FINANCIEROS,MOV00275144,DUPLICADO_EXACTO,Fila duplicada exacta (misma PK) para simular reintento de ingesta sin idempotencia
TB_MOV_FINANCIEROS,MOV00327118,DUPLICADO_EXACTO,Fila duplicada exacta (misma PK) para simular reintento de ingesta sin idempotencia
TB_MOV_FINANCIEROS,MOV00255380,DUPLICADO_EXACTO,Fila duplicada exacta (misma PK) para simular reintento de ingesta sin idempotencia
TB_MOV_FINANCIEROS,MOV00326633,DUPLICADO_EXACTO,Fila duplicada exacta (misma PK) para simular reintento de ingesta sin idempotencia
TB_MOV_FINANCIEROS,MOV00258193,DUPLICADO_EXACTO,Fila duplicada exacta (misma PK) para simular reintento de ingesta sin idempotencia
TB_MOV_FINANCIEROS,MOV00234447,DUPLICADO_EXACTO,Fila duplicada exacta (misma PK) para simular reintento de ingesta sin idempotencia
TB_MOV_FINANCIEROS,MOV00458101,DUPLICADO_EXACTO,Fila duplicada exacta (misma PK) para simular reintento de ingesta sin idempotencia
TB_MOV_FINANCIEROS,MOV00219537,DUPLICADO_EXACTO,Fila duplicada exacta (misma PK) para simular reintento de ingesta sin idempotencia
TB_MOV_FINANCIEROS,MOV00314560,DUPLICADO_EXACTO,Fila duplicada exacta (misma PK) para simular reintento de ingesta sin idempotencia
TB_MOV_FINANCIEROS,MOV00446255,DUPLICADO_EXACTO,Fila duplicada exacta (misma PK) para simular reintento de ingesta sin idempotencia
TB_MOV_FINANCIEROS,MOV00073787,DUPLICADO_EXACTO,Fila duplicada exacta (misma PK) para simular reintento de ingesta sin idempotencia
TB_MOV_FINANCIEROS,MOV00069207,DUPLICADO_EXACTO,Fila duplicada exacta (misma PK) para simular reintento de ingesta sin idempotencia
TB_MOV_FINANCIEROS,MOV00125428,DUPLICADO_EXACTO,Fila duplicada exacta (misma PK) para simular reintento de ingesta sin idempotencia
TB_MOV_FINANCIEROS,MOV00334281,DUPLICADO_EXACTO,Fila duplicada exacta (misma PK) para simular reintento de ingesta sin idempotencia
TB_MOV_FINANCIEROS,MOV00098944,DUPLICADO_EXACTO,Fila duplicada exacta (misma PK) para simular reintento de ingesta sin idempotencia
TB_MOV_FINANCIEROS,MOV00325477,DUPLICADO_EXACTO,Fila duplicada exacta (misma PK) para simular reintento de ingesta sin idempotencia
TB_MOV_FINANCIEROS,MOV00110107,DUPLICADO_EXACTO,Fila duplicada exacta (misma PK) para simular reintento de ingesta sin idempotencia
TB_MOV_FINANCIEROS,MOV00363466,DUPLICADO_EXACTO,Fila duplicada exacta (misma PK) para simular reintento de ingesta sin idempotencia
TB_MOV_FINANCIEROS,MOV00015231,DUPLICADO_EXACTO,Fila duplicada exacta (misma PK) para simular reintento de ingesta sin idempotencia
TB_MOV_FINANCIEROS,MOV00304503,DUPLICADO_EXACTO,Fila duplicada exacta (misma PK) para simular reintento de ingesta sin idempotencia
TB_MOV_FINANCIEROS,MOV00150060,DUPLICADO_EXACTO,Fila duplicada exacta (misma PK) para simular reintento de ingesta sin idempotencia
TB_MOV_FINANCIEROS,MOV00010537,DUPLICADO_EXACTO,Fila duplicada exacta (misma PK) para simular reintento de ingesta sin idempotencia
TB_MOV_FINANCIEROS,MOV00133647,DUPLICADO_EXACTO,Fila duplicada exacta (misma PK) para simular reintento de ingesta sin idempotencia
TB_MOV_FINANCIEROS,MOV00013360,DUPLICADO_EXACTO,Fila duplicada exacta (misma PK) para simular reintento de ingesta sin idempotencia
TB_MOV_FINANCIEROS,MOV00375782,DUPLICADO_EXACTO,Fila duplicada exacta (misma PK) para simular reintento de ingesta sin idempotencia
TB_MOV_FINANCIEROS,MOV00335922,DUPLICADO_EXACTO,Fila duplicada exacta (misma PK) para simular reintento de ingesta sin idempotencia
TB_MOV_FINANCIEROS,MOV00452273,DUPLICADO_EXACTO,Fila duplicada exacta (misma PK) para simular reintento de ingesta sin idempotencia
TB_MOV_FINANCIEROS,MOV00324749,DUPLICADO_EXACTO,Fila duplicada exacta (misma PK) para simular reintento de ingesta sin idempotencia
TB_MOV_FINANCIEROS,MOV00178635,DUPLICADO_EXACTO,Fila duplicada exacta (misma PK) para simular reintento de ingesta sin idempotencia
TB_MOV_FINANCIEROS,MOV00308486,DUPLICADO_EXACTO,Fila duplicada exacta (misma PK) para simular reintento de ingesta sin idempotencia
TB_MOV_FINANCIEROS,MOV00360116,DUPLICADO_EXACTO,Fila duplicada exacta (misma PK) para simular reintento de ingesta sin idempotencia
TB_MOV_FINANCIEROS,MOV00113383,DUPLICADO_EXACTO,Fila duplicada exacta (misma PK) para simular reintento de ingesta sin idempotencia
TB_MOV_FINANCIEROS,MOV00499898,DUPLICADO_EXACTO,Fila duplicada exacta (misma PK) para simular reintento de ingesta sin idempotencia
TB_MOV_FINANCIEROS,MOV00423632,DUPLICADO_EXACTO,Fila duplicada exacta (misma PK) para simular reintento de ingesta sin idempotencia
TB_MOV_FINANCIEROS,MOV00094767,DUPLICADO_EXACTO,Fila duplicada exacta (misma PK) para simular reintento de ingesta sin idempotencia
TB_MOV_FINANCIEROS,MOV00061438,DUPLICADO_EXACTO,Fila duplicada exacta (misma PK) para simular reintento de ingesta sin idempotencia
TB_MOV_FINANCIEROS,MOV00388759,DUPLICADO_EXACTO,Fila duplicada exacta (misma PK) para simular reintento de ingesta sin idempotencia
TB_MOV_FINANCIEROS,MOV00222741,DUPLICADO_EXACTO,Fila duplicada exacta (misma PK) para simular reintento de ingesta sin idempotencia
TB_MOV_FINANCIEROS,MOV00024372,DUPLICADO_EXACTO,Fila duplicada exacta (misma PK) para simular reintento de ingesta sin idempotencia
TB_MOV_FINANCIEROS,MOV00183581,DUPLICADO_EXACTO,Fila duplicada exacta (misma PK) para simular reintento de ingesta sin idempotencia
TB_MOV_FINANCIEROS,MOV00128138,DUPLICADO_EXACTO,Fila duplicada exacta (misma PK) para simular reintento de ingesta sin idempotencia
TB_MOV_FINANCIEROS,MOV00068096,DUPLICADO_EXACTO,Fila duplicada exacta (misma PK) para simular reintento de ingesta sin idempotencia
TB_MOV_FINANCIEROS,MOV00170032,DUPLICADO_EXACTO,Fila duplicada exacta (misma PK) para simular reintento de ingesta sin idempotencia
TB_MOV_FINANCIEROS,MOV00053022,DUPLICADO_EXACTO,Fila duplicada exacta (misma PK) para simular reintento de ingesta sin idempotencia
TB_MOV_FINANCIEROS,MOV00065252,DUPLICADO_EXACTO,Fila duplicada exacta (misma PK) para simular reintento de ingesta sin idempotencia
TB_MOV_FINANCIEROS,MOV00066764,DUPLICADO_EXACTO,Fila duplicada exacta (misma PK) para simular reintento de ingesta sin idempotencia
TB_MOV_FINANCIEROS,MOV00212635,DUPLICADO_EXACTO,Fila duplicada exacta (misma PK) para simular reintento de ingesta sin idempotencia
TB_MOV_FINANCIEROS,MOV00155306,DUPLICADO_EXACTO,Fila duplicada exacta (misma PK) para simular reintento de ingesta sin idempotencia
TB_MOV_FINANCIEROS,MOV00256182,DUPLICADO_EXACTO,Fila duplicada exacta (misma PK) para simular reintento de ingesta sin idempotencia
TB_MOV_FINANCIEROS,MOV00249572,DUPLICADO_EXACTO,Fila duplicada exacta (misma PK) para simular reintento de ingesta sin idempotencia
TB_MOV_FINANCIEROS,MOV00236155,DUPLICADO_EXACTO,Fila duplicada exacta (misma PK) para simular reintento de ingesta sin idempotencia
TB_MOV_FINANCIEROS,MOV00213482,DUPLICADO_EXACTO,Fila duplicada exacta (misma PK) para simular reintento de ingesta sin idempotencia
TB_MOV_FINANCIEROS,MOV00179641,DUPLICADO_EXACTO,Fila duplicada exacta (misma PK) para simular reintento de ingesta sin idempotencia
TB_MOV_FINANCIEROS,MOV00291595,DUPLICADO_EXACTO,Fila duplicada exacta (misma PK) para simular reintento de ingesta sin idempotencia
TB_MOV_FINANCIEROS,MOV00364083,DUPLICADO_EXACTO,Fila duplicada exacta (misma PK) para simular reintento de ingesta sin idempotencia
TB_MOV_FINANCIEROS,MOV00217032,DUPLICADO_EXACTO,Fila duplicada exacta (misma PK) para simular reintento de ingesta sin idempotencia
TB_MOV_FINANCIEROS,MOV00274650,DUPLICADO_EXACTO,Fila duplicada exacta (misma PK) para simular reintento de ingesta sin idempotencia
TB_MOV_FINANCIEROS,MOV00123864,DUPLICADO_EXACTO,Fila duplicada exacta (misma PK) para simular reintento de ingesta sin idempotencia
TB_MOV_FINANCIEROS,MOV00490820,DUPLICADO_EXACTO,Fila duplicada exacta (misma PK) para simular reintento de ingesta sin idempotencia
TB_MOV_FINANCIEROS,MOV00169524,DUPLICADO_EXACTO,Fila duplicada exacta (misma PK) para simular reintento de ingesta sin idempotencia
TB_MOV_FINANCIEROS,MOV00325146,DUPLICADO_EXACTO,Fila duplicada exacta (misma PK) para simular reintento de ingesta sin idempotencia
TB_MOV_FINANCIEROS,MOV00055168,DUPLICADO_EXACTO,Fila duplicada exacta (misma PK) para simular reintento de ingesta sin idempotencia
TB_MOV_FINANCIEROS,MOV00306583,DUPLICADO_EXACTO,Fila duplicada exacta (misma PK) para simular reintento de ingesta sin idempotencia
TB_MOV_FINANCIEROS,MOV00330332,DUPLICADO_EXACTO,Fila duplicada exacta (misma PK) para simular reintento de ingesta sin idempotencia
TB_MOV_FINANCIEROS,MOV00190109,DUPLICADO_EXACTO,Fila duplicada exacta (misma PK) para simular reintento de ingesta sin idempotencia
TB_MOV_FINANCIEROS,MOV00025280,DUPLICADO_EXACTO,Fila duplicada exacta (misma PK) para simular reintento de ingesta sin idempotencia
TB_MOV_FINANCIEROS,MOV00213452,DUPLICADO_EXACTO,Fila duplicada exacta (misma PK) para simular reintento de ingesta sin idempotencia
TB_MOV_FINANCIEROS,MOV00051548,DUPLICADO_EXACTO,Fila duplicada exacta (misma PK) para simular reintento de ingesta sin idempotencia
TB_MOV_FINANCIEROS,MOV00068477,DUPLICADO_EXACTO,Fila duplicada exacta (misma PK) para simular reintento de ingesta sin idempotencia
TB_MOV_FINANCIEROS,MOV00295353,DUPLICADO_EXACTO,Fila duplicada exacta (misma PK) para simular reintento de ingesta sin idempotencia
TB_MOV_FINANCIEROS,MOV00471686,DUPLICADO_EXACTO,Fila duplicada exacta (misma PK) para simular reintento de ingesta sin idempotencia
TB_MOV_FINANCIEROS,MOV00409561,DUPLICADO_EXACTO,Fila duplicada exacta (misma PK) para simular reintento de ingesta sin idempotencia
TB_MOV_FINANCIEROS,MOV00193234,DUPLICADO_EXACTO,Fila duplicada exacta (misma PK) para simular reintento de ingesta sin idempotencia
TB_MOV_FINANCIEROS,MOV00459927,DUPLICADO_EXACTO,Fila duplicada exacta (misma PK) para simular reintento de ingesta sin idempotencia
TB_MOV_FINANCIEROS,MOV00034076,DUPLICADO_EXACTO,Fila duplicada exacta (misma PK) para simular reintento de ingesta sin idempotencia
TB_MOV_FINANCIEROS,MOV00499429,DUPLICADO_EXACTO,Fila duplicada exacta (misma PK) para simular reintento de ingesta sin idempotencia
TB_MOV_FINANCIEROS,MOV00309398,DUPLICADO_EXACTO,Fila duplicada exacta (misma PK) para simular reintento de ingesta sin idempotencia
TB_MOV_FINANCIEROS,MOV00477252,DUPLICADO_EXACTO,Fila duplicada exacta (misma PK) para simular reintento de ingesta sin idempotencia
TB_MOV_FINANCIEROS,MOV00235711,DUPLICADO_EXACTO,Fila duplicada exacta (misma PK) para simular reintento de ingesta sin idempotencia
TB_MOV_FINANCIEROS,MOV00470718,DUPLICADO_EXACTO,Fila duplicada exacta (misma PK) para simular reintento de ingesta sin idempotencia
TB_MOV_FINANCIEROS,MOV00394041,DUPLICADO_EXACTO,Fila duplicada exacta (misma PK) para simular reintento de ingesta sin idempotencia
TB_MOV_FINANCIEROS,MOV00106142,DUPLICADO_EXACTO,Fila duplicada exacta (misma PK) para simular reintento de ingesta sin idempotencia
TB_MOV_FINANCIEROS,MOV00355428,DUPLICADO_EXACTO,Fila duplicada exacta (misma PK) para simular reintento de ingesta sin idempotencia
TB_MOV_FINANCIEROS,MOV00387083,DUPLICADO_EXACTO,Fila duplicada exacta (misma PK) para simular reintento de ingesta sin idempotencia
TB_MOV_FINANCIEROS,MOV00298507,DUPLICADO_EXACTO,Fila duplicada exacta (misma PK) para simular reintento de ingesta sin idempotencia
TB_MOV_FINANCIEROS,MOV00310008,DUPLICADO_EXACTO,Fila duplicada exacta (misma PK) para simular reintento de ingesta sin idempotencia
TB_MOV_FINANCIEROS,MOV00092637,DUPLICADO_EXACTO,Fila duplicada exacta (misma PK) para simular reintento de ingesta sin idempotencia
TB_MOV_FINANCIEROS,MOV00140662,DUPLICADO_EXACTO,Fila duplicada exacta (misma PK) para simular reintento de ingesta sin idempotencia
TB_MOV_FINANCIEROS,MOV00452802,DUPLICADO_EXACTO,Fila duplicada exacta (misma PK) para simular reintento de ingesta sin idempotencia
TB_MOV_FINANCIEROS,MOV00071667,DUPLICADO_EXACTO,Fila duplicada exacta (misma PK) para simular reintento de ingesta sin idempotencia
TB_MOV_FINANCIEROS,MOV00441456,DUPLICADO_EXACTO,Fila duplicada exacta (misma PK) para simular reintento de ingesta sin idempotencia
TB_MOV_FINANCIEROS,MOV00302052,DUPLICADO_EXACTO,Fila duplicada exacta (misma PK) para simular reintento de ingesta sin idempotencia
TB_MOV_FINANCIEROS,MOV00442380,DUPLICADO_EXACTO,Fila duplicada exacta (misma PK) para simular reintento de ingesta sin idempotencia
TB_MOV_FINANCIEROS,MOV00342379,DUPLICADO_EXACTO,Fila duplicada exacta (misma PK) para simular reintento de ingesta sin idempotencia
TB_MOV_FINANCIEROS,MOV00349146,DUPLICADO_EXACTO,Fila duplicada exacta (misma PK) para simular reintento de ingesta sin idempotencia
TB_MOV_FINANCIEROS,MOV00039957,DUPLICADO_EXACTO,Fila duplicada exacta (misma PK) para simular reintento de ingesta sin idempotencia
TB_MOV_FINANCIEROS,MOV00385907,DUPLICADO_EXACTO,Fila duplicada exacta (misma PK) para simular reintento de ingesta sin idempotencia
TB_MOV_FINANCIEROS,MOV00134051,DUPLICADO_EXACTO,Fila duplicada exacta (misma PK) para simular reintento de ingesta sin idempotencia
TB_MOV_FINANCIEROS,MOV00381736,DUPLICADO_EXACTO,Fila duplicada exacta (misma PK) para simular reintento de ingesta sin idempotencia
TB_MOV_FINANCIEROS,MOV00238400,DUPLICADO_EXACTO,Fila duplicada exacta (misma PK) para simular reintento de ingesta sin idempotencia
TB_MOV_FINANCIEROS,MOV00089734,DUPLICADO_EXACTO,Fila duplicada exacta (misma PK) para simular reintento de ingesta sin idempotencia
TB_MOV_FINANCIEROS,MOV00071097,DUPLICADO_EXACTO,Fila duplicada exacta (misma PK) para simular reintento de ingesta sin idempotencia
TB_MOV_FINANCIEROS,MOV00389208,DUPLICADO_EXACTO,Fila duplicada exacta (misma PK) para simular reintento de ingesta sin idempotencia
TB_MOV_FINANCIEROS,MOV00288209,DUPLICADO_EXACTO,Fila duplicada exacta (misma PK) para simular reintento de ingesta sin idempotencia
TB_MOV_FINANCIEROS,MOV00149305,DUPLICADO_EXACTO,Fila duplicada exacta (misma PK) para simular reintento de ingesta sin idempotencia
TB_MOV_FINANCIEROS,MOV00392089,DUPLICADO_EXACTO,Fila duplicada exacta (misma PK) para simular reintento de ingesta sin idempotencia
TB_MOV_FINANCIEROS,MOV00264403,DUPLICADO_EXACTO,Fila duplicada exacta (misma PK) para simular reintento de ingesta sin idempotencia
TB_MOV_FINANCIEROS,MOV00387073,DUPLICADO_EXACTO,Fila duplicada exacta (misma PK) para simular reintento de ingesta sin idempotencia
TB_MOV_FINANCIEROS,MOV00445752,DUPLICADO_EXACTO,Fila duplicada exacta (misma PK) para simular reintento de ingesta sin idempotencia
TB_MOV_FINANCIEROS,MOV00289945,DUPLICADO_EXACTO,Fila duplicada exacta (misma PK) para simular reintento de ingesta sin idempotencia
TB_MOV_FINANCIEROS,MOV00476495,DUPLICADO_EXACTO,Fila duplicada exacta (misma PK) para simular reintento de ingesta sin idempotencia
TB_MOV_FINANCIEROS,MOV00391725,DUPLICADO_EXACTO,Fila duplicada exacta (misma PK) para simular reintento de ingesta sin idempotencia
TB_MOV_FINANCIEROS,MOV00279664,DUPLICADO_EXACTO,Fila duplicada exacta (misma PK) para simular reintento de ingesta sin idempotencia
TB_MOV_FINANCIEROS,MOV00209217,DUPLICADO_EXACTO,Fila duplicada exacta (misma PK) para simular reintento de ingesta sin idempotencia
TB_MOV_FINANCIEROS,MOV00281556,DUPLICADO_EXACTO,Fila duplicada exacta (misma PK) para simular reintento de ingesta sin idempotencia
TB_MOV_FINANCIEROS,MOV00391872,DUPLICADO_EXACTO,Fila duplicada exacta (misma PK) para simular reintento de ingesta sin idempotencia
TB_MOV_FINANCIEROS,MOV00061682,DUPLICADO_EXACTO,Fila duplicada exacta (misma PK) para simular reintento de ingesta sin idempotencia
TB_MOV_FINANCIEROS,MOV00037384,DUPLICADO_EXACTO,Fila duplicada exacta (misma PK) para simular reintento de ingesta sin idempotencia
TB_MOV_FINANCIEROS,MOV00205662,DUPLICADO_EXACTO,Fila duplicada exacta (misma PK) para simular reintento de ingesta sin idempotencia
TB_MOV_FINANCIEROS,MOV00064054,DUPLICADO_EXACTO,Fila duplicada exacta (misma PK) para simular reintento de ingesta sin idempotencia
TB_MOV_FINANCIEROS,MOV00040127,DUPLICADO_EXACTO,Fila duplicada exacta (misma PK) para simular reintento de ingesta sin idempotencia
TB_MOV_FINANCIEROS,MOV00386802,DUPLICADO_EXACTO,Fila duplicada exacta (misma PK) para simular reintento de ingesta sin idempotencia
TB_MOV_FINANCIEROS,MOV00369282,DUPLICADO_EXACTO,Fila duplicada exacta (misma PK) para simular reintento de ingesta sin idempotencia
TB_MOV_FINANCIEROS,MOV00342320,DUPLICADO_EXACTO,Fila duplicada exacta (misma PK) para simular reintento de ingesta sin idempotencia
TB_MOV_FINANCIEROS,MOV00442948,DUPLICADO_EXACTO,Fila duplicada exacta (misma PK) para simular reintento de ingesta sin idempotencia
TB_MOV_FINANCIEROS,MOV00162012,DUPLICADO_EXACTO,Fila duplicada exacta (misma PK) para simular reintento de ingesta sin idempotencia
TB_MOV_FINANCIEROS,MOV00009745,DUPLICADO_EXACTO,Fila duplicada exacta (misma PK) para simular reintento de ingesta sin idempotencia
TB_MOV_FINANCIEROS,MOV00333616,DUPLICADO_EXACTO,Fila duplicada exacta (misma PK) para simular reintento de ingesta sin idempotencia
TB_MOV_FINANCIEROS,MOV00281834,DUPLICADO_EXACTO,Fila duplicada exacta (misma PK) para simular reintento de ingesta sin idempotencia
TB_MOV_FINANCIEROS,MOV00332169,DUPLICADO_EXACTO,Fila duplicada exacta (misma PK) para simular reintento de ingesta sin idempotencia
TB_MOV_FINANCIEROS,MOV00077623,DUPLICADO_EXACTO,Fila duplicada exacta (misma PK) para simular reintento de ingesta sin idempotencia
TB_MOV_FINANCIEROS,MOV00291135,DUPLICADO_EXACTO,Fila duplicada exacta (misma PK) para simular reintento de ingesta sin idempotencia
TB_MOV_FINANCIEROS,MOV00064393,DUPLICADO_EXACTO,Fila duplicada exacta (misma PK) para simular reintento de ingesta sin idempotencia
TB_MOV_FINANCIEROS,MOV00016473,DUPLICADO_EXACTO,Fila duplicada exacta (misma PK) para simular reintento de ingesta sin idempotencia
TB_MOV_FINANCIEROS,MOV00000905,DUPLICADO_EXACTO,Fila duplicada exacta (misma PK) para simular reintento de ingesta sin idempotencia
TB_MOV_FINANCIEROS,MOV00466893,DUPLICADO_EXACTO,Fila duplicada exacta (misma PK) para simular reintento de ingesta sin idempotencia
TB_MOV_FINANCIEROS,MOV00036798,DUPLICADO_EXACTO,Fila duplicada exacta (misma PK) para simular reintento de ingesta sin idempotencia
TB_MOV_FINANCIEROS,MOV00123702,DUPLICADO_EXACTO,Fila duplicada exacta (misma PK) para simular reintento de ingesta sin idempotencia
TB_MOV_FINANCIEROS,MOV00158368,DUPLICADO_EXACTO,Fila duplicada exacta (misma PK) para simular reintento de ingesta sin idempotencia
TB_MOV_FINANCIEROS,MOV00346746,DUPLICADO_EXACTO,Fila duplicada exacta (misma PK) para simular reintento de ingesta sin idempotencia
TB_MOV_FINANCIEROS,MOV00021030,DUPLICADO_EXACTO,Fila duplicada exacta (misma PK) para simular reintento de ingesta sin idempotencia
TB_MOV_FINANCIEROS,MOV00316470,DUPLICADO_EXACTO,Fila duplicada exacta (misma PK) para simular reintento de ingesta sin idempotencia
TB_MOV_FINANCIEROS,MOV00280825,DUPLICADO_EXACTO,Fila duplicada exacta (misma PK) para simular reintento de ingesta sin idempotencia
TB_MOV_FINANCIEROS,MOV00444201,DUPLICADO_EXACTO,Fila duplicada exacta (misma PK) para simular reintento de ingesta sin idempotencia
TB_MOV_FINANCIEROS,MOV00077961,DUPLICADO_EXACTO,Fila duplicada exacta (misma PK) para simular reintento de ingesta sin idempotencia
TB_MOV_FINANCIEROS,MOV00164717,DUPLICADO_EXACTO,Fila duplicada exacta (misma PK) para simular reintento de ingesta sin idempotencia
TB_MOV_FINANCIEROS,MOV00205596,DUPLICADO_EXACTO,Fila duplicada exacta (misma PK) para simular reintento de ingesta sin idempotencia
TB_MOV_FINANCIEROS,MOV00258382,DUPLICADO_EXACTO,Fila duplicada exacta (misma PK) para simular reintento de ingesta sin idempotencia
TB_MOV_FINANCIEROS,MOV00015983,DUPLICADO_EXACTO,Fila duplicada exacta (misma PK) para simular reintento de ingesta sin idempotencia
TB_MOV_FINANCIEROS,MOV00369160,DUPLICADO_EXACTO,Fila duplicada exacta (misma PK) para simular reintento de ingesta sin idempotencia
TB_MOV_FINANCIEROS,MOV00443579,DUPLICADO_EXACTO,Fila duplicada exacta (misma PK) para simular reintento de ingesta sin idempotencia
TB_MOV_FINANCIEROS,MOV00315866,DUPLICADO_EXACTO,Fila duplicada exacta (misma PK) para simular reintento de ingesta sin idempotencia
TB_MOV_FINANCIEROS,MOV00071587,DUPLICADO_EXACTO,Fila duplicada exacta (misma PK) para simular reintento de ingesta sin idempotencia
TB_MOV_FINANCIEROS,MOV00192840,DUPLICADO_EXACTO,Fila duplicada exacta (misma PK) para simular reintento de ingesta sin idempotencia
TB_MOV_FINANCIEROS,MOV00111443,DUPLICADO_EXACTO,Fila duplicada exacta (misma PK) para simular reintento de ingesta sin idempotencia
TB_MOV_FINANCIEROS,MOV00338055,DUPLICADO_EXACTO,Fila duplicada exacta (misma PK) para simular reintento de ingesta sin idempotencia
TB_MOV_FINANCIEROS,MOV00012285,DUPLICADO_EXACTO,Fila duplicada exacta (misma PK) para simular reintento de ingesta sin idempotencia
TB_MOV_FINANCIEROS,MOV00121597,DUPLICADO_EXACTO,Fila duplicada exacta (misma PK) para simular reintento de ingesta sin idempotencia
TB_MOV_FINANCIEROS,MOV00414391,DUPLICADO_EXACTO,Fila duplicada exacta (misma PK) para simular reintento de ingesta sin idempotencia
TB_MOV_FINANCIEROS,MOV00430127,DUPLICADO_EXACTO,Fila duplicada exacta (misma PK) para simular reintento de ingesta sin idempotencia
TB_MOV_FINANCIEROS,MOV00228596,DUPLICADO_EXACTO,Fila duplicada exacta (misma PK) para simular reintento de ingesta sin idempotencia
TB_MOV_FINANCIEROS,MOV00054324,DUPLICADO_EXACTO,Fila duplicada exacta (misma PK) para simular reintento de ingesta sin idempotencia
TB_MOV_FINANCIEROS,MOV00406676,DUPLICADO_EXACTO,Fila duplicada exacta (misma PK) para simular reintento de ingesta sin idempotencia
TB_MOV_FINANCIEROS,MOV00495269,DUPLICADO_EXACTO,Fila duplicada exacta (misma PK) para simular reintento de ingesta sin idempotencia
TB_MOV_FINANCIEROS,MOV00130048,DUPLICADO_EXACTO,Fila duplicada exacta (misma PK) para simular reintento de ingesta sin idempotencia
TB_MOV_FINANCIEROS,MOV00279482,DUPLICADO_EXACTO,Fila duplicada exacta (misma PK) para simular reintento de ingesta sin idempotencia
TB_MOV_FINANCIEROS,MOV00204402,DUPLICADO_EXACTO,Fila duplicada exacta (misma PK) para simular reintento de ingesta sin idempotencia
TB_MOV_FINANCIEROS,MOV00436762,DUPLICADO_EXACTO,Fila duplicada exacta (misma PK) para simular reintento de ingesta sin idempotencia
TB_MOV_FINANCIEROS,MOV00047416,DUPLICADO_EXACTO,Fila duplicada exacta (misma PK) para simular reintento de ingesta sin idempotencia
TB_MOV_FINANCIEROS,MOV00166092,DUPLICADO_EXACTO,Fila duplicada exacta (misma PK) para simular reintento de ingesta sin idempotencia
TB_MOV_FINANCIEROS,MOV00499811,DUPLICADO_EXACTO,Fila duplicada exacta (misma PK) para simular reintento de ingesta sin idempotencia
TB_MOV_FINANCIEROS,MOV00289359,DUPLICADO_EXACTO,Fila duplicada exacta (misma PK) para simular reintento de ingesta sin idempotencia
TB_MOV_FINANCIEROS,MOV00341521,DUPLICADO_EXACTO,Fila duplicada exacta (misma PK) para simular reintento de ingesta sin idempotencia
TB_MOV_FINANCIEROS,MOV00296995,DUPLICADO_EXACTO,Fila duplicada exacta (misma PK) para simular reintento de ingesta sin idempotencia
TB_MOV_FINANCIEROS,MOV00246933,DUPLICADO_EXACTO,Fila duplicada exacta (misma PK) para simular reintento de ingesta sin idempotencia
TB_MOV_FINANCIEROS,MOV00096075,DUPLICADO_EXACTO,Fila duplicada exacta (misma PK) para simular reintento de ingesta sin idempotencia
TB_MOV_FINANCIEROS,MOV00389655,DUPLICADO_EXACTO,Fila duplicada exacta (misma PK) para simular reintento de ingesta sin idempotencia
TB_MOV_FINANCIEROS,MOV00224145,DUPLICADO_EXACTO,Fila duplicada exacta (misma PK) para simular reintento de ingesta sin idempotencia
TB_MOV_FINANCIEROS,MOV00142159,DUPLICADO_EXACTO,Fila duplicada exacta (misma PK) para simular reintento de ingesta sin idempotencia
TB_MOV_FINANCIEROS,MOV00461814,DUPLICADO_EXACTO,Fila duplicada exacta (misma PK) para simular reintento de ingesta sin idempotencia
TB_MOV_FINANCIEROS,MOV00418381,DUPLICADO_EXACTO,Fila duplicada exacta (misma PK) para simular reintento de ingesta sin idempotencia
TB_MOV_FINANCIEROS,MOV00287124,DUPLICADO_EXACTO,Fila duplicada exacta (misma PK) para simular reintento de ingesta sin idempotencia
TB_MOV_FINANCIEROS,MOV00432773,DUPLICADO_EXACTO,Fila duplicada exacta (misma PK) para simular reintento de ingesta sin idempotencia
TB_MOV_FINANCIEROS,MOV00114906,DUPLICADO_EXACTO,Fila duplicada exacta (misma PK) para simular reintento de ingesta sin idempotencia
TB_MOV_FINANCIEROS,MOV00380199,DUPLICADO_EXACTO,Fila duplicada exacta (misma PK) para simular reintento de ingesta sin idempotencia
TB_MOV_FINANCIEROS,MOV00285570,DUPLICADO_EXACTO,Fila duplicada exacta (misma PK) para simular reintento de ingesta sin idempotencia
TB_MOV_FINANCIEROS,MOV00328444,DUPLICADO_EXACTO,Fila duplicada exacta (misma PK) para simular reintento de ingesta sin idempotencia
TB_MOV_FINANCIEROS,MOV00267313,DUPLICADO_EXACTO,Fila duplicada exacta (misma PK) para simular reintento de ingesta sin idempotencia
TB_MOV_FINANCIEROS,MOV00406649,DUPLICADO_EXACTO,Fila duplicada exacta (misma PK) para simular reintento de ingesta sin idempotencia
TB_MOV_FINANCIEROS,MOV00416548,DUPLICADO_EXACTO,Fila duplicada exacta (misma PK) para simular reintento de ingesta sin idempotencia
TB_MOV_FINANCIEROS,MOV00018920,DUPLICADO_EXACTO,Fila duplicada exacta (misma PK) para simular reintento de ingesta sin idempotencia
TB_MOV_FINANCIEROS,MOV00212241,DUPLICADO_EXACTO,Fila duplicada exacta (misma PK) para simular reintento de ingesta sin idempotencia
TB_MOV_FINANCIEROS,MOV00374009,DUPLICADO_EXACTO,Fila duplicada exacta (misma PK) para simular reintento de ingesta sin idempotencia
TB_MOV_FINANCIEROS,MOV00117843,DUPLICADO_EXACTO,Fila duplicada exacta (misma PK) para simular reintento de ingesta sin idempotencia
TB_MOV_FINANCIEROS,MOV00092513,DUPLICADO_EXACTO,Fila duplicada exacta (misma PK) para simular reintento de ingesta sin idempotencia
TB_MOV_FINANCIEROS,MOV00385170,DUPLICADO_EXACTO,Fila duplicada exacta (misma PK) para simular reintento de ingesta sin idempotencia
TB_MOV_FINANCIEROS,MOV00162281,DUPLICADO_EXACTO,Fila duplicada exacta (misma PK) para simular reintento de ingesta sin idempotencia
TB_MOV_FINANCIEROS,MOV00212595,DUPLICADO_EXACTO,Fila duplicada exacta (misma PK) para simular reintento de ingesta sin idempotencia
TB_MOV_FINANCIEROS,MOV00072020,DUPLICADO_EXACTO,Fila duplicada exacta (misma PK) para simular reintento de ingesta sin idempotencia
TB_MOV_FINANCIEROS,MOV00357832,DUPLICADO_EXACTO,Fila duplicada exacta (misma PK) para simular reintento de ingesta sin idempotencia
TB_MOV_FINANCIEROS,MOV00486818,DUPLICADO_EXACTO,Fila duplicada exacta (misma PK) para simular reintento de ingesta sin idempotencia
TB_MOV_FINANCIEROS,MOV00192635,DUPLICADO_EXACTO,Fila duplicada exacta (misma PK) para simular reintento de ingesta sin idempotencia
TB_MOV_FINANCIEROS,MOV00299688,DUPLICADO_EXACTO,Fila duplicada exacta (misma PK) para simular reintento de ingesta sin idempotencia
TB_MOV_FINANCIEROS,MOV00258955,DUPLICADO_EXACTO,Fila duplicada exacta (misma PK) para simular reintento de ingesta sin idempotencia
TB_MOV_FINANCIEROS,MOV00321597,DUPLICADO_EXACTO,Fila duplicada exacta (misma PK) para simular reintento de ingesta sin idempotencia
TB_MOV_FINANCIEROS,MOV00125305,DUPLICADO_EXACTO,Fila duplicada exacta (misma PK) para simular reintento de ingesta sin idempotencia
TB_MOV_FINANCIEROS,MOV00411317,DUPLICADO_EXACTO,Fila duplicada exacta (misma PK) para simular reintento de ingesta sin idempotencia
TB_MOV_FINANCIEROS,MOV00266961,DUPLICADO_EXACTO,Fila duplicada exacta (misma PK) para simular reintento de ingesta sin idempotencia
TB_MOV_FINANCIEROS,MOV00220850,DUPLICADO_EXACTO,Fila duplicada exacta (misma PK) para simular reintento de ingesta sin idempotencia
TB_MOV_FINANCIEROS,MOV00418224,DUPLICADO_EXACTO,Fila duplicada exacta (misma PK) para simular reintento de ingesta sin idempotencia
TB_MOV_FINANCIEROS,MOV00434442,DUPLICADO_EXACTO,Fila duplicada exacta (misma PK) para simular reintento de ingesta sin idempotencia
TB_MOV_FINANCIEROS,MOV00217453,DUPLICADO_EXACTO,Fila duplicada exacta (misma PK) para simular reintento de ingesta sin idempotencia
TB_MOV_FINANCIEROS,MOV00287913,DUPLICADO_EXACTO,Fila duplicada exacta (misma PK) para simular reintento de ingesta sin idempotencia
TB_MOV_FINANCIEROS,MOV00318069,DUPLICADO_EXACTO,Fila duplicada exacta (misma PK) para simular reintento de ingesta sin idempotencia
TB_MOV_FINANCIEROS,MOV00493612,DUPLICADO_EXACTO,Fila duplicada exacta (misma PK) para simular reintento de ingesta sin idempotencia
TB_MOV_FINANCIEROS,MOV00126336,DUPLICADO_EXACTO,Fila duplicada exacta (misma PK) para simular reintento de ingesta sin idempotencia
TB_MOV_FINANCIEROS,MOV00402344,DUPLICADO_EXACTO,Fila duplicada exacta (misma PK) para simular reintento de ingesta sin idempotencia
TB_MOV_FINANCIEROS,MOV00115553,DUPLICADO_EXACTO,Fila duplicada exacta (misma PK) para simular reintento de ingesta sin idempotencia
TB_MOV_FINANCIEROS,MOV00444641,DUPLICADO_EXACTO,Fila duplicada exacta (misma PK) para simular reintento de ingesta sin idempotencia
TB_MOV_FINANCIEROS,MOV00268573,DUPLICADO_EXACTO,Fila duplicada exacta (misma PK) para simular reintento de ingesta sin idempotencia
TB_MOV_FINANCIEROS,MOV00410750,DUPLICADO_EXACTO,Fila duplicada exacta (misma PK) para simular reintento de ingesta sin idempotencia
TB_MOV_FINANCIEROS,MOV00158179,DUPLICADO_EXACTO,Fila duplicada exacta (misma PK) para simular reintento de ingesta sin idempotencia
TB_MOV_FINANCIEROS,MOV00493751,DUPLICADO_EXACTO,Fila duplicada exacta (misma PK) para simular reintento de ingesta sin idempotencia
TB_MOV_FINANCIEROS,MOV00387628,DUPLICADO_EXACTO,Fila duplicada exacta (misma PK) para simular reintento de ingesta sin idempotencia
TB_MOV_FINANCIEROS,MOV00222362,DUPLICADO_EXACTO,Fila duplicada exacta (misma PK) para simular reintento de ingesta sin idempotencia
TB_MOV_FINANCIEROS,MOV00445143,DUPLICADO_EXACTO,Fila duplicada exacta (misma PK) para simular reintento de ingesta sin idempotencia
TB_MOV_FINANCIEROS,MOV00054400,DUPLICADO_EXACTO,Fila duplicada exacta (misma PK) para simular reintento de ingesta sin idempotencia
TB_MOV_FINANCIEROS,MOV00278744,DUPLICADO_EXACTO,Fila duplicada exacta (misma PK) para simular reintento de ingesta sin idempotencia
TB_MOV_FINANCIEROS,MOV00023246,DUPLICADO_EXACTO,Fila duplicada exacta (misma PK) para simular reintento de ingesta sin idempotencia
TB_MOV_FINANCIEROS,MOV00188644,DUPLICADO_EXACTO,Fila duplicada exacta (misma PK) para simular reintento de ingesta sin idempotencia
TB_MOV_FINANCIEROS,MOV00430399,DUPLICADO_EXACTO,Fila duplicada exacta (misma PK) para simular reintento de ingesta sin idempotencia
TB_MOV_FINANCIEROS,MOV00237504,DUPLICADO_EXACTO,Fila duplicada exacta (misma PK) para simular reintento de ingesta sin idempotencia
TB_MOV_FINANCIEROS,MOV00449745,DUPLICADO_EXACTO,Fila duplicada exacta (misma PK) para simular reintento de ingesta sin idempotencia
TB_MOV_FINANCIEROS,MOV00166909,DUPLICADO_EXACTO,Fila duplicada exacta (misma PK) para simular reintento de ingesta sin idempotencia
TB_MOV_FINANCIEROS,MOV00105723,DUPLICADO_EXACTO,Fila duplicada exacta (misma PK) para simular reintento de ingesta sin idempotencia
TB_MOV_FINANCIEROS,MOV00380233,DUPLICADO_EXACTO,Fila duplicada exacta (misma PK) para simular reintento de ingesta sin idempotencia
TB_MOV_FINANCIEROS,MOV00081854,DUPLICADO_EXACTO,Fila duplicada exacta (misma PK) para simular reintento de ingesta sin idempotencia
TB_MOV_FINANCIEROS,MOV00167881,DUPLICADO_EXACTO,Fila duplicada exacta (misma PK) para simular reintento de ingesta sin idempotencia
TB_MOV_FINANCIEROS,MOV00106110,DUPLICADO_EXACTO,Fila duplicada exacta (misma PK) para simular reintento de ingesta sin idempotencia
TB_MOV_FINANCIEROS,MOV00108097,DUPLICADO_EXACTO,Fila duplicada exacta (misma PK) para simular reintento de ingesta sin idempotencia
TB_MOV_FINANCIEROS,MOV00383155,DUPLICADO_EXACTO,Fila duplicada exacta (misma PK) para simular reintento de ingesta sin idempotencia
TB_MOV_FINANCIEROS,MOV00061341,DUPLICADO_EXACTO,Fila duplicada exacta (misma PK) para simular reintento de ingesta sin idempotencia
TB_MOV_FINANCIEROS,MOV00150629,DUPLICADO_EXACTO,Fila duplicada exacta (misma PK) para simular reintento de ingesta sin idempotencia
TB_MOV_FINANCIEROS,MOV00338001,DUPLICADO_EXACTO,Fila duplicada exacta (misma PK) para simular reintento de ingesta sin idempotencia
TB_MOV_FINANCIEROS,MOV00263695,DUPLICADO_EXACTO,Fila duplicada exacta (misma PK) para simular reintento de ingesta sin idempotencia
TB_MOV_FINANCIEROS,MOV00092079,DUPLICADO_EXACTO,Fila duplicada exacta (misma PK) para simular reintento de ingesta sin idempotencia
TB_MOV_FINANCIEROS,MOV00483247,DUPLICADO_EXACTO,Fila duplicada exacta (misma PK) para simular reintento de ingesta sin idempotencia
TB_MOV_FINANCIEROS,MOV00121202,DUPLICADO_EXACTO,Fila duplicada exacta (misma PK) para simular reintento de ingesta sin idempotencia
TB_MOV_FINANCIEROS,MOV00121867,DUPLICADO_EXACTO,Fila duplicada exacta (misma PK) para simular reintento de ingesta sin idempotencia
TB_MOV_FINANCIEROS,MOV00026617,DUPLICADO_EXACTO,Fila duplicada exacta (misma PK) para simular reintento de ingesta sin idempotencia
TB_MOV_FINANCIEROS,MOV00485744,DUPLICADO_EXACTO,Fila duplicada exacta (misma PK) para simular reintento de ingesta sin idempotencia
TB_MOV_FINANCIEROS,MOV00367858,DUPLICADO_EXACTO,Fila duplicada exacta (misma PK) para simular reintento de ingesta sin idempotencia
TB_MOV_FINANCIEROS,MOV00033082,DUPLICADO_EXACTO,Fila duplicada exacta (misma PK) para simular reintento de ingesta sin idempotencia
TB_MOV_FINANCIEROS,MOV00480026,DUPLICADO_EXACTO,Fila duplicada exacta (misma PK) para simular reintento de ingesta sin idempotencia
TB_MOV_FINANCIEROS,MOV00296928,DUPLICADO_EXACTO,Fila duplicada exacta (misma PK) para simular reintento de ingesta sin idempotencia
TB_MOV_FINANCIEROS,MOV00124199,DUPLICADO_EXACTO,Fila duplicada exacta (misma PK) para simular reintento de ingesta sin idempotencia
TB_MOV_FINANCIEROS,MOV00088397,DUPLICADO_EXACTO,Fila duplicada exacta (misma PK) para simular reintento de ingesta sin idempotencia
TB_MOV_FINANCIEROS,MOV00434856,DUPLICADO_EXACTO,Fila duplicada exacta (misma PK) para simular reintento de ingesta sin idempotencia
TB_MOV_FINANCIEROS,MOV00248820,DUPLICADO_EXACTO,Fila duplicada exacta (misma PK) para simular reintento de ingesta sin idempotencia
TB_MOV_FINANCIEROS,MOV00215115,DUPLICADO_EXACTO,Fila duplicada exacta (misma PK) para simular reintento de ingesta sin idempotencia
TB_MOV_FINANCIEROS,MOV00046221,DUPLICADO_EXACTO,Fila duplicada exacta (misma PK) para simular reintento de ingesta sin idempotencia
TB_MOV_FINANCIEROS,MOV00367138,DUPLICADO_EXACTO,Fila duplicada exacta (misma PK) para simular reintento de ingesta sin idempotencia
TB_MOV_FINANCIEROS,MOV00322534,DUPLICADO_EXACTO,Fila duplicada exacta (misma PK) para simular reintento de ingesta sin idempotencia
TB_MOV_FINANCIEROS,MOV00481113,DUPLICADO_EXACTO,Fila duplicada exacta (misma PK) para simular reintento de ingesta sin idempotencia
TB_MOV_FINANCIEROS,MOV00178089,DUPLICADO_EXACTO,Fila duplicada exacta (misma PK) para simular reintento de ingesta sin idempotencia
TB_MOV_FINANCIEROS,MOV00145367,DUPLICADO_EXACTO,Fila duplicada exacta (misma PK) para simular reintento de ingesta sin idempotencia
TB_MOV_FINANCIEROS,MOV00411144,DUPLICADO_EXACTO,Fila duplicada exacta (misma PK) para simular reintento de ingesta sin idempotencia
TB_MOV_FINANCIEROS,MOV00295098,DUPLICADO_EXACTO,Fila duplicada exacta (misma PK) para simular reintento de ingesta sin idempotencia
TB_MOV_FINANCIEROS,MOV00393569,DUPLICADO_EXACTO,Fila duplicada exacta (misma PK) para simular reintento de ingesta sin idempotencia
TB_MOV_FINANCIEROS,MOV00479206,DUPLICADO_EXACTO,Fila duplicada exacta (misma PK) para simular reintento de ingesta sin idempotencia
TB_MOV_FINANCIEROS,MOV00126106,DUPLICADO_EXACTO,Fila duplicada exacta (misma PK) para simular reintento de ingesta sin idempotencia
TB_MOV_FINANCIEROS,MOV00342402,DUPLICADO_EXACTO,Fila duplicada exacta (misma PK) para simular reintento de ingesta sin idempotencia
TB_MOV_FINANCIEROS,MOV00094404,DUPLICADO_EXACTO,Fila duplicada exacta (misma PK) para simular reintento de ingesta sin idempotencia
TB_MOV_FINANCIEROS,MOV00198859,DUPLICADO_EXACTO,Fila duplicada exacta (misma PK) para simular reintento de ingesta sin idempotencia
TB_MOV_FINANCIEROS,MOV00282347,DUPLICADO_EXACTO,Fila duplicada exacta (misma PK) para simular reintento de ingesta sin idempotencia
TB_MOV_FINANCIEROS,MOV00153476,DUPLICADO_EXACTO,Fila duplicada exacta (misma PK) para simular reintento de ingesta sin idempotencia
TB_MOV_FINANCIEROS,MOV00030763,DUPLICADO_EXACTO,Fila duplicada exacta (misma PK) para simular reintento de ingesta sin idempotencia
TB_MOV_FINANCIEROS,MOV00380252,DUPLICADO_EXACTO,Fila duplicada exacta (misma PK) para simular reintento de ingesta sin idempotencia
TB_MOV_FINANCIEROS,MOV00454193,DUPLICADO_EXACTO,Fila duplicada exacta (misma PK) para simular reintento de ingesta sin idempotencia
TB_MOV_FINANCIEROS,MOV00197098,DUPLICADO_EXACTO,Fila duplicada exacta (misma PK) para simular reintento de ingesta sin idempotencia
TB_MOV_FINANCIEROS,MOV00054408,DUPLICADO_EXACTO,Fila duplicada exacta (misma PK) para simular reintento de ingesta sin idempotencia
TB_MOV_FINANCIEROS,MOV00126452,DUPLICADO_EXACTO,Fila duplicada exacta (misma PK) para simular reintento de ingesta sin idempotencia
TB_MOV_FINANCIEROS,MOV00459536,DUPLICADO_EXACTO,Fila duplicada exacta (misma PK) para simular reintento de ingesta sin idempotencia
TB_MOV_FINANCIEROS,MOV00203807,DUPLICADO_EXACTO,Fila duplicada exacta (misma PK) para simular reintento de ingesta sin idempotencia
TB_MOV_FINANCIEROS,MOV00154955,DUPLICADO_EXACTO,Fila duplicada exacta (misma PK) para simular reintento de ingesta sin idempotencia
TB_MOV_FINANCIEROS,MOV00062034,DUPLICADO_EXACTO,Fila duplicada exacta (misma PK) para simular reintento de ingesta sin idempotencia
TB_MOV_FINANCIEROS,MOV00038922,DUPLICADO_EXACTO,Fila duplicada exacta (misma PK) para simular reintento de ingesta sin idempotencia
TB_MOV_FINANCIEROS,MOV00360449,DUPLICADO_EXACTO,Fila duplicada exacta (misma PK) para simular reintento de ingesta sin idempotencia
TB_MOV_FINANCIEROS,MOV00244320,DUPLICADO_EXACTO,Fila duplicada exacta (misma PK) para simular reintento de ingesta sin idempotencia
TB_MOV_FINANCIEROS,MOV00096015,DUPLICADO_EXACTO,Fila duplicada exacta (misma PK) para simular reintento de ingesta sin idempotencia
TB_MOV_FINANCIEROS,MOV00446725,DUPLICADO_EXACTO,Fila duplicada exacta (misma PK) para simular reintento de ingesta sin idempotencia
TB_MOV_FINANCIEROS,MOV00401415,DUPLICADO_EXACTO,Fila duplicada exacta (misma PK) para simular reintento de ingesta sin idempotencia
TB_MOV_FINANCIEROS,MOV00172669,DUPLICADO_EXACTO,Fila duplicada exacta (misma PK) para simular reintento de ingesta sin idempotencia
TB_MOV_FINANCIEROS,MOV00329340,DUPLICADO_EXACTO,Fila duplicada exacta (misma PK) para simular reintento de ingesta sin idempotencia
TB_MOV_FINANCIEROS,MOV00030637,DUPLICADO_EXACTO,Fila duplicada exacta (misma PK) para simular reintento de ingesta sin idempotencia
TB_MOV_FINANCIEROS,MOV00258313,DUPLICADO_EXACTO,Fila duplicada exacta (misma PK) para simular reintento de ingesta sin idempotencia
TB_MOV_FINANCIEROS,MOV00435770,DUPLICADO_EXACTO,Fila duplicada exacta (misma PK) para simular reintento de ingesta sin idempotencia
TB_MOV_FINANCIEROS,MOV00146591,DUPLICADO_EXACTO,Fila duplicada exacta (misma PK) para simular reintento de ingesta sin idempotencia
TB_MOV_FINANCIEROS,MOV00233046,DUPLICADO_EXACTO,Fila duplicada exacta (misma PK) para simular reintento de ingesta sin idempotencia
TB_MOV_FINANCIEROS,MOV00284133,DUPLICADO_EXACTO,Fila duplicada exacta (misma PK) para simular reintento de ingesta sin idempotencia
TB_MOV_FINANCIEROS,MOV00303205,DUPLICADO_EXACTO,Fila duplicada exacta (misma PK) para simular reintento de ingesta sin idempotencia
TB_MOV_FINANCIEROS,MOV00399341,DUPLICADO_EXACTO,Fila duplicada exacta (misma PK) para simular reintento de ingesta sin idempotencia
TB_MOV_FINANCIEROS,MOV00405287,DUPLICADO_EXACTO,Fila duplicada exacta (misma PK) para simular reintento de ingesta sin idempotencia
TB_MOV_FINANCIEROS,MOV00282790,DUPLICADO_EXACTO,Fila duplicada exacta (misma PK) para simular reintento de ingesta sin idempotencia
TB_MOV_FINANCIEROS,MOV00273423,DUPLICADO_EXACTO,Fila duplicada exacta (misma PK) para simular reintento de ingesta sin idempotencia
TB_MOV_FINANCIEROS,MOV00113402,DUPLICADO_EXACTO,Fila duplicada exacta (misma PK) para simular reintento de ingesta sin idempotencia
TB_MOV_FINANCIEROS,MOV00307860,DUPLICADO_EXACTO,Fila duplicada exacta (misma PK) para simular reintento de ingesta sin idempotencia
TB_MOV_FINANCIEROS,MOV00460957,DUPLICADO_EXACTO,Fila duplicada exacta (misma PK) para simular reintento de ingesta sin idempotencia
TB_MOV_FINANCIEROS,MOV00052640,DUPLICADO_EXACTO,Fila duplicada exacta (misma PK) para simular reintento de ingesta sin idempotencia
TB_MOV_FINANCIEROS,MOV00433902,DUPLICADO_EXACTO,Fila duplicada exacta (misma PK) para simular reintento de ingesta sin idempotencia
TB_MOV_FINANCIEROS,MOV00344402,DUPLICADO_EXACTO,Fila duplicada exacta (misma PK) para simular reintento de ingesta sin idempotencia
TB_MOV_FINANCIEROS,MOV00018153,DUPLICADO_EXACTO,Fila duplicada exacta (misma PK) para simular reintento de ingesta sin idempotencia
TB_MOV_FINANCIEROS,MOV00299999,DUPLICADO_EXACTO,Fila duplicada exacta (misma PK) para simular reintento de ingesta sin idempotencia
TB_MOV_FINANCIEROS,MOV00494252,DUPLICADO_EXACTO,Fila duplicada exacta (misma PK) para simular reintento de ingesta sin idempotencia
TB_MOV_FINANCIEROS,MOV00168346,DUPLICADO_EXACTO,Fila duplicada exacta (misma PK) para simular reintento de ingesta sin idempotencia
TB_MOV_FINANCIEROS,MOV00396600,DUPLICADO_EXACTO,Fila duplicada exacta (misma PK) para simular reintento de ingesta sin idempotencia
TB_MOV_FINANCIEROS,MOV00079512,DUPLICADO_EXACTO,Fila duplicada exacta (misma PK) para simular reintento de ingesta sin idempotencia
TB_MOV_FINANCIEROS,MOV00333240,DUPLICADO_EXACTO,Fila duplicada exacta (misma PK) para simular reintento de ingesta sin idempotencia
TB_MOV_FINANCIEROS,MOV00377774,DUPLICADO_EXACTO,Fila duplicada exacta (misma PK) para simular reintento de ingesta sin idempotencia
TB_MOV_FINANCIEROS,MOV00034075,DUPLICADO_EXACTO,Fila duplicada exacta (misma PK) para simular reintento de ingesta sin idempotencia
TB_MOV_FINANCIEROS,MOV00478548,DUPLICADO_EXACTO,Fila duplicada exacta (misma PK) para simular reintento de ingesta sin idempotencia
TB_MOV_FINANCIEROS,MOV00285258,DUPLICADO_EXACTO,Fila duplicada exacta (misma PK) para simular reintento de ingesta sin idempotencia
TB_MOV_FINANCIEROS,MOV00466800,DUPLICADO_EXACTO,Fila duplicada exacta (misma PK) para simular reintento de ingesta sin idempotencia
TB_MOV_FINANCIEROS,MOV00022577,DUPLICADO_EXACTO,Fila duplicada exacta (misma PK) para simular reintento de ingesta sin idempotencia
TB_MOV_FINANCIEROS,MOV00090574,DUPLICADO_EXACTO,Fila duplicada exacta (misma PK) para simular reintento de ingesta sin idempotencia
TB_MOV_FINANCIEROS,MOV00290321,DUPLICADO_EXACTO,Fila duplicada exacta (misma PK) para simular reintento de ingesta sin idempotencia
TB_MOV_FINANCIEROS,MOV00144827,DUPLICADO_EXACTO,Fila duplicada exacta (misma PK) para simular reintento de ingesta sin idempotencia
TB_MOV_FINANCIEROS,MOV00436948,DUPLICADO_EXACTO,Fila duplicada exacta (misma PK) para simular reintento de ingesta sin idempotencia
TB_MOV_FINANCIEROS,MOV00446465,DUPLICADO_EXACTO,Fila duplicada exacta (misma PK) para simular reintento de ingesta sin idempotencia
TB_MOV_FINANCIEROS,MOV00143193,DUPLICADO_EXACTO,Fila duplicada exacta (misma PK) para simular reintento de ingesta sin idempotencia
TB_MOV_FINANCIEROS,MOV00462712,DUPLICADO_EXACTO,Fila duplicada exacta (misma PK) para simular reintento de ingesta sin idempotencia
TB_MOV_FINANCIEROS,MOV00274817,DUPLICADO_EXACTO,Fila duplicada exacta (misma PK) para simular reintento de ingesta sin idempotencia
TB_MOV_FINANCIEROS,MOV00188487,DUPLICADO_EXACTO,Fila duplicada exacta (misma PK) para simular reintento de ingesta sin idempotencia
TB_MOV_FINANCIEROS,MOV00387942,DUPLICADO_EXACTO,Fila duplicada exacta (misma PK) para simular reintento de ingesta sin idempotencia
TB_MOV_FINANCIEROS,MOV00072338,DUPLICADO_EXACTO,Fila duplicada exacta (misma PK) para simular reintento de ingesta sin idempotencia
TB_MOV_FINANCIEROS,MOV00331217,DUPLICADO_EXACTO,Fila duplicada exacta (misma PK) para simular reintento de ingesta sin idempotencia
TB_MOV_FINANCIEROS,MOV00145705,DUPLICADO_EXACTO,Fila duplicada exacta (misma PK) para simular reintento de ingesta sin idempotencia
TB_MOV_FINANCIEROS,MOV00347023,DUPLICADO_EXACTO,Fila duplicada exacta (misma PK) para simular reintento de ingesta sin idempotencia
TB_MOV_FINANCIEROS,MOV00407479,DUPLICADO_EXACTO,Fila duplicada exacta (misma PK) para simular reintento de ingesta sin idempotencia
TB_MOV_FINANCIEROS,MOV00337764,DUPLICADO_EXACTO,Fila duplicada exacta (misma PK) para simular reintento de ingesta sin idempotencia
TB_MOV_FINANCIEROS,MOV00042997,DUPLICADO_EXACTO,Fila duplicada exacta (misma PK) para simular reintento de ingesta sin idempotencia
TB_MOV_FINANCIEROS,MOV00423763,DUPLICADO_EXACTO,Fila duplicada exacta (misma PK) para simular reintento de ingesta sin idempotencia
TB_MOV_FINANCIEROS,MOV00393647,DUPLICADO_EXACTO,Fila duplicada exacta (misma PK) para simular reintento de ingesta sin idempotencia
TB_MOV_FINANCIEROS,MOV00295979,DUPLICADO_EXACTO,Fila duplicada exacta (misma PK) para simular reintento de ingesta sin idempotencia
TB_MOV_FINANCIEROS,MOV00169149,DUPLICADO_EXACTO,Fila duplicada exacta (misma PK) para simular reintento de ingesta sin idempotencia
TB_MOV_FINANCIEROS,MOV00407255,DUPLICADO_EXACTO,Fila duplicada exacta (misma PK) para simular reintento de ingesta sin idempotencia
TB_MOV_FINANCIEROS,MOV00290950,DUPLICADO_EXACTO,Fila duplicada exacta (misma PK) para simular reintento de ingesta sin idempotencia
TB_MOV_FINANCIEROS,MOV00263558,DUPLICADO_EXACTO,Fila duplicada exacta (misma PK) para simular reintento de ingesta sin idempotencia
TB_MOV_FINANCIEROS,MOV00289868,DUPLICADO_EXACTO,Fila duplicada exacta (misma PK) para simular reintento de ingesta sin idempotencia
TB_MOV_FINANCIEROS,MOV00088198,DUPLICADO_EXACTO,Fila duplicada exacta (misma PK) para simular reintento de ingesta sin idempotencia
TB_MOV_FINANCIEROS,MOV00416405,DUPLICADO_EXACTO,Fila duplicada exacta (misma PK) para simular reintento de ingesta sin idempotencia
TB_MOV_FINANCIEROS,MOV00254818,DUPLICADO_EXACTO,Fila duplicada exacta (misma PK) para simular reintento de ingesta sin idempotencia
TB_MOV_FINANCIEROS,MOV00064811,DUPLICADO_EXACTO,Fila duplicada exacta (misma PK) para simular reintento de ingesta sin idempotencia
TB_MOV_FINANCIEROS,MOV00327253,DUPLICADO_EXACTO,Fila duplicada exacta (misma PK) para simular reintento de ingesta sin idempotencia
TB_MOV_FINANCIEROS,MOV00071747,DUPLICADO_EXACTO,Fila duplicada exacta (misma PK) para simular reintento de ingesta sin idempotencia
TB_MOV_FINANCIEROS,MOV00136718,DUPLICADO_EXACTO,Fila duplicada exacta (misma PK) para simular reintento de ingesta sin idempotencia
TB_MOV_FINANCIEROS,MOV00049589,DUPLICADO_EXACTO,Fila duplicada exacta (misma PK) para simular reintento de ingesta sin idempotencia
TB_MOV_FINANCIEROS,MOV00230262,DUPLICADO_EXACTO,Fila duplicada exacta (misma PK) para simular reintento de ingesta sin idempotencia
TB_MOV_FINANCIEROS,MOV00156078,DUPLICADO_EXACTO,Fila duplicada exacta (misma PK) para simular reintento de ingesta sin idempotencia
TB_MOV_FINANCIEROS,MOV00468150,DUPLICADO_EXACTO,Fila duplicada exacta (misma PK) para simular reintento de ingesta sin idempotencia
TB_MOV_FINANCIEROS,MOV00271747,DUPLICADO_EXACTO,Fila duplicada exacta (misma PK) para simular reintento de ingesta sin idempotencia
TB_MOV_FINANCIEROS,MOV00110478,DUPLICADO_EXACTO,Fila duplicada exacta (misma PK) para simular reintento de ingesta sin idempotencia
TB_MOV_FINANCIEROS,MOV00444744,DUPLICADO_EXACTO,Fila duplicada exacta (misma PK) para simular reintento de ingesta sin idempotencia
TB_MOV_FINANCIEROS,MOV00448734,DUPLICADO_EXACTO,Fila duplicada exacta (misma PK) para simular reintento de ingesta sin idempotencia
TB_MOV_FINANCIEROS,MOV00163097,DUPLICADO_EXACTO,Fila duplicada exacta (misma PK) para simular reintento de ingesta sin idempotencia
TB_MOV_FINANCIEROS,MOV00000626,DUPLICADO_EXACTO,Fila duplicada exacta (misma PK) para simular reintento de ingesta sin idempotencia
TB_MOV_FINANCIEROS,MOV00202964,DUPLICADO_EXACTO,Fila duplicada exacta (misma PK) para simular reintento de ingesta sin idempotencia
TB_MOV_FINANCIEROS,MOV00111892,DUPLICADO_EXACTO,Fila duplicada exacta (misma PK) para simular reintento de ingesta sin idempotencia
TB_MOV_FINANCIEROS,MOV00198529,DUPLICADO_EXACTO,Fila duplicada exacta (misma PK) para simular reintento de ingesta sin idempotencia
TB_MOV_FINANCIEROS,MOV00416976,DUPLICADO_EXACTO,Fila duplicada exacta (misma PK) para simular reintento de ingesta sin idempotencia
TB_MOV_FINANCIEROS,MOV00437546,DUPLICADO_EXACTO,Fila duplicada exacta (misma PK) para simular reintento de ingesta sin idempotencia
TB_MOV_FINANCIEROS,MOV00041591,DUPLICADO_EXACTO,Fila duplicada exacta (misma PK) para simular reintento de ingesta sin idempotencia
TB_MOV_FINANCIEROS,MOV00062495,DUPLICADO_EXACTO,Fila duplicada exacta (misma PK) para simular reintento de ingesta sin idempotencia
TB_MOV_FINANCIEROS,MOV00051843,DUPLICADO_EXACTO,Fila duplicada exacta (misma PK) para simular reintento de ingesta sin idempotencia
TB_MOV_FINANCIEROS,MOV00003836,DUPLICADO_EXACTO,Fila duplicada exacta (misma PK) para simular reintento de ingesta sin idempotencia
TB_MOV_FINANCIEROS,MOV00137792,DUPLICADO_EXACTO,Fila duplicada exacta (misma PK) para simular reintento de ingesta sin idempotencia
TB_MOV_FINANCIEROS,MOV00181410,DUPLICADO_EXACTO,Fila duplicada exacta (misma PK) para simular reintento de ingesta sin idempotencia
TB_MOV_FINANCIEROS,MOV00236400,DUPLICADO_EXACTO,Fila duplicada exacta (misma PK) para simular reintento de ingesta sin idempotencia
TB_MOV_FINANCIEROS,MOV00074488,DUPLICADO_EXACTO,Fila duplicada exacta (misma PK) para simular reintento de ingesta sin idempotencia
TB_MOV_FINANCIEROS,MOV00305954,DUPLICADO_EXACTO,Fila duplicada exacta (misma PK) para simular reintento de ingesta sin idempotencia
TB_MOV_FINANCIEROS,MOV00146604,DUPLICADO_EXACTO,Fila duplicada exacta (misma PK) para simular reintento de ingesta sin idempotencia
TB_MOV_FINANCIEROS,MOV00159489,DUPLICADO_EXACTO,Fila duplicada exacta (misma PK) para simular reintento de ingesta sin idempotencia
TB_MOV_FINANCIEROS,MOV00371841,DUPLICADO_EXACTO,Fila duplicada exacta (misma PK) para simular reintento de ingesta sin idempotencia
TB_MOV_FINANCIEROS,MOV00214751,DUPLICADO_EXACTO,Fila duplicada exacta (misma PK) para simular reintento de ingesta sin idempotencia
TB_MOV_FINANCIEROS,MOV00293053,DUPLICADO_EXACTO,Fila duplicada exacta (misma PK) para simular reintento de ingesta sin idempotencia
TB_MOV_FINANCIEROS,MOV00115182,DUPLICADO_EXACTO,Fila duplicada exacta (misma PK) para simular reintento de ingesta sin idempotencia
TB_MOV_FINANCIEROS,MOV00177265,DUPLICADO_EXACTO,Fila duplicada exacta (misma PK) para simular reintento de ingesta sin idempotencia
TB_MOV_FINANCIEROS,MOV00181211,DUPLICADO_EXACTO,Fila duplicada exacta (misma PK) para simular reintento de ingesta sin idempotencia
TB_MOV_FINANCIEROS,MOV00086689,DUPLICADO_EXACTO,Fila duplicada exacta (misma PK) para simular reintento de ingesta sin idempotencia
TB_MOV_FINANCIEROS,MOV00427544,DUPLICADO_EXACTO,Fila duplicada exacta (misma PK) para simular reintento de ingesta sin idempotencia
TB_MOV_FINANCIEROS,MOV00335946,DUPLICADO_EXACTO,Fila duplicada exacta (misma PK) para simular reintento de ingesta sin idempotencia
TB_MOV_FINANCIEROS,MOV00222678,DUPLICADO_EXACTO,Fila duplicada exacta (misma PK) para simular reintento de ingesta sin idempotencia
TB_MOV_FINANCIEROS,MOV00033636,DUPLICADO_EXACTO,Fila duplicada exacta (misma PK) para simular reintento de ingesta sin idempotencia
TB_MOV_FINANCIEROS,MOV00404777,DUPLICADO_EXACTO,Fila duplicada exacta (misma PK) para simular reintento de ingesta sin idempotencia
TB_MOV_FINANCIEROS,MOV00052298,DUPLICADO_EXACTO,Fila duplicada exacta (misma PK) para simular reintento de ingesta sin idempotencia
TB_MOV_FINANCIEROS,MOV00304940,DUPLICADO_EXACTO,Fila duplicada exacta (misma PK) para simular reintento de ingesta sin idempotencia
TB_MOV_FINANCIEROS,MOV00385259,DUPLICADO_EXACTO,Fila duplicada exacta (misma PK) para simular reintento de ingesta sin idempotencia
TB_MOV_FINANCIEROS,MOV00384553,DUPLICADO_EXACTO,Fila duplicada exacta (misma PK) para simular reintento de ingesta sin idempotencia
TB_MOV_FINANCIEROS,MOV00479170,DUPLICADO_EXACTO,Fila duplicada exacta (misma PK) para simular reintento de ingesta sin idempotencia
TB_MOV_FINANCIEROS,MOV00498645,DUPLICADO_EXACTO,Fila duplicada exacta (misma PK) para simular reintento de ingesta sin idempotencia
TB_MOV_FINANCIEROS,MOV00463335,DUPLICADO_EXACTO,Fila duplicada exacta (misma PK) para simular reintento de ingesta sin idempotencia
TB_MOV_FINANCIEROS,MOV00156398,DUPLICADO_EXACTO,Fila duplicada exacta (misma PK) para simular reintento de ingesta sin idempotencia
TB_MOV_FINANCIEROS,MOV00193930,DUPLICADO_EXACTO,Fila duplicada exacta (misma PK) para simular reintento de ingesta sin idempotencia
TB_MOV_FINANCIEROS,MOV00154775,DUPLICADO_EXACTO,Fila duplicada exacta (misma PK) para simular reintento de ingesta sin idempotencia
TB_MOV_FINANCIEROS,MOV00054316,DUPLICADO_EXACTO,Fila duplicada exacta (misma PK) para simular reintento de ingesta sin idempotencia
TB_MOV_FINANCIEROS,MOV00310092,DUPLICADO_EXACTO,Fila duplicada exacta (misma PK) para simular reintento de ingesta sin idempotencia
TB_MOV_FINANCIEROS,MOV00028377,DUPLICADO_EXACTO,Fila duplicada exacta (misma PK) para simular reintento de ingesta sin idempotencia
TB_MOV_FINANCIEROS,MOV00181670,DUPLICADO_EXACTO,Fila duplicada exacta (misma PK) para simular reintento de ingesta sin idempotencia
TB_MOV_FINANCIEROS,MOV00319521,DUPLICADO_EXACTO,Fila duplicada exacta (misma PK) para simular reintento de ingesta sin idempotencia
TB_MOV_FINANCIEROS,MOV00379994,DUPLICADO_EXACTO,Fila duplicada exacta (misma PK) para simular reintento de ingesta sin idempotencia
TB_MOV_FINANCIEROS,MOV00386621,DUPLICADO_EXACTO,Fila duplicada exacta (misma PK) para simular reintento de ingesta sin idempotencia
TB_MOV_FINANCIEROS,MOV00403398,DUPLICADO_EXACTO,Fila duplicada exacta (misma PK) para simular reintento de ingesta sin idempotencia
TB_MOV_FINANCIEROS,MOV00080134,DUPLICADO_EXACTO,Fila duplicada exacta (misma PK) para simular reintento de ingesta sin idempotencia
TB_MOV_FINANCIEROS,MOV00344132,DUPLICADO_EXACTO,Fila duplicada exacta (misma PK) para simular reintento de ingesta sin idempotencia
TB_MOV_FINANCIEROS,MOV00115998,DUPLICADO_EXACTO,Fila duplicada exacta (misma PK) para simular reintento de ingesta sin idempotencia
TB_MOV_FINANCIEROS,MOV00271655,DUPLICADO_EXACTO,Fila duplicada exacta (misma PK) para simular reintento de ingesta sin idempotencia
TB_MOV_FINANCIEROS,MOV00324317,DUPLICADO_EXACTO,Fila duplicada exacta (misma PK) para simular reintento de ingesta sin idempotencia
TB_MOV_FINANCIEROS,MOV00268787,DUPLICADO_EXACTO,Fila duplicada exacta (misma PK) para simular reintento de ingesta sin idempotencia
TB_MOV_FINANCIEROS,MOV00164811,DUPLICADO_EXACTO,Fila duplicada exacta (misma PK) para simular reintento de ingesta sin idempotencia
TB_MOV_FINANCIEROS,MOV00423306,DUPLICADO_EXACTO,Fila duplicada exacta (misma PK) para simular reintento de ingesta sin idempotencia
TB_MOV_FINANCIEROS,MOV00495995,DUPLICADO_EXACTO,Fila duplicada exacta (misma PK) para simular reintento de ingesta sin idempotencia
TB_MOV_FINANCIEROS,MOV00422635,DUPLICADO_EXACTO,Fila duplicada exacta (misma PK) para simular reintento de ingesta sin idempotencia
TB_MOV_FINANCIEROS,MOV00027765,DUPLICADO_EXACTO,Fila duplicada exacta (misma PK) para simular reintento de ingesta sin idempotencia
TB_MOV_FINANCIEROS,MOV00399789,DUPLICADO_EXACTO,Fila duplicada exacta (misma PK) para simular reintento de ingesta sin idempotencia
TB_MOV_FINANCIEROS,MOV00314357,DUPLICADO_EXACTO,Fila duplicada exacta (misma PK) para simular reintento de ingesta sin idempotencia
TB_MOV_FINANCIEROS,MOV00034509,DUPLICADO_EXACTO,Fila duplicada exacta (misma PK) para simular reintento de ingesta sin idempotencia
TB_MOV_FINANCIEROS,MOV00204740,DUPLICADO_EXACTO,Fila duplicada exacta (misma PK) para simular reintento de ingesta sin idempotencia
TB_MOV_FINANCIEROS,MOV00329081,DUPLICADO_EXACTO,Fila duplicada exacta (misma PK) para simular reintento de ingesta sin idempotencia
TB_MOV_FINANCIEROS,MOV00287422,DUPLICADO_EXACTO,Fila duplicada exacta (misma PK) para simular reintento de ingesta sin idempotencia
TB_MOV_FINANCIEROS,MOV00358999,DUPLICADO_EXACTO,Fila duplicada exacta (misma PK) para simular reintento de ingesta sin idempotencia
TB_MOV_FINANCIEROS,MOV00370158,DUPLICADO_EXACTO,Fila duplicada exacta (misma PK) para simular reintento de ingesta sin idempotencia
TB_MOV_FINANCIEROS,MOV00155581,DUPLICADO_EXACTO,Fila duplicada exacta (misma PK) para simular reintento de ingesta sin idempotencia
TB_MOV_FINANCIEROS,MOV00134560,DUPLICADO_EXACTO,Fila duplicada exacta (misma PK) para simular reintento de ingesta sin idempotencia
TB_MOV_FINANCIEROS,MOV00077744,DUPLICADO_EXACTO,Fila duplicada exacta (misma PK) para simular reintento de ingesta sin idempotencia
TB_MOV_FINANCIEROS,MOV00205809,DUPLICADO_EXACTO,Fila duplicada exacta (misma PK) para simular reintento de ingesta sin idempotencia
TB_MOV_FINANCIEROS,MOV00110387,DUPLICADO_EXACTO,Fila duplicada exacta (misma PK) para simular reintento de ingesta sin idempotencia
TB_MOV_FINANCIEROS,MOV00098883,DUPLICADO_EXACTO,Fila duplicada exacta (misma PK) para simular reintento de ingesta sin idempotencia
TB_MOV_FINANCIEROS,MOV00356209,DUPLICADO_EXACTO,Fila duplicada exacta (misma PK) para simular reintento de ingesta sin idempotencia
TB_MOV_FINANCIEROS,MOV00242194,DUPLICADO_EXACTO,Fila duplicada exacta (misma PK) para simular reintento de ingesta sin idempotencia
TB_MOV_FINANCIEROS,MOV00033142,DUPLICADO_EXACTO,Fila duplicada exacta (misma PK) para simular reintento de ingesta sin idempotencia
TB_MOV_FINANCIEROS,MOV00291160,DUPLICADO_EXACTO,Fila duplicada exacta (misma PK) para simular reintento de ingesta sin idempotencia
TB_MOV_FINANCIEROS,MOV00049343,DUPLICADO_EXACTO,Fila duplicada exacta (misma PK) para simular reintento de ingesta sin idempotencia
TB_MOV_FINANCIEROS,MOV00205954,DUPLICADO_EXACTO,Fila duplicada exacta (misma PK) para simular reintento de ingesta sin idempotencia
TB_MOV_FINANCIEROS,MOV00035529,DUPLICADO_EXACTO,Fila duplicada exacta (misma PK) para simular reintento de ingesta sin idempotencia
TB_MOV_FINANCIEROS,MOV00325988,DUPLICADO_EXACTO,Fila duplicada exacta (misma PK) para simular reintento de ingesta sin idempotencia
TB_MOV_FINANCIEROS,MOV00084613,DUPLICADO_EXACTO,Fila duplicada exacta (misma PK) para simular reintento de ingesta sin idempotencia
TB_MOV_FINANCIEROS,MOV00125622,DUPLICADO_EXACTO,Fila duplicada exacta (misma PK) para simular reintento de ingesta sin idempotencia
TB_MOV_FINANCIEROS,MOV00334677,DUPLICADO_EXACTO,Fila duplicada exacta (misma PK) para simular reintento de ingesta sin idempotencia
TB_MOV_FINANCIEROS,MOV00069173,DUPLICADO_EXACTO,Fila duplicada exacta (misma PK) para simular reintento de ingesta sin idempotencia
TB_MOV_FINANCIEROS,MOV00189783,DUPLICADO_EXACTO,Fila duplicada exacta (misma PK) para simular reintento de ingesta sin idempotencia
TB_MOV_FINANCIEROS,MOV00209548,DUPLICADO_EXACTO,Fila duplicada exacta (misma PK) para simular reintento de ingesta sin idempotencia
TB_MOV_FINANCIEROS,MOV00487087,DUPLICADO_EXACTO,Fila duplicada exacta (misma PK) para simular reintento de ingesta sin idempotencia
TB_MOV_FINANCIEROS,MOV00332818,DUPLICADO_EXACTO,Fila duplicada exacta (misma PK) para simular reintento de ingesta sin idempotencia
TB_MOV_FINANCIEROS,MOV00304104,DUPLICADO_EXACTO,Fila duplicada exacta (misma PK) para simular reintento de ingesta sin idempotencia
TB_MOV_FINANCIEROS,MOV00497986,DUPLICADO_EXACTO,Fila duplicada exacta (misma PK) para simular reintento de ingesta sin idempotencia
TB_MOV_FINANCIEROS,MOV00454639,DUPLICADO_EXACTO,Fila duplicada exacta (misma PK) para simular reintento de ingesta sin idempotencia
TB_MOV_FINANCIEROS,MOV00033214,DUPLICADO_EXACTO,Fila duplicada exacta (misma PK) para simular reintento de ingesta sin idempotencia
TB_MOV_FINANCIEROS,MOV00051246,DUPLICADO_EXACTO,Fila duplicada exacta (misma PK) para simular reintento de ingesta sin idempotencia
TB_MOV_FINANCIEROS,MOV00348369,DUPLICADO_EXACTO,Fila duplicada exacta (misma PK) para simular reintento de ingesta sin idempotencia
TB_MOV_FINANCIEROS,MOV00191022,DUPLICADO_EXACTO,Fila duplicada exacta (misma PK) para simular reintento de ingesta sin idempotencia
TB_MOV_FINANCIEROS,MOV00312495,DUPLICADO_EXACTO,Fila duplicada exacta (misma PK) para simular reintento de ingesta sin idempotencia
TB_MOV_FINANCIEROS,MOV00246900,DUPLICADO_EXACTO,Fila duplicada exacta (misma PK) para simular reintento de ingesta sin idempotencia
TB_MOV_FINANCIEROS,MOV00348595,DUPLICADO_EXACTO,Fila duplicada exacta (misma PK) para simular reintento de ingesta sin idempotencia
TB_MOV_FINANCIEROS,MOV00094867,DUPLICADO_EXACTO,Fila duplicada exacta (misma PK) para simular reintento de ingesta sin idempotencia
TB_MOV_FINANCIEROS,MOV00281071,DUPLICADO_EXACTO,Fila duplicada exacta (misma PK) para simular reintento de ingesta sin idempotencia
TB_MOV_FINANCIEROS,MOV00052219,DUPLICADO_EXACTO,Fila duplicada exacta (misma PK) para simular reintento de ingesta sin idempotencia
TB_MOV_FINANCIEROS,MOV00095329,DUPLICADO_EXACTO,Fila duplicada exacta (misma PK) para simular reintento de ingesta sin idempotencia
TB_MOV_FINANCIEROS,MOV00451474,DUPLICADO_EXACTO,Fila duplicada exacta (misma PK) para simular reintento de ingesta sin idempotencia
TB_MOV_FINANCIEROS,MOV00268622,DUPLICADO_EXACTO,Fila duplicada exacta (misma PK) para simular reintento de ingesta sin idempotencia
TB_MOV_FINANCIEROS,MOV00399640,DUPLICADO_EXACTO,Fila duplicada exacta (misma PK) para simular reintento de ingesta sin idempotencia
TB_MOV_FINANCIEROS,MOV00239815,DUPLICADO_EXACTO,Fila duplicada exacta (misma PK) para simular reintento de ingesta sin idempotencia
TB_MOV_FINANCIEROS,MOV00493160,DUPLICADO_EXACTO,Fila duplicada exacta (misma PK) para simular reintento de ingesta sin idempotencia
TB_MOV_FINANCIEROS,MOV00304838,DUPLICADO_EXACTO,Fila duplicada exacta (misma PK) para simular reintento de ingesta sin idempotencia
TB_MOV_FINANCIEROS,MOV00216287,DUPLICADO_EXACTO,Fila duplicada exacta (misma PK) para simular reintento de ingesta sin idempotencia
TB_MOV_FINANCIEROS,MOV00063891,DUPLICADO_EXACTO,Fila duplicada exacta (misma PK) para simular reintento de ingesta sin idempotencia
TB_MOV_FINANCIEROS,MOV00135036,DUPLICADO_EXACTO,Fila duplicada exacta (misma PK) para simular reintento de ingesta sin idempotencia
TB_MOV_FINANCIEROS,MOV00224191,DUPLICADO_EXACTO,Fila duplicada exacta (misma PK) para simular reintento de ingesta sin idempotencia
TB_MOV_FINANCIEROS,MOV00147031,DUPLICADO_EXACTO,Fila duplicada exacta (misma PK) para simular reintento de ingesta sin idempotencia
TB_MOV_FINANCIEROS,MOV00061818,DUPLICADO_EXACTO,Fila duplicada exacta (misma PK) para simular reintento de ingesta sin idempotencia
TB_MOV_FINANCIEROS,MOV00354857,DUPLICADO_EXACTO,Fila duplicada exacta (misma PK) para simular reintento de ingesta sin idempotencia
TB_MOV_FINANCIEROS,MOV00141574,DUPLICADO_EXACTO,Fila duplicada exacta (misma PK) para simular reintento de ingesta sin idempotencia
TB_MOV_FINANCIEROS,MOV00347385,DUPLICADO_EXACTO,Fila duplicada exacta (misma PK) para simular reintento de ingesta sin idempotencia
TB_MOV_FINANCIEROS,MOV00017674,DUPLICADO_EXACTO,Fila duplicada exacta (misma PK) para simular reintento de ingesta sin idempotencia
TB_MOV_FINANCIEROS,MOV00347008,DUPLICADO_EXACTO,Fila duplicada exacta (misma PK) para simular reintento de ingesta sin idempotencia
TB_MOV_FINANCIEROS,MOV00131799,DUPLICADO_EXACTO,Fila duplicada exacta (misma PK) para simular reintento de ingesta sin idempotencia
TB_MOV_FINANCIEROS,MOV00046046,DUPLICADO_EXACTO,Fila duplicada exacta (misma PK) para simular reintento de ingesta sin idempotencia
TB_MOV_FINANCIEROS,MOV00156724,DUPLICADO_EXACTO,Fila duplicada exacta (misma PK) para simular reintento de ingesta sin idempotencia
TB_MOV_FINANCIEROS,MOV00388895,DUPLICADO_EXACTO,Fila duplicada exacta (misma PK) para simular reintento de ingesta sin idempotencia
TB_MOV_FINANCIEROS,MOV00275583,DUPLICADO_EXACTO,Fila duplicada exacta (misma PK) para simular reintento de ingesta sin idempotencia
TB_MOV_FINANCIEROS,MOV00202767,DUPLICADO_EXACTO,Fila duplicada exacta (misma PK) para simular reintento de ingesta sin idempotencia
TB_MOV_FINANCIEROS,MOV00465734,DUPLICADO_EXACTO,Fila duplicada exacta (misma PK) para simular reintento de ingesta sin idempotencia
TB_MOV_FINANCIEROS,MOV00097959,DUPLICADO_EXACTO,Fila duplicada exacta (misma PK) para simular reintento de ingesta sin idempotencia
TB_MOV_FINANCIEROS,MOV00322390,DUPLICADO_EXACTO,Fila duplicada exacta (misma PK) para simular reintento de ingesta sin idempotencia
TB_MOV_FINANCIEROS,MOV00125702,DUPLICADO_EXACTO,Fila duplicada exacta (misma PK) para simular reintento de ingesta sin idempotencia
TB_MOV_FINANCIEROS,MOV00166290,DUPLICADO_EXACTO,Fila duplicada exacta (misma PK) para simular reintento de ingesta sin idempotencia
TB_MOV_FINANCIEROS,MOV00416837,DUPLICADO_EXACTO,Fila duplicada exacta (misma PK) para simular reintento de ingesta sin idempotencia
TB_MOV_FINANCIEROS,MOV00063202,DUPLICADO_EXACTO,Fila duplicada exacta (misma PK) para simular reintento de ingesta sin idempotencia
TB_MOV_FINANCIEROS,MOV00256228,DUPLICADO_EXACTO,Fila duplicada exacta (misma PK) para simular reintento de ingesta sin idempotencia
TB_MOV_FINANCIEROS,MOV00099338,DUPLICADO_EXACTO,Fila duplicada exacta (misma PK) para simular reintento de ingesta sin idempotencia
TB_MOV_FINANCIEROS,MOV00249546,DUPLICADO_EXACTO,Fila duplicada exacta (misma PK) para simular reintento de ingesta sin idempotencia
TB_MOV_FINANCIEROS,MOV00083275,DUPLICADO_EXACTO,Fila duplicada exacta (misma PK) para simular reintento de ingesta sin idempotencia
TB_MOV_FINANCIEROS,MOV00256818,DUPLICADO_EXACTO,Fila duplicada exacta (misma PK) para simular reintento de ingesta sin idempotencia
TB_MOV_FINANCIEROS,MOV00252789,DUPLICADO_EXACTO,Fila duplicada exacta (misma PK) para simular reintento de ingesta sin idempotencia
TB_MOV_FINANCIEROS,MOV00074234,DUPLICADO_EXACTO,Fila duplicada exacta (misma PK) para simular reintento de ingesta sin idempotencia
TB_MOV_FINANCIEROS,MOV00291336,DUPLICADO_EXACTO,Fila duplicada exacta (misma PK) para simular reintento de ingesta sin idempotencia
TB_MOV_FINANCIEROS,MOV00083609,DUPLICADO_EXACTO,Fila duplicada exacta (misma PK) para simular reintento de ingesta sin idempotencia
TB_MOV_FINANCIEROS,MOV00286859,DUPLICADO_EXACTO,Fila duplicada exacta (misma PK) para simular reintento de ingesta sin idempotencia
TB_MOV_FINANCIEROS,MOV00116790,DUPLICADO_EXACTO,Fila duplicada exacta (misma PK) para simular reintento de ingesta sin idempotencia
TB_MOV_FINANCIEROS,MOV00236740,DUPLICADO_EXACTO,Fila duplicada exacta (misma PK) para simular reintento de ingesta sin idempotencia
TB_MOV_FINANCIEROS,MOV00327500,DUPLICADO_EXACTO,Fila duplicada exacta (misma PK) para simular reintento de ingesta sin idempotencia
TB_MOV_FINANCIEROS,MOV00051204,DUPLICADO_EXACTO,Fila duplicada exacta (misma PK) para simular reintento de ingesta sin idempotencia
TB_MOV_FINANCIEROS,MOV00142071,DUPLICADO_EXACTO,Fila duplicada exacta (misma PK) para simular reintento de ingesta sin idempotencia
TB_MOV_FINANCIEROS,MOV00058476,DUPLICADO_EXACTO,Fila duplicada exacta (misma PK) para simular reintento de ingesta sin idempotencia
TB_MOV_FINANCIEROS,MOV00449100,DUPLICADO_EXACTO,Fila duplicada exacta (misma PK) para simular reintento de ingesta sin idempotencia
TB_MOV_FINANCIEROS,MOV00190537,DUPLICADO_EXACTO,Fila duplicada exacta (misma PK) para simular reintento de ingesta sin idempotencia
TB_MOV_FINANCIEROS,MOV00444040,DUPLICADO_EXACTO,Fila duplicada exacta (misma PK) para simular reintento de ingesta sin idempotencia
TB_MOV_FINANCIEROS,MOV00364007,DUPLICADO_EXACTO,Fila duplicada exacta (misma PK) para simular reintento de ingesta sin idempotencia
TB_MOV_FINANCIEROS,MOV00082059,DUPLICADO_EXACTO,Fila duplicada exacta (misma PK) para simular reintento de ingesta sin idempotencia
TB_MOV_FINANCIEROS,MOV00470997,DUPLICADO_EXACTO,Fila duplicada exacta (misma PK) para simular reintento de ingesta sin idempotencia
TB_MOV_FINANCIEROS,MOV00053791,DUPLICADO_EXACTO,Fila duplicada exacta (misma PK) para simular reintento de ingesta sin idempotencia
TB_MOV_FINANCIEROS,MOV00401006,DUPLICADO_EXACTO,Fila duplicada exacta (misma PK) para simular reintento de ingesta sin idempotencia
TB_MOV_FINANCIEROS,MOV00027594,DUPLICADO_EXACTO,Fila duplicada exacta (misma PK) para simular reintento de ingesta sin idempotencia
TB_MOV_FINANCIEROS,MOV00463114,DUPLICADO_EXACTO,Fila duplicada exacta (misma PK) para simular reintento de ingesta sin idempotencia
TB_MOV_FINANCIEROS,MOV00028380,DUPLICADO_EXACTO,Fila duplicada exacta (misma PK) para simular reintento de ingesta sin idempotencia
TB_MOV_FINANCIEROS,MOV00253086,DUPLICADO_EXACTO,Fila duplicada exacta (misma PK) para simular reintento de ingesta sin idempotencia
TB_MOV_FINANCIEROS,MOV00292998,DUPLICADO_EXACTO,Fila duplicada exacta (misma PK) para simular reintento de ingesta sin idempotencia
TB_MOV_FINANCIEROS,MOV00304755,DUPLICADO_EXACTO,Fila duplicada exacta (misma PK) para simular reintento de ingesta sin idempotencia
TB_MOV_FINANCIEROS,MOV00212249,DUPLICADO_EXACTO,Fila duplicada exacta (misma PK) para simular reintento de ingesta sin idempotencia
TB_MOV_FINANCIEROS,MOV00426444,DUPLICADO_EXACTO,Fila duplicada exacta (misma PK) para simular reintento de ingesta sin idempotencia
TB_MOV_FINANCIEROS,MOV00105203,DUPLICADO_EXACTO,Fila duplicada exacta (misma PK) para simular reintento de ingesta sin idempotencia
TB_MOV_FINANCIEROS,MOV00436588,DUPLICADO_EXACTO,Fila duplicada exacta (misma PK) para simular reintento de ingesta sin idempotencia
TB_MOV_FINANCIEROS,MOV00455127,DUPLICADO_EXACTO,Fila duplicada exacta (misma PK) para simular reintento de ingesta sin idempotencia
TB_MOV_FINANCIEROS,MOV00122209,DUPLICADO_EXACTO,Fila duplicada exacta (misma PK) para simular reintento de ingesta sin idempotencia
TB_MOV_FINANCIEROS,MOV00495807,DUPLICADO_EXACTO,Fila duplicada exacta (misma PK) para simular reintento de ingesta sin idempotencia
TB_MOV_FINANCIEROS,MOV00056516,DUPLICADO_EXACTO,Fila duplicada exacta (misma PK) para simular reintento de ingesta sin idempotencia
TB_MOV_FINANCIEROS,MOV00309112,DUPLICADO_EXACTO,Fila duplicada exacta (misma PK) para simular reintento de ingesta sin idempotencia
TB_MOV_FINANCIEROS,MOV00404752,DUPLICADO_EXACTO,Fila duplicada exacta (misma PK) para simular reintento de ingesta sin idempotencia
TB_MOV_FINANCIEROS,MOV00140182,DUPLICADO_EXACTO,Fila duplicada exacta (misma PK) para simular reintento de ingesta sin idempotencia
TB_MOV_FINANCIEROS,MOV00219026,DUPLICADO_EXACTO,Fila duplicada exacta (misma PK) para simular reintento de ingesta sin idempotencia
TB_MOV_FINANCIEROS,MOV00337540,DUPLICADO_EXACTO,Fila duplicada exacta (misma PK) para simular reintento de ingesta sin idempotencia
TB_MOV_FINANCIEROS,MOV00456890,DUPLICADO_EXACTO,Fila duplicada exacta (misma PK) para simular reintento de ingesta sin idempotencia
TB_MOV_FINANCIEROS,MOV00210902,DUPLICADO_EXACTO,Fila duplicada exacta (misma PK) para simular reintento de ingesta sin idempotencia
TB_MOV_FINANCIEROS,MOV00121171,DUPLICADO_EXACTO,Fila duplicada exacta (misma PK) para simular reintento de ingesta sin idempotencia
TB_MOV_FINANCIEROS,MOV00112331,DUPLICADO_EXACTO,Fila duplicada exacta (misma PK) para simular reintento de ingesta sin idempotencia
TB_MOV_FINANCIEROS,MOV00083690,DUPLICADO_EXACTO,Fila duplicada exacta (misma PK) para simular reintento de ingesta sin idempotencia
TB_MOV_FINANCIEROS,MOV00041538,DUPLICADO_EXACTO,Fila duplicada exacta (misma PK) para simular reintento de ingesta sin idempotencia
TB_MOV_FINANCIEROS,MOV00030292,DUPLICADO_EXACTO,Fila duplicada exacta (misma PK) para simular reintento de ingesta sin idempotencia
TB_MOV_FINANCIEROS,MOV00390535,DUPLICADO_EXACTO,Fila duplicada exacta (misma PK) para simular reintento de ingesta sin idempotencia
TB_MOV_FINANCIEROS,MOV00072194,DUPLICADO_EXACTO,Fila duplicada exacta (misma PK) para simular reintento de ingesta sin idempotencia
TB_MOV_FINANCIEROS,MOV00230587,DUPLICADO_EXACTO,Fila duplicada exacta (misma PK) para simular reintento de ingesta sin idempotencia
TB_MOV_FINANCIEROS,MOV00034013,DUPLICADO_EXACTO,Fila duplicada exacta (misma PK) para simular reintento de ingesta sin idempotencia
TB_MOV_FINANCIEROS,MOV00328384,DUPLICADO_EXACTO,Fila duplicada exacta (misma PK) para simular reintento de ingesta sin idempotencia
TB_MOV_FINANCIEROS,MOV00223843,DUPLICADO_EXACTO,Fila duplicada exacta (misma PK) para simular reintento de ingesta sin idempotencia
TB_MOV_FINANCIEROS,MOV00434653,DUPLICADO_EXACTO,Fila duplicada exacta (misma PK) para simular reintento de ingesta sin idempotencia
TB_MOV_FINANCIEROS,MOV00255805,DUPLICADO_EXACTO,Fila duplicada exacta (misma PK) para simular reintento de ingesta sin idempotencia
TB_MOV_FINANCIEROS,MOV00089068,DUPLICADO_EXACTO,Fila duplicada exacta (misma PK) para simular reintento de ingesta sin idempotencia
TB_MOV_FINANCIEROS,MOV00070252,DUPLICADO_EXACTO,Fila duplicada exacta (misma PK) para simular reintento de ingesta sin idempotencia
TB_MOV_FINANCIEROS,MOV00039493,DUPLICADO_EXACTO,Fila duplicada exacta (misma PK) para simular reintento de ingesta sin idempotencia
TB_MOV_FINANCIEROS,MOV00126541,DUPLICADO_EXACTO,Fila duplicada exacta (misma PK) para simular reintento de ingesta sin idempotencia
TB_MOV_FINANCIEROS,MOV00168459,DUPLICADO_EXACTO,Fila duplicada exacta (misma PK) para simular reintento de ingesta sin idempotencia
TB_MOV_FINANCIEROS,MOV00298773,DUPLICADO_EXACTO,Fila duplicada exacta (misma PK) para simular reintento de ingesta sin idempotencia
TB_MOV_FINANCIEROS,MOV00250996,DUPLICADO_EXACTO,Fila duplicada exacta (misma PK) para simular reintento de ingesta sin idempotencia
TB_MOV_FINANCIEROS,MOV00244054,DUPLICADO_EXACTO,Fila duplicada exacta (misma PK) para simular reintento de ingesta sin idempotencia
TB_MOV_FINANCIEROS,MOV00407783,DUPLICADO_EXACTO,Fila duplicada exacta (misma PK) para simular reintento de ingesta sin idempotencia
TB_MOV_FINANCIEROS,MOV00447541,DUPLICADO_EXACTO,Fila duplicada exacta (misma PK) para simular reintento de ingesta sin idempotencia
TB_MOV_FINANCIEROS,MOV00331675,DUPLICADO_EXACTO,Fila duplicada exacta (misma PK) para simular reintento de ingesta sin idempotencia
TB_MOV_FINANCIEROS,MOV00032676,DUPLICADO_EXACTO,Fila duplicada exacta (misma PK) para simular reintento de ingesta sin idempotencia
TB_MOV_FINANCIEROS,MOV00232809,DUPLICADO_EXACTO,Fila duplicada exacta (misma PK) para simular reintento de ingesta sin idempotencia
TB_MOV_FINANCIEROS,MOV00361768,DUPLICADO_EXACTO,Fila duplicada exacta (misma PK) para simular reintento de ingesta sin idempotencia
TB_MOV_FINANCIEROS,MOV00414551,DUPLICADO_EXACTO,Fila duplicada exacta (misma PK) para simular reintento de ingesta sin idempotencia
TB_MOV_FINANCIEROS,MOV00422870,DUPLICADO_EXACTO,Fila duplicada exacta (misma PK) para simular reintento de ingesta sin idempotencia
TB_MOV_FINANCIEROS,MOV00332503,DUPLICADO_EXACTO,Fila duplicada exacta (misma PK) para simular reintento de ingesta sin idempotencia
TB_MOV_FINANCIEROS,MOV00380939,DUPLICADO_EXACTO,Fila duplicada exacta (misma PK) para simular reintento de ingesta sin idempotencia
TB_MOV_FINANCIEROS,MOV00148441,DUPLICADO_EXACTO,Fila duplicada exacta (misma PK) para simular reintento de ingesta sin idempotencia
TB_MOV_FINANCIEROS,MOV00292448,DUPLICADO_EXACTO,Fila duplicada exacta (misma PK) para simular reintento de ingesta sin idempotencia
TB_MOV_FINANCIEROS,MOV00106103,DUPLICADO_EXACTO,Fila duplicada exacta (misma PK) para simular reintento de ingesta sin idempotencia
TB_MOV_FINANCIEROS,MOV00151782,DUPLICADO_EXACTO,Fila duplicada exacta (misma PK) para simular reintento de ingesta sin idempotencia
TB_MOV_FINANCIEROS,MOV00093337,DUPLICADO_EXACTO,Fila duplicada exacta (misma PK) para simular reintento de ingesta sin idempotencia
TB_MOV_FINANCIEROS,MOV00318600,DUPLICADO_EXACTO,Fila duplicada exacta (misma PK) para simular reintento de ingesta sin idempotencia
TB_MOV_FINANCIEROS,MOV00377933,DUPLICADO_EXACTO,Fila duplicada exacta (misma PK) para simular reintento de ingesta sin idempotencia
TB_MOV_FINANCIEROS,MOV00428557,DUPLICADO_EXACTO,Fila duplicada exacta (misma PK) para simular reintento de ingesta sin idempotencia
TB_MOV_FINANCIEROS,MOV00013610,DUPLICADO_EXACTO,Fila duplicada exacta (misma PK) para simular reintento de ingesta sin idempotencia
TB_MOV_FINANCIEROS,MOV00181288,DUPLICADO_EXACTO,Fila duplicada exacta (misma PK) para simular reintento de ingesta sin idempotencia
TB_MOV_FINANCIEROS,MOV00455678,DUPLICADO_EXACTO,Fila duplicada exacta (misma PK) para simular reintento de ingesta sin idempotencia
TB_MOV_FINANCIEROS,MOV00372256,DUPLICADO_EXACTO,Fila duplicada exacta (misma PK) para simular reintento de ingesta sin idempotencia
TB_MOV_FINANCIEROS,MOV00061203,DUPLICADO_EXACTO,Fila duplicada exacta (misma PK) para simular reintento de ingesta sin idempotencia
TB_MOV_FINANCIEROS,MOV00374473,DUPLICADO_EXACTO,Fila duplicada exacta (misma PK) para simular reintento de ingesta sin idempotencia
TB_MOV_FINANCIEROS,MOV00479712,DUPLICADO_EXACTO,Fila duplicada exacta (misma PK) para simular reintento de ingesta sin idempotencia
TB_MOV_FINANCIEROS,MOV00369209,DUPLICADO_EXACTO,Fila duplicada exacta (misma PK) para simular reintento de ingesta sin idempotencia
TB_MOV_FINANCIEROS,MOV00270258,DUPLICADO_EXACTO,Fila duplicada exacta (misma PK) para simular reintento de ingesta sin idempotencia
TB_MOV_FINANCIEROS,MOV00168241,DUPLICADO_EXACTO,Fila duplicada exacta (misma PK) para simular reintento de ingesta sin idempotencia
TB_MOV_FINANCIEROS,MOV00420648,DUPLICADO_EXACTO,Fila duplicada exacta (misma PK) para simular reintento de ingesta sin idempotencia
TB_MOV_FINANCIEROS,MOV00375268,DUPLICADO_EXACTO,Fila duplicada exacta (misma PK) para simular reintento de ingesta sin idempotencia
TB_MOV_FINANCIEROS,MOV00371952,DUPLICADO_EXACTO,Fila duplicada exacta (misma PK) para simular reintento de ingesta sin idempotencia
TB_MOV_FINANCIEROS,MOV00014913,DUPLICADO_EXACTO,Fila duplicada exacta (misma PK) para simular reintento de ingesta sin idempotencia
TB_MOV_FINANCIEROS,MOV00332239,DUPLICADO_EXACTO,Fila duplicada exacta (misma PK) para simular reintento de ingesta sin idempotencia
TB_MOV_FINANCIEROS,MOV00318229,DUPLICADO_EXACTO,Fila duplicada exacta (misma PK) para simular reintento de ingesta sin idempotencia
TB_MOV_FINANCIEROS,MOV00036905,DUPLICADO_EXACTO,Fila duplicada exacta (misma PK) para simular reintento de ingesta sin idempotencia
TB_MOV_FINANCIEROS,MOV00174201,DUPLICADO_EXACTO,Fila duplicada exacta (misma PK) para simular reintento de ingesta sin idempotencia
TB_MOV_FINANCIEROS,MOV00336382,DUPLICADO_EXACTO,Fila duplicada exacta (misma PK) para simular reintento de ingesta sin idempotencia
TB_MOV_FINANCIEROS,MOV00009001,DUPLICADO_EXACTO,Fila duplicada exacta (misma PK) para simular reintento de ingesta sin idempotencia
TB_MOV_FINANCIEROS,MOV00140022,DUPLICADO_EXACTO,Fila duplicada exacta (misma PK) para simular reintento de ingesta sin idempotencia
TB_MOV_FINANCIEROS,MOV00216645,DUPLICADO_EXACTO,Fila duplicada exacta (misma PK) para simular reintento de ingesta sin idempotencia
TB_MOV_FINANCIEROS,MOV00276228,DUPLICADO_EXACTO,Fila duplicada exacta (misma PK) para simular reintento de ingesta sin idempotencia
TB_MOV_FINANCIEROS,MOV00005116,DUPLICADO_EXACTO,Fila duplicada exacta (misma PK) para simular reintento de ingesta sin idempotencia
TB_MOV_FINANCIEROS,MOV00242218,DUPLICADO_EXACTO,Fila duplicada exacta (misma PK) para simular reintento de ingesta sin idempotencia
TB_MOV_FINANCIEROS,MOV00272764,DUPLICADO_EXACTO,Fila duplicada exacta (misma PK) para simular reintento de ingesta sin idempotencia
TB_MOV_FINANCIEROS,MOV00235952,DUPLICADO_EXACTO,Fila duplicada exacta (misma PK) para simular reintento de ingesta sin idempotencia
TB_MOV_FINANCIEROS,MOV00261509,DUPLICADO_EXACTO,Fila duplicada exacta (misma PK) para simular reintento de ingesta sin idempotencia
TB_MOV_FINANCIEROS,MOV00162158,DUPLICADO_EXACTO,Fila duplicada exacta (misma PK) para simular reintento de ingesta sin idempotencia
TB_MOV_FINANCIEROS,MOV00007684,DUPLICADO_EXACTO,Fila duplicada exacta (misma PK) para simular reintento de ingesta sin idempotencia
TB_MOV_FINANCIEROS,MOV00405961,DUPLICADO_EXACTO,Fila duplicada exacta (misma PK) para simular reintento de ingesta sin idempotencia
TB_MOV_FINANCIEROS,MOV00226067,DUPLICADO_EXACTO,Fila duplicada exacta (misma PK) para simular reintento de ingesta sin idempotencia
TB_MOV_FINANCIEROS,MOV00140647,DUPLICADO_EXACTO,Fila duplicada exacta (misma PK) para simular reintento de ingesta sin idempotencia
TB_MOV_FINANCIEROS,MOV00441358,DUPLICADO_EXACTO,Fila duplicada exacta (misma PK) para simular reintento de ingesta sin idempotencia
TB_MOV_FINANCIEROS,MOV00291627,DUPLICADO_EXACTO,Fila duplicada exacta (misma PK) para simular reintento de ingesta sin idempotencia
TB_MOV_FINANCIEROS,MOV00159325,DUPLICADO_EXACTO,Fila duplicada exacta (misma PK) para simular reintento de ingesta sin idempotencia
TB_MOV_FINANCIEROS,MOV00407399,DUPLICADO_EXACTO,Fila duplicada exacta (misma PK) para simular reintento de ingesta sin idempotencia
TB_MOV_FINANCIEROS,MOV00416075,DUPLICADO_EXACTO,Fila duplicada exacta (misma PK) para simular reintento de ingesta sin idempotencia
TB_MOV_FINANCIEROS,MOV00250458,DUPLICADO_EXACTO,Fila duplicada exacta (misma PK) para simular reintento de ingesta sin idempotencia
TB_MOV_FINANCIEROS,MOV00301676,DUPLICADO_EXACTO,Fila duplicada exacta (misma PK) para simular reintento de ingesta sin idempotencia
TB_MOV_FINANCIEROS,MOV00370626,DUPLICADO_EXACTO,Fila duplicada exacta (misma PK) para simular reintento de ingesta sin idempotencia
TB_MOV_FINANCIEROS,MOV00076490,DUPLICADO_EXACTO,Fila duplicada exacta (misma PK) para simular reintento de ingesta sin idempotencia
TB_MOV_FINANCIEROS,MOV00157964,DUPLICADO_EXACTO,Fila duplicada exacta (misma PK) para simular reintento de ingesta sin idempotencia
TB_MOV_FINANCIEROS,MOV00104285,DUPLICADO_EXACTO,Fila duplicada exacta (misma PK) para simular reintento de ingesta sin idempotencia
TB_MOV_FINANCIEROS,MOV00267222,DUPLICADO_EXACTO,Fila duplicada exacta (misma PK) para simular reintento de ingesta sin idempotencia
TB_MOV_FINANCIEROS,MOV00209699,DUPLICADO_EXACTO,Fila duplicada exacta (misma PK) para simular reintento de ingesta sin idempotencia
TB_MOV_FINANCIEROS,MOV00255113,DUPLICADO_EXACTO,Fila duplicada exacta (misma PK) para simular reintento de ingesta sin idempotencia
TB_MOV_FINANCIEROS,MOV00458706,DUPLICADO_EXACTO,Fila duplicada exacta (misma PK) para simular reintento de ingesta sin idempotencia
TB_MOV_FINANCIEROS,MOV00282266,DUPLICADO_EXACTO,Fila duplicada exacta (misma PK) para simular reintento de ingesta sin idempotencia
TB_MOV_FINANCIEROS,MOV00104795,DUPLICADO_EXACTO,Fila duplicada exacta (misma PK) para simular reintento de ingesta sin idempotencia
TB_MOV_FINANCIEROS,MOV00463366,DUPLICADO_EXACTO,Fila duplicada exacta (misma PK) para simular reintento de ingesta sin idempotencia
TB_MOV_FINANCIEROS,MOV00037480,DUPLICADO_EXACTO,Fila duplicada exacta (misma PK) para simular reintento de ingesta sin idempotencia
TB_MOV_FINANCIEROS,MOV00246715,DUPLICADO_EXACTO,Fila duplicada exacta (misma PK) para simular reintento de ingesta sin idempotencia
TB_MOV_FINANCIEROS,MOV00477699,DUPLICADO_EXACTO,Fila duplicada exacta (misma PK) para simular reintento de ingesta sin idempotencia
TB_MOV_FINANCIEROS,MOV00291215,DUPLICADO_EXACTO,Fila duplicada exacta (misma PK) para simular reintento de ingesta sin idempotencia
TB_MOV_FINANCIEROS,MOV00131609,DUPLICADO_EXACTO,Fila duplicada exacta (misma PK) para simular reintento de ingesta sin idempotencia
TB_MOV_FINANCIEROS,MOV00241566,DUPLICADO_EXACTO,Fila duplicada exacta (misma PK) para simular reintento de ingesta sin idempotencia
TB_MOV_FINANCIEROS,MOV00498734,DUPLICADO_EXACTO,Fila duplicada exacta (misma PK) para simular reintento de ingesta sin idempotencia
TB_MOV_FINANCIEROS,MOV00067760,DUPLICADO_EXACTO,Fila duplicada exacta (misma PK) para simular reintento de ingesta sin idempotencia
TB_MOV_FINANCIEROS,MOV00330186,DUPLICADO_EXACTO,Fila duplicada exacta (misma PK) para simular reintento de ingesta sin idempotencia
TB_MOV_FINANCIEROS,MOV00257869,DUPLICADO_EXACTO,Fila duplicada exacta (misma PK) para simular reintento de ingesta sin idempotencia
TB_MOV_FINANCIEROS,MOV00201733,DUPLICADO_EXACTO,Fila duplicada exacta (misma PK) para simular reintento de ingesta sin idempotencia
TB_MOV_FINANCIEROS,MOV00365304,DUPLICADO_EXACTO,Fila duplicada exacta (misma PK) para simular reintento de ingesta sin idempotencia
TB_MOV_FINANCIEROS,MOV00348992,DUPLICADO_EXACTO,Fila duplicada exacta (misma PK) para simular reintento de ingesta sin idempotencia
TB_MOV_FINANCIEROS,MOV00306660,DUPLICADO_EXACTO,Fila duplicada exacta (misma PK) para simular reintento de ingesta sin idempotencia
TB_MOV_FINANCIEROS,MOV00215801,DUPLICADO_EXACTO,Fila duplicada exacta (misma PK) para simular reintento de ingesta sin idempotencia
TB_MOV_FINANCIEROS,MOV00366763,DUPLICADO_EXACTO,Fila duplicada exacta (misma PK) para simular reintento de ingesta sin idempotencia
TB_MOV_FINANCIEROS,MOV00306883,DUPLICADO_EXACTO,Fila duplicada exacta (misma PK) para simular reintento de ingesta sin idempotencia
TB_MOV_FINANCIEROS,MOV00208463,DUPLICADO_EXACTO,Fila duplicada exacta (misma PK) para simular reintento de ingesta sin idempotencia
TB_MOV_FINANCIEROS,MOV00073321,DUPLICADO_EXACTO,Fila duplicada exacta (misma PK) para simular reintento de ingesta sin idempotencia
TB_MOV_FINANCIEROS,MOV00494032,DUPLICADO_EXACTO,Fila duplicada exacta (misma PK) para simular reintento de ingesta sin idempotencia
TB_MOV_FINANCIEROS,MOV00223123,DUPLICADO_EXACTO,Fila duplicada exacta (misma PK) para simular reintento de ingesta sin idempotencia
TB_MOV_FINANCIEROS,MOV00472613,DUPLICADO_EXACTO,Fila duplicada exacta (misma PK) para simular reintento de ingesta sin idempotencia
TB_MOV_FINANCIEROS,MOV00373554,DUPLICADO_EXACTO,Fila duplicada exacta (misma PK) para simular reintento de ingesta sin idempotencia
TB_MOV_FINANCIEROS,MOV00358421,DUPLICADO_EXACTO,Fila duplicada exacta (misma PK) para simular reintento de ingesta sin idempotencia
TB_MOV_FINANCIEROS,MOV00102801,DUPLICADO_EXACTO,Fila duplicada exacta (misma PK) para simular reintento de ingesta sin idempotencia
TB_MOV_FINANCIEROS,MOV00338687,DUPLICADO_EXACTO,Fila duplicada exacta (misma PK) para simular reintento de ingesta sin idempotencia
TB_MOV_FINANCIEROS,MOV00300043,DUPLICADO_EXACTO,Fila duplicada exacta (misma PK) para simular reintento de ingesta sin idempotencia
TB_MOV_FINANCIEROS,MOV00444754,DUPLICADO_EXACTO,Fila duplicada exacta (misma PK) para simular reintento de ingesta sin idempotencia
TB_MOV_FINANCIEROS,MOV00057520,DUPLICADO_EXACTO,Fila duplicada exacta (misma PK) para simular reintento de ingesta sin idempotencia
TB_MOV_FINANCIEROS,MOV00212930,DUPLICADO_EXACTO,Fila duplicada exacta (misma PK) para simular reintento de ingesta sin idempotencia
TB_MOV_FINANCIEROS,MOV00430370,DUPLICADO_EXACTO,Fila duplicada exacta (misma PK) para simular reintento de ingesta sin idempotencia
TB_MOV_FINANCIEROS,MOV00029229,DUPLICADO_EXACTO,Fila duplicada exacta (misma PK) para simular reintento de ingesta sin idempotencia
TB_MOV_FINANCIEROS,MOV00049999,DUPLICADO_EXACTO,Fila duplicada exacta (misma PK) para simular reintento de ingesta sin idempotencia
TB_MOV_FINANCIEROS,MOV00337203,DUPLICADO_EXACTO,Fila duplicada exacta (misma PK) para simular reintento de ingesta sin idempotencia
TB_MOV_FINANCIEROS,MOV00190938,DUPLICADO_EXACTO,Fila duplicada exacta (misma PK) para simular reintento de ingesta sin idempotencia
TB_MOV_FINANCIEROS,MOV00152613,DUPLICADO_EXACTO,Fila duplicada exacta (misma PK) para simular reintento de ingesta sin idempotencia
TB_MOV_FINANCIEROS,MOV00045569,DUPLICADO_EXACTO,Fila duplicada exacta (misma PK) para simular reintento de ingesta sin idempotencia
TB_MOV_FINANCIEROS,MOV00061824,DUPLICADO_EXACTO,Fila duplicada exacta (misma PK) para simular reintento de ingesta sin idempotencia
TB_MOV_FINANCIEROS,MOV00186132,DUPLICADO_EXACTO,Fila duplicada exacta (misma PK) para simular reintento de ingesta sin idempotencia
TB_MOV_FINANCIEROS,MOV00395940,DUPLICADO_EXACTO,Fila duplicada exacta (misma PK) para simular reintento de ingesta sin idempotencia
TB_MOV_FINANCIEROS,MOV00351782,DUPLICADO_EXACTO,Fila duplicada exacta (misma PK) para simular reintento de ingesta sin idempotencia
TB_MOV_FINANCIEROS,MOV00191297,DUPLICADO_EXACTO,Fila duplicada exacta (misma PK) para simular reintento de ingesta sin idempotencia
TB_MOV_FINANCIEROS,MOV00103492,DUPLICADO_EXACTO,Fila duplicada exacta (misma PK) para simular reintento de ingesta sin idempotencia
TB_MOV_FINANCIEROS,MOV00489015,DUPLICADO_EXACTO,Fila duplicada exacta (misma PK) para simular reintento de ingesta sin idempotencia
TB_MOV_FINANCIEROS,MOV00148480,DUPLICADO_EXACTO,Fila duplicada exacta (misma PK) para simular reintento de ingesta sin idempotencia
TB_MOV_FINANCIEROS,MOV00118373,DUPLICADO_EXACTO,Fila duplicada exacta (misma PK) para simular reintento de ingesta sin idempotencia
TB_MOV_FINANCIEROS,MOV00062522,DUPLICADO_EXACTO,Fila duplicada exacta (misma PK) para simular reintento de ingesta sin idempotencia
TB_MOV_FINANCIEROS,MOV00188150,DUPLICADO_EXACTO,Fila duplicada exacta (misma PK) para simular reintento de ingesta sin idempotencia
TB_MOV_FINANCIEROS,MOV00246290,DUPLICADO_EXACTO,Fila duplicada exacta (misma PK) para simular reintento de ingesta sin idempotencia
TB_MOV_FINANCIEROS,MOV00246001,DUPLICADO_EXACTO,Fila duplicada exacta (misma PK) para simular reintento de ingesta sin idempotencia
TB_MOV_FINANCIEROS,MOV00275555,DUPLICADO_EXACTO,Fila duplicada exacta (misma PK) para simular reintento de ingesta sin idempotencia
TB_MOV_FINANCIEROS,MOV00238632,DUPLICADO_EXACTO,Fila duplicada exacta (misma PK) para simular reintento de ingesta sin idempotencia
TB_MOV_FINANCIEROS,MOV00020563,DUPLICADO_EXACTO,Fila duplicada exacta (misma PK) para simular reintento de ingesta sin idempotencia
TB_MOV_FINANCIEROS,MOV00194882,DUPLICADO_EXACTO,Fila duplicada exacta (misma PK) para simular reintento de ingesta sin idempotencia
TB_MOV_FINANCIEROS,MOV00370207,DUPLICADO_EXACTO,Fila duplicada exacta (misma PK) para simular reintento de ingesta sin idempotencia
TB_MOV_FINANCIEROS,MOV00114005,DUPLICADO_EXACTO,Fila duplicada exacta (misma PK) para simular reintento de ingesta sin idempotencia
TB_MOV_FINANCIEROS,MOV00066545,DUPLICADO_EXACTO,Fila duplicada exacta (misma PK) para simular reintento de ingesta sin idempotencia
TB_MOV_FINANCIEROS,MOV00268523,DUPLICADO_EXACTO,Fila duplicada exacta (misma PK) para simular reintento de ingesta sin idempotencia
TB_MOV_FINANCIEROS,MOV00300042,DUPLICADO_EXACTO,Fila duplicada exacta (misma PK) para simular reintento de ingesta sin idempotencia
TB_MOV_FINANCIEROS,MOV00268815,DUPLICADO_EXACTO,Fila duplicada exacta (misma PK) para simular reintento de ingesta sin idempotencia
TB_MOV_FINANCIEROS,MOV00444461,DUPLICADO_EXACTO,Fila duplicada exacta (misma PK) para simular reintento de ingesta sin idempotencia
TB_MOV_FINANCIEROS,MOV00475389,DUPLICADO_EXACTO,Fila duplicada exacta (misma PK) para simular reintento de ingesta sin idempotencia
TB_MOV_FINANCIEROS,MOV00029378,DUPLICADO_EXACTO,Fila duplicada exacta (misma PK) para simular reintento de ingesta sin idempotencia
TB_MOV_FINANCIEROS,MOV00002792,DUPLICADO_EXACTO,Fila duplicada exacta (misma PK) para simular reintento de ingesta sin idempotencia
TB_MOV_FINANCIEROS,MOV00411141,DUPLICADO_EXACTO,Fila duplicada exacta (misma PK) para simular reintento de ingesta sin idempotencia
TB_MOV_FINANCIEROS,MOV00083253,DUPLICADO_EXACTO,Fila duplicada exacta (misma PK) para simular reintento de ingesta sin idempotencia
TB_MOV_FINANCIEROS,MOV00015743,DUPLICADO_EXACTO,Fila duplicada exacta (misma PK) para simular reintento de ingesta sin idempotencia
TB_MOV_FINANCIEROS,MOV00302355,DUPLICADO_EXACTO,Fila duplicada exacta (misma PK) para simular reintento de ingesta sin idempotencia
TB_MOV_FINANCIEROS,MOV00459626,DUPLICADO_EXACTO,Fila duplicada exacta (misma PK) para simular reintento de ingesta sin idempotencia
TB_MOV_FINANCIEROS,MOV00007698,DUPLICADO_EXACTO,Fila duplicada exacta (misma PK) para simular reintento de ingesta sin idempotencia
TB_MOV_FINANCIEROS,MOV00335369,DUPLICADO_EXACTO,Fila duplicada exacta (misma PK) para simular reintento de ingesta sin idempotencia
TB_MOV_FINANCIEROS,MOV00429756,DUPLICADO_EXACTO,Fila duplicada exacta (misma PK) para simular reintento de ingesta sin idempotencia
TB_MOV_FINANCIEROS,MOV00268038,DUPLICADO_EXACTO,Fila duplicada exacta (misma PK) para simular reintento de ingesta sin idempotencia
TB_MOV_FINANCIEROS,MOV00274323,DUPLICADO_EXACTO,Fila duplicada exacta (misma PK) para simular reintento de ingesta sin idempotencia
TB_MOV_FINANCIEROS,MOV00008747,DUPLICADO_EXACTO,Fila duplicada exacta (misma PK) para simular reintento de ingesta sin idempotencia
TB_MOV_FINANCIEROS,MOV00423301,DUPLICADO_EXACTO,Fila duplicada exacta (misma PK) para simular reintento de ingesta sin idempotencia
TB_MOV_FINANCIEROS,MOV00270671,DUPLICADO_EXACTO,Fila duplicada exacta (misma PK) para simular reintento de ingesta sin idempotencia
TB_MOV_FINANCIEROS,MOV00299109,DUPLICADO_EXACTO,Fila duplicada exacta (misma PK) para simular reintento de ingesta sin idempotencia
TB_MOV_FINANCIEROS,MOV00009985,DUPLICADO_EXACTO,Fila duplicada exacta (misma PK) para simular reintento de ingesta sin idempotencia
TB_MOV_FINANCIEROS,MOV00227065,DUPLICADO_EXACTO,Fila duplicada exacta (misma PK) para simular reintento de ingesta sin idempotencia
TB_MOV_FINANCIEROS,MOV00469582,DUPLICADO_EXACTO,Fila duplicada exacta (misma PK) para simular reintento de ingesta sin idempotencia
TB_MOV_FINANCIEROS,MOV00118731,DUPLICADO_EXACTO,Fila duplicada exacta (misma PK) para simular reintento de ingesta sin idempotencia
TB_MOV_FINANCIEROS,MOV00415939,DUPLICADO_EXACTO,Fila duplicada exacta (misma PK) para simular reintento de ingesta sin idempotencia
TB_MOV_FINANCIEROS,MOV00498856,DUPLICADO_EXACTO,Fila duplicada exacta (misma PK) para simular reintento de ingesta sin idempotencia
TB_MOV_FINANCIEROS,MOV00070131,DUPLICADO_EXACTO,Fila duplicada exacta (misma PK) para simular reintento de ingesta sin idempotencia
TB_MOV_FINANCIEROS,MOV00436110,DUPLICADO_EXACTO,Fila duplicada exacta (misma PK) para simular reintento de ingesta sin idempotencia
TB_MOV_FINANCIEROS,MOV00366662,DUPLICADO_EXACTO,Fila duplicada exacta (misma PK) para simular reintento de ingesta sin idempotencia
TB_MOV_FINANCIEROS,MOV00055950,DUPLICADO_EXACTO,Fila duplicada exacta (misma PK) para simular reintento de ingesta sin idempotencia
TB_MOV_FINANCIEROS,MOV00024783,DUPLICADO_EXACTO,Fila duplicada exacta (misma PK) para simular reintento de ingesta sin idempotencia
TB_MOV_FINANCIEROS,MOV00402039,DUPLICADO_EXACTO,Fila duplicada exacta (misma PK) para simular reintento de ingesta sin idempotencia
TB_MOV_FINANCIEROS,MOV00269355,DUPLICADO_EXACTO,Fila duplicada exacta (misma PK) para simular reintento de ingesta sin idempotencia
TB_MOV_FINANCIEROS,MOV00105382,DUPLICADO_EXACTO,Fila duplicada exacta (misma PK) para simular reintento de ingesta sin idempotencia
TB_MOV_FINANCIEROS,MOV00460578,DUPLICADO_EXACTO,Fila duplicada exacta (misma PK) para simular reintento de ingesta sin idempotencia
TB_MOV_FINANCIEROS,MOV00493679,DUPLICADO_EXACTO,Fila duplicada exacta (misma PK) para simular reintento de ingesta sin idempotencia
TB_MOV_FINANCIEROS,MOV00354638,DUPLICADO_EXACTO,Fila duplicada exacta (misma PK) para simular reintento de ingesta sin idempotencia
TB_MOV_FINANCIEROS,MOV00389629,DUPLICADO_EXACTO,Fila duplicada exacta (misma PK) para simular reintento de ingesta sin idempotencia
TB_MOV_FINANCIEROS,MOV00152188,DUPLICADO_EXACTO,Fila duplicada exacta (misma PK) para simular reintento de ingesta sin idempotencia
TB_MOV_FINANCIEROS,MOV00184804,DUPLICADO_EXACTO,Fila duplicada exacta (misma PK) para simular reintento de ingesta sin idempotencia
TB_MOV_FINANCIEROS,MOV00471085,DUPLICADO_EXACTO,Fila duplicada exacta (misma PK) para simular reintento de ingesta sin idempotencia
TB_MOV_FINANCIEROS,MOV00400922,DUPLICADO_EXACTO,Fila duplicada exacta (misma PK) para simular reintento de ingesta sin idempotencia
TB_MOV_FINANCIEROS,MOV00241479,DUPLICADO_EXACTO,Fila duplicada exacta (misma PK) para simular reintento de ingesta sin idempotencia
TB_MOV_FINANCIEROS,MOV00055533,DUPLICADO_EXACTO,Fila duplicada exacta (misma PK) para simular reintento de ingesta sin idempotencia
TB_MOV_FINANCIEROS,MOV00199214,DUPLICADO_EXACTO,Fila duplicada exacta (misma PK) para simular reintento de ingesta sin idempotencia
TB_MOV_FINANCIEROS,MOV00308748,DUPLICADO_EXACTO,Fila duplicada exacta (misma PK) para simular reintento de ingesta sin idempotencia
TB_MOV_FINANCIEROS,MOV00178852,DUPLICADO_EXACTO,Fila duplicada exacta (misma PK) para simular reintento de ingesta sin idempotencia
TB_MOV_FINANCIEROS,MOV00345092,DUPLICADO_EXACTO,Fila duplicada exacta (misma PK) para simular reintento de ingesta sin idempotencia
TB_MOV_FINANCIEROS,MOV00070623,DUPLICADO_EXACTO,Fila duplicada exacta (misma PK) para simular reintento de ingesta sin idempotencia
TB_MOV_FINANCIEROS,MOV00129685,DUPLICADO_EXACTO,Fila duplicada exacta (misma PK) para simular reintento de ingesta sin idempotencia
TB_MOV_FINANCIEROS,MOV00157972,DUPLICADO_EXACTO,Fila duplicada exacta (misma PK) para simular reintento de ingesta sin idempotencia
TB_MOV_FINANCIEROS,MOV00040591,DUPLICADO_EXACTO,Fila duplicada exacta (misma PK) para simular reintento de ingesta sin idempotencia
TB_MOV_FINANCIEROS,MOV00016521,DUPLICADO_EXACTO,Fila duplicada exacta (misma PK) para simular reintento de ingesta sin idempotencia
TB_MOV_FINANCIEROS,MOV00092808,DUPLICADO_EXACTO,Fila duplicada exacta (misma PK) para simular reintento de ingesta sin idempotencia
TB_MOV_FINANCIEROS,MOV00198007,DUPLICADO_EXACTO,Fila duplicada exacta (misma PK) para simular reintento de ingesta sin idempotencia
TB_MOV_FINANCIEROS,MOV00167250,DUPLICADO_EXACTO,Fila duplicada exacta (misma PK) para simular reintento de ingesta sin idempotencia
TB_MOV_FINANCIEROS,MOV00390616,DUPLICADO_EXACTO,Fila duplicada exacta (misma PK) para simular reintento de ingesta sin idempotencia
TB_MOV_FINANCIEROS,MOV00235667,DUPLICADO_EXACTO,Fila duplicada exacta (misma PK) para simular reintento de ingesta sin idempotencia
TB_MOV_FINANCIEROS,MOV00199485,DUPLICADO_EXACTO,Fila duplicada exacta (misma PK) para simular reintento de ingesta sin idempotencia
TB_MOV_FINANCIEROS,MOV00458075,DUPLICADO_EXACTO,Fila duplicada exacta (misma PK) para simular reintento de ingesta sin idempotencia
TB_MOV_FINANCIEROS,MOV00365551,DUPLICADO_EXACTO,Fila duplicada exacta (misma PK) para simular reintento de ingesta sin idempotencia
TB_MOV_FINANCIEROS,MOV00440296,DUPLICADO_EXACTO,Fila duplicada exacta (misma PK) para simular reintento de ingesta sin idempotencia
TB_MOV_FINANCIEROS,MOV00363596,DUPLICADO_EXACTO,Fila duplicada exacta (misma PK) para simular reintento de ingesta sin idempotencia
TB_MOV_FINANCIEROS,MOV00017546,DUPLICADO_EXACTO,Fila duplicada exacta (misma PK) para simular reintento de ingesta sin idempotencia
TB_MOV_FINANCIEROS,MOV00210706,DUPLICADO_EXACTO,Fila duplicada exacta (misma PK) para simular reintento de ingesta sin idempotencia
TB_MOV_FINANCIEROS,MOV00353411,DUPLICADO_EXACTO,Fila duplicada exacta (misma PK) para simular reintento de ingesta sin idempotencia
TB_MOV_FINANCIEROS,MOV00330691,DUPLICADO_EXACTO,Fila duplicada exacta (misma PK) para simular reintento de ingesta sin idempotencia
TB_MOV_FINANCIEROS,MOV00006433,DUPLICADO_EXACTO,Fila duplicada exacta (misma PK) para simular reintento de ingesta sin idempotencia
TB_MOV_FINANCIEROS,MOV00392679,DUPLICADO_EXACTO,Fila duplicada exacta (misma PK) para simular reintento de ingesta sin idempotencia
TB_MOV_FINANCIEROS,MOV00428134,DUPLICADO_EXACTO,Fila duplicada exacta (misma PK) para simular reintento de ingesta sin idempotencia
TB_MOV_FINANCIEROS,MOV00263881,DUPLICADO_EXACTO,Fila duplicada exacta (misma PK) para simular reintento de ingesta sin idempotencia
TB_MOV_FINANCIEROS,MOV00316012,DUPLICADO_EXACTO,Fila duplicada exacta (misma PK) para simular reintento de ingesta sin idempotencia
TB_MOV_FINANCIEROS,MOV00246930,DUPLICADO_EXACTO,Fila duplicada exacta (misma PK) para simular reintento de ingesta sin idempotencia
TB_MOV_FINANCIEROS,MOV00267254,DUPLICADO_EXACTO,Fila duplicada exacta (misma PK) para simular reintento de ingesta sin idempotencia
TB_MOV_FINANCIEROS,MOV00187885,DUPLICADO_EXACTO,Fila duplicada exacta (misma PK) para simular reintento de ingesta sin idempotencia
TB_MOV_FINANCIEROS,MOV00295309,DUPLICADO_EXACTO,Fila duplicada exacta (misma PK) para simular reintento de ingesta sin idempotencia
TB_MOV_FINANCIEROS,MOV00421759,DUPLICADO_EXACTO,Fila duplicada exacta (misma PK) para simular reintento de ingesta sin idempotencia
TB_MOV_FINANCIEROS,MOV00385336,DUPLICADO_EXACTO,Fila duplicada exacta (misma PK) para simular reintento de ingesta sin idempotencia
TB_MOV_FINANCIEROS,MOV00103577,DUPLICADO_EXACTO,Fila duplicada exacta (misma PK) para simular reintento de ingesta sin idempotencia
TB_MOV_FINANCIEROS,MOV00464589,DUPLICADO_EXACTO,Fila duplicada exacta (misma PK) para simular reintento de ingesta sin idempotencia
TB_MOV_FINANCIEROS,MOV00276849,DUPLICADO_EXACTO,Fila duplicada exacta (misma PK) para simular reintento de ingesta sin idempotencia
TB_MOV_FINANCIEROS,MOV00385720,DUPLICADO_EXACTO,Fila duplicada exacta (misma PK) para simular reintento de ingesta sin idempotencia
TB_MOV_FINANCIEROS,MOV00498163,DUPLICADO_EXACTO,Fila duplicada exacta (misma PK) para simular reintento de ingesta sin idempotencia
TB_MOV_FINANCIEROS,MOV00346674,DUPLICADO_EXACTO,Fila duplicada exacta (misma PK) para simular reintento de ingesta sin idempotencia
TB_MOV_FINANCIEROS,MOV00266628,DUPLICADO_EXACTO,Fila duplicada exacta (misma PK) para simular reintento de ingesta sin idempotencia
TB_MOV_FINANCIEROS,MOV00282076,DUPLICADO_EXACTO,Fila duplicada exacta (misma PK) para simular reintento de ingesta sin idempotencia
TB_MOV_FINANCIEROS,MOV00388265,DUPLICADO_EXACTO,Fila duplicada exacta (misma PK) para simular reintento de ingesta sin idempotencia
TB_MOV_FINANCIEROS,MOV00220269,DUPLICADO_EXACTO,Fila duplicada exacta (misma PK) para simular reintento de ingesta sin idempotencia
TB_MOV_FINANCIEROS,MOV00077444,DUPLICADO_EXACTO,Fila duplicada exacta (misma PK) para simular reintento de ingesta sin idempotencia
TB_MOV_FINANCIEROS,MOV00465363,DUPLICADO_EXACTO,Fila duplicada exacta (misma PK) para simular reintento de ingesta sin idempotencia
TB_MOV_FINANCIEROS,MOV00044224,DUPLICADO_EXACTO,Fila duplicada exacta (misma PK) para simular reintento de ingesta sin idempotencia
TB_MOV_FINANCIEROS,MOV00141512,DUPLICADO_EXACTO,Fila duplicada exacta (misma PK) para simular reintento de ingesta sin idempotencia
TB_MOV_FINANCIEROS,MOV00042626,DUPLICADO_EXACTO,Fila duplicada exacta (misma PK) para simular reintento de ingesta sin idempotencia
TB_MOV_FINANCIEROS,MOV00151712,DUPLICADO_EXACTO,Fila duplicada exacta (misma PK) para simular reintento de ingesta sin idempotencia
TB_MOV_FINANCIEROS,MOV00030695,DUPLICADO_EXACTO,Fila duplicada exacta (misma PK) para simular reintento de ingesta sin idempotencia
TB_MOV_FINANCIEROS,MOV00431342,DUPLICADO_EXACTO,Fila duplicada exacta (misma PK) para simular reintento de ingesta sin idempotencia
TB_MOV_FINANCIEROS,MOV00379172,DUPLICADO_EXACTO,Fila duplicada exacta (misma PK) para simular reintento de ingesta sin idempotencia
TB_MOV_FINANCIEROS,MOV00300920,DUPLICADO_EXACTO,Fila duplicada exacta (misma PK) para simular reintento de ingesta sin idempotencia
TB_MOV_FINANCIEROS,MOV00382679,DUPLICADO_EXACTO,Fila duplicada exacta (misma PK) para simular reintento de ingesta sin idempotencia
TB_MOV_FINANCIEROS,MOV00407076,DUPLICADO_EXACTO,Fila duplicada exacta (misma PK) para simular reintento de ingesta sin idempotencia
TB_MOV_FINANCIEROS,MOV00158986,DUPLICADO_EXACTO,Fila duplicada exacta (misma PK) para simular reintento de ingesta sin idempotencia
TB_MOV_FINANCIEROS,MOV00191788,DUPLICADO_EXACTO,Fila duplicada exacta (misma PK) para simular reintento de ingesta sin idempotencia
TB_MOV_FINANCIEROS,MOV00008890,DUPLICADO_EXACTO,Fila duplicada exacta (misma PK) para simular reintento de ingesta sin idempotencia
TB_MOV_FINANCIEROS,MOV00274292,DUPLICADO_EXACTO,Fila duplicada exacta (misma PK) para simular reintento de ingesta sin idempotencia
TB_MOV_FINANCIEROS,MOV00429114,DUPLICADO_EXACTO,Fila duplicada exacta (misma PK) para simular reintento de ingesta sin idempotencia
TB_MOV_FINANCIEROS,MOV00116108,DUPLICADO_EXACTO,Fila duplicada exacta (misma PK) para simular reintento de ingesta sin idempotencia
TB_MOV_FINANCIEROS,MOV00391010,DUPLICADO_EXACTO,Fila duplicada exacta (misma PK) para simular reintento de ingesta sin idempotencia
TB_MOV_FINANCIEROS,MOV00274398,DUPLICADO_EXACTO,Fila duplicada exacta (misma PK) para simular reintento de ingesta sin idempotencia
TB_MOV_FINANCIEROS,MOV00280404,DUPLICADO_EXACTO,Fila duplicada exacta (misma PK) para simular reintento de ingesta sin idempotencia
TB_MOV_FINANCIEROS,MOV00485040,DUPLICADO_EXACTO,Fila duplicada exacta (misma PK) para simular reintento de ingesta sin idempotencia
TB_MOV_FINANCIEROS,MOV00111076,DUPLICADO_EXACTO,Fila duplicada exacta (misma PK) para simular reintento de ingesta sin idempotencia
TB_MOV_FINANCIEROS,MOV00297108,DUPLICADO_EXACTO,Fila duplicada exacta (misma PK) para simular reintento de ingesta sin idempotencia
TB_MOV_FINANCIEROS,MOV00471414,DUPLICADO_EXACTO,Fila duplicada exacta (misma PK) para simular reintento de ingesta sin idempotencia
TB_MOV_FINANCIEROS,MOV00090682,DUPLICADO_EXACTO,Fila duplicada exacta (misma PK) para simular reintento de ingesta sin idempotencia
TB_MOV_FINANCIEROS,MOV00132847,DUPLICADO_EXACTO,Fila duplicada exacta (misma PK) para simular reintento de ingesta sin idempotencia
TB_MOV_FINANCIEROS,MOV00448012,DUPLICADO_EXACTO,Fila duplicada exacta (misma PK) para simular reintento de ingesta sin idempotencia
TB_MOV_FINANCIEROS,MOV00040379,DUPLICADO_EXACTO,Fila duplicada exacta (misma PK) para simular reintento de ingesta sin idempotencia
TB_MOV_FINANCIEROS,MOV00271969,DUPLICADO_EXACTO,Fila duplicada exacta (misma PK) para simular reintento de ingesta sin idempotencia
TB_MOV_FINANCIEROS,MOV00456923,DUPLICADO_EXACTO,Fila duplicada exacta (misma PK) para simular reintento de ingesta sin idempotencia
TB_MOV_FINANCIEROS,MOV00372033,DUPLICADO_EXACTO,Fila duplicada exacta (misma PK) para simular reintento de ingesta sin idempotencia
TB_MOV_FINANCIEROS,MOV00091636,DUPLICADO_EXACTO,Fila duplicada exacta (misma PK) para simular reintento de ingesta sin idempotencia
TB_MOV_FINANCIEROS,MOV00423647,DUPLICADO_EXACTO,Fila duplicada exacta (misma PK) para simular reintento de ingesta sin idempotencia
TB_MOV_FINANCIEROS,MOV00193388,DUPLICADO_EXACTO,Fila duplicada exacta (misma PK) para simular reintento de ingesta sin idempotencia
TB_MOV_FINANCIEROS,MOV00428216,DUPLICADO_EXACTO,Fila duplicada exacta (misma PK) para simular reintento de ingesta sin idempotencia
TB_MOV_FINANCIEROS,MOV00288843,DUPLICADO_EXACTO,Fila duplicada exacta (misma PK) para simular reintento de ingesta sin idempotencia
TB_MOV_FINANCIEROS,MOV00468982,DUPLICADO_EXACTO,Fila duplicada exacta (misma PK) para simular reintento de ingesta sin idempotencia
TB_MOV_FINANCIEROS,MOV00011849,DUPLICADO_EXACTO,Fila duplicada exacta (misma PK) para simular reintento de ingesta sin idempotencia
TB_MOV_FINANCIEROS,MOV00343197,DUPLICADO_EXACTO,Fila duplicada exacta (misma PK) para simular reintento de ingesta sin idempotencia
TB_MOV_FINANCIEROS,MOV00327649,DUPLICADO_EXACTO,Fila duplicada exacta (misma PK) para simular reintento de ingesta sin idempotencia
TB_MOV_FINANCIEROS,MOV00201264,DUPLICADO_EXACTO,Fila duplicada exacta (misma PK) para simular reintento de ingesta sin idempotencia
TB_MOV_FINANCIEROS,MOV00340626,DUPLICADO_EXACTO,Fila duplicada exacta (misma PK) para simular reintento de ingesta sin idempotencia
TB_MOV_FINANCIEROS,MOV00406217,DUPLICADO_EXACTO,Fila duplicada exacta (misma PK) para simular reintento de ingesta sin idempotencia
TB_MOV_FINANCIEROS,MOV00143692,DUPLICADO_EXACTO,Fila duplicada exacta (misma PK) para simular reintento de ingesta sin idempotencia
TB_MOV_FINANCIEROS,MOV00071854,DUPLICADO_EXACTO,Fila duplicada exacta (misma PK) para simular reintento de ingesta sin idempotencia
TB_MOV_FINANCIEROS,MOV00438230,DUPLICADO_EXACTO,Fila duplicada exacta (misma PK) para simular reintento de ingesta sin idempotencia
TB_MOV_FINANCIEROS,MOV00217906,DUPLICADO_EXACTO,Fila duplicada exacta (misma PK) para simular reintento de ingesta sin idempotencia
TB_MOV_FINANCIEROS,MOV00414778,DUPLICADO_EXACTO,Fila duplicada exacta (misma PK) para simular reintento de ingesta sin idempotencia
TB_MOV_FINANCIEROS,MOV00461114,DUPLICADO_EXACTO,Fila duplicada exacta (misma PK) para simular reintento de ingesta sin idempotencia
TB_MOV_FINANCIEROS,MOV00230526,DUPLICADO_EXACTO,Fila duplicada exacta (misma PK) para simular reintento de ingesta sin idempotencia
TB_MOV_FINANCIEROS,MOV00130943,DUPLICADO_EXACTO,Fila duplicada exacta (misma PK) para simular reintento de ingesta sin idempotencia
TB_MOV_FINANCIEROS,MOV00345161,DUPLICADO_EXACTO,Fila duplicada exacta (misma PK) para simular reintento de ingesta sin idempotencia
TB_MOV_FINANCIEROS,MOV00226497,DUPLICADO_EXACTO,Fila duplicada exacta (misma PK) para simular reintento de ingesta sin idempotencia
TB_MOV_FINANCIEROS,MOV00268279,DUPLICADO_EXACTO,Fila duplicada exacta (misma PK) para simular reintento de ingesta sin idempotencia
TB_MOV_FINANCIEROS,MOV00461358,DUPLICADO_EXACTO,Fila duplicada exacta (misma PK) para simular reintento de ingesta sin idempotencia
TB_MOV_FINANCIEROS,MOV00436202,DUPLICADO_EXACTO,Fila duplicada exacta (misma PK) para simular reintento de ingesta sin idempotencia
TB_MOV_FINANCIEROS,MOV00309031,DUPLICADO_EXACTO,Fila duplicada exacta (misma PK) para simular reintento de ingesta sin idempotencia
TB_MOV_FINANCIEROS,MOV00146680,DUPLICADO_EXACTO,Fila duplicada exacta (misma PK) para simular reintento de ingesta sin idempotencia
TB_MOV_FINANCIEROS,MOV00039178,DUPLICADO_EXACTO,Fila duplicada exacta (misma PK) para simular reintento de ingesta sin idempotencia
TB_MOV_FINANCIEROS,MOV00104969,DUPLICADO_EXACTO,Fila duplicada exacta (misma PK) para simular reintento de ingesta sin idempotencia
TB_MOV_FINANCIEROS,MOV00449694,DUPLICADO_EXACTO,Fila duplicada exacta (misma PK) para simular reintento de ingesta sin idempotencia
TB_MOV_FINANCIEROS,MOV00427917,DUPLICADO_EXACTO,Fila duplicada exacta (misma PK) para simular reintento de ingesta sin idempotencia
TB_MOV_FINANCIEROS,MOV00399167,DUPLICADO_EXACTO,Fila duplicada exacta (misma PK) para simular reintento de ingesta sin idempotencia
TB_MOV_FINANCIEROS,MOV00042749,DUPLICADO_EXACTO,Fila duplicada exacta (misma PK) para simular reintento de ingesta sin idempotencia
TB_MOV_FINANCIEROS,MOV00390717,DUPLICADO_EXACTO,Fila duplicada exacta (misma PK) para simular reintento de ingesta sin idempotencia
TB_MOV_FINANCIEROS,MOV00132521,DUPLICADO_EXACTO,Fila duplicada exacta (misma PK) para simular reintento de ingesta sin idempotencia
TB_MOV_FINANCIEROS,MOV00399770,DUPLICADO_EXACTO,Fila duplicada exacta (misma PK) para simular reintento de ingesta sin idempotencia
TB_MOV_FINANCIEROS,MOV00121554,DUPLICADO_EXACTO,Fila duplicada exacta (misma PK) para simular reintento de ingesta sin idempotencia
TB_MOV_FINANCIEROS,MOV00319830,DUPLICADO_EXACTO,Fila duplicada exacta (misma PK) para simular reintento de ingesta sin idempotencia
TB_MOV_FINANCIEROS,MOV00143806,DUPLICADO_EXACTO,Fila duplicada exacta (misma PK) para simular reintento de ingesta sin idempotencia
TB_MOV_FINANCIEROS,MOV00177382,DUPLICADO_EXACTO,Fila duplicada exacta (misma PK) para simular reintento de ingesta sin idempotencia
TB_MOV_FINANCIEROS,MOV00264802,DUPLICADO_EXACTO,Fila duplicada exacta (misma PK) para simular reintento de ingesta sin idempotencia
TB_MOV_FINANCIEROS,MOV00157819,DUPLICADO_EXACTO,Fila duplicada exacta (misma PK) para simular reintento de ingesta sin idempotencia
TB_MOV_FINANCIEROS,MOV00344869,DUPLICADO_EXACTO,Fila duplicada exacta (misma PK) para simular reintento de ingesta sin idempotencia
TB_MOV_FINANCIEROS,MOV00362222,DUPLICADO_EXACTO,Fila duplicada exacta (misma PK) para simular reintento de ingesta sin idempotencia
TB_MOV_FINANCIEROS,MOV00470668,DUPLICADO_EXACTO,Fila duplicada exacta (misma PK) para simular reintento de ingesta sin idempotencia
TB_MOV_FINANCIEROS,MOV00373379,DUPLICADO_EXACTO,Fila duplicada exacta (misma PK) para simular reintento de ingesta sin idempotencia
TB_MOV_FINANCIEROS,MOV00327100,DUPLICADO_EXACTO,Fila duplicada exacta (misma PK) para simular reintento de ingesta sin idempotencia
TB_MOV_FINANCIEROS,MOV00280261,DUPLICADO_EXACTO,Fila duplicada exacta (misma PK) para simular reintento de ingesta sin idempotencia
TB_MOV_FINANCIEROS,MOV00296956,DUPLICADO_EXACTO,Fila duplicada exacta (misma PK) para simular reintento de ingesta sin idempotencia
TB_MOV_FINANCIEROS,MOV00057921,DUPLICADO_EXACTO,Fila duplicada exacta (misma PK) para simular reintento de ingesta sin idempotencia
TB_MOV_FINANCIEROS,MOV00263602,DUPLICADO_EXACTO,Fila duplicada exacta (misma PK) para simular reintento de ingesta sin idempotencia
TB_MOV_FINANCIEROS,MOV00067352,DUPLICADO_EXACTO,Fila duplicada exacta (misma PK) para simular reintento de ingesta sin idempotencia
TB_MOV_FINANCIEROS,MOV00432775,DUPLICADO_EXACTO,Fila duplicada exacta (misma PK) para simular reintento de ingesta sin idempotencia
TB_MOV_FINANCIEROS,MOV00343346,DUPLICADO_EXACTO,Fila duplicada exacta (misma PK) para simular reintento de ingesta sin idempotencia
TB_MOV_FINANCIEROS,MOV00254433,DUPLICADO_EXACTO,Fila duplicada exacta (misma PK) para simular reintento de ingesta sin idempotencia
TB_MOV_FINANCIEROS,MOV00061694,DUPLICADO_EXACTO,Fila duplicada exacta (misma PK) para simular reintento de ingesta sin idempotencia
TB_MOV_FINANCIEROS,MOV00269208,DUPLICADO_EXACTO,Fila duplicada exacta (misma PK) para simular reintento de ingesta sin idempotencia
TB_MOV_FINANCIEROS,MOV00144945,DUPLICADO_EXACTO,Fila duplicada exacta (misma PK) para simular reintento de ingesta sin idempotencia
TB_MOV_FINANCIEROS,MOV00124603,DUPLICADO_EXACTO,Fila duplicada exacta (misma PK) para simular reintento de ingesta sin idempotencia
TB_MOV_FINANCIEROS,MOV00469865,DUPLICADO_EXACTO,Fila duplicada exacta (misma PK) para simular reintento de ingesta sin idempotencia
TB_MOV_FINANCIEROS,MOV00262718,DUPLICADO_EXACTO,Fila duplicada exacta (misma PK) para simular reintento de ingesta sin idempotencia
TB_MOV_FINANCIEROS,MOV00090246,DUPLICADO_EXACTO,Fila duplicada exacta (misma PK) para simular reintento de ingesta sin idempotencia
TB_MOV_FINANCIEROS,MOV00213679,DUPLICADO_EXACTO,Fila duplicada exacta (misma PK) para simular reintento de ingesta sin idempotencia
TB_MOV_FINANCIEROS,MOV00321984,DUPLICADO_EXACTO,Fila duplicada exacta (misma PK) para simular reintento de ingesta sin idempotencia
TB_MOV_FINANCIEROS,MOV00038287,DUPLICADO_EXACTO,Fila duplicada exacta (misma PK) para simular reintento de ingesta sin idempotencia
TB_MOV_FINANCIEROS,MOV00237155,DUPLICADO_EXACTO,Fila duplicada exacta (misma PK) para simular reintento de ingesta sin idempotencia
TB_MOV_FINANCIEROS,MOV00442814,DUPLICADO_EXACTO,Fila duplicada exacta (misma PK) para simular reintento de ingesta sin idempotencia
TB_MOV_FINANCIEROS,MOV00444542,DUPLICADO_EXACTO,Fila duplicada exacta (misma PK) para simular reintento de ingesta sin idempotencia
TB_MOV_FINANCIEROS,MOV00309010,FECHA_FUERA_DE_RANGO,fec_mov posterior a la ventana de carga (posible error de reloj de origen)
TB_MOV_FINANCIEROS,MOV00249941,FECHA_FUERA_DE_RANGO,fec_mov posterior a la ventana de carga (posible error de reloj de origen)
TB_MOV_FINANCIEROS,MOV00289917,FECHA_FUERA_DE_RANGO,fec_mov posterior a la ventana de carga (posible error de reloj de origen)
TB_MOV_FINANCIEROS,MOV00354294,FECHA_FUERA_DE_RANGO,fec_mov posterior a la ventana de carga (posible error de reloj de origen)
TB_MOV_FINANCIEROS,MOV00048379,FECHA_FUERA_DE_RANGO,fec_mov posterior a la ventana de carga (posible error de reloj de origen)
TB_MOV_FINANCIEROS,MOV00224409,FECHA_FUERA_DE_RANGO,fec_mov posterior a la ventana de carga (posible error de reloj de origen)
TB_MOV_FINANCIEROS,MOV00480362,FECHA_FUERA_DE_RANGO,fec_mov posterior a la ventana de carga (posible error de reloj de origen)
TB_MOV_FINANCIEROS,MOV00281764,FECHA_FUERA_DE_RANGO,fec_mov posterior a la ventana de carga (posible error de reloj de origen)
TB_MOV_FINANCIEROS,MOV00386357,FECHA_FUERA_DE_RANGO,fec_mov posterior a la ventana de carga (posible error de reloj de origen)
TB_MOV_FINANCIEROS,MOV00250889,FECHA_FUERA_DE_RANGO,fec_mov posterior a la ventana de carga (posible error de reloj de origen)
TB_MOV_FINANCIEROS,MOV00111749,FECHA_FUERA_DE_RANGO,fec_mov posterior a la ventana de carga (posible error de reloj de origen)
TB_MOV_FINANCIEROS,MOV00289366,FECHA_FUERA_DE_RANGO,fec_mov posterior a la ventana de carga (posible error de reloj de origen)
TB_MOV_FINANCIEROS,MOV00312408,FECHA_FUERA_DE_RANGO,fec_mov posterior a la ventana de carga (posible error de reloj de origen)
TB_MOV_FINANCIEROS,MOV00254075,FECHA_FUERA_DE_RANGO,fec_mov posterior a la ventana de carga (posible error de reloj de origen)
TB_MOV_FINANCIEROS,MOV00128762,FECHA_FUERA_DE_RANGO,fec_mov posterior a la ventana de carga (posible error de reloj de origen)
TB_MOV_FINANCIEROS,MOV00295332,FECHA_FUERA_DE_RANGO,fec_mov posterior a la ventana de carga (posible error de reloj de origen)
TB_MOV_FINANCIEROS,MOV00373974,FECHA_FUERA_DE_RANGO,fec_mov posterior a la ventana de carga (posible error de reloj de origen)
TB_MOV_FINANCIEROS,MOV00135775,FECHA_FUERA_DE_RANGO,fec_mov posterior a la ventana de carga (posible error de reloj de origen)
TB_MOV_FINANCIEROS,MOV00118583,FECHA_FUERA_DE_RANGO,fec_mov posterior a la ventana de carga (posible error de reloj de origen)
TB_MOV_FINANCIEROS,MOV00438944,FECHA_FUERA_DE_RANGO,fec_mov posterior a la ventana de carga (posible error de reloj de origen)
TB_MOV_FINANCIEROS,MOV00426470,FECHA_FUERA_DE_RANGO,fec_mov posterior a la ventana de carga (posible error de reloj de origen)
TB_MOV_FINANCIEROS,MOV00122699,FECHA_FUERA_DE_RANGO,fec_mov posterior a la ventana de carga (posible error de reloj de origen)
TB_MOV_FINANCIEROS,MOV00074179,FECHA_FUERA_DE_RANGO,fec_mov posterior a la ventana de carga (posible error de reloj de origen)
TB_MOV_FINANCIEROS,MOV00300217,FECHA_FUERA_DE_RANGO,fec_mov posterior a la ventana de carga (posible error de reloj de origen)
TB_MOV_FINANCIEROS,MOV00016689,FECHA_FUERA_DE_RANGO,fec_mov posterior a la ventana de carga (posible error de reloj de origen)
TB_MOV_FINANCIEROS,MOV00470183,FECHA_FUERA_DE_RANGO,fec_mov posterior a la ventana de carga (posible error de reloj de origen)
TB_MOV_FINANCIEROS,MOV00175279,FECHA_FUERA_DE_RANGO,fec_mov posterior a la ventana de carga (posible error de reloj de origen)
TB_MOV_FINANCIEROS,MOV00439713,FECHA_FUERA_DE_RANGO,fec_mov posterior a la ventana de carga (posible error de reloj de origen)
TB_MOV_FINANCIEROS,MOV00099152,FECHA_FUERA_DE_RANGO,fec_mov posterior a la ventana de carga (posible error de reloj de origen)
TB_MOV_FINANCIEROS,MOV00441687,FECHA_FUERA_DE_RANGO,fec_mov posterior a la ventana de carga (posible error de reloj de origen)
TB_MOV_FINANCIEROS,MOV00460568,FECHA_FUERA_DE_RANGO,fec_mov posterior a la ventana de carga (posible error de reloj de origen)
TB_MOV_FINANCIEROS,MOV00181947,FECHA_FUERA_DE_RANGO,fec_mov posterior a la ventana de carga (posible error de reloj de origen)
TB_MOV_FINANCIEROS,MOV00059200,FECHA_FUERA_DE_RANGO,fec_mov posterior a la ventana de carga (posible error de reloj de origen)
TB_MOV_FINANCIEROS,MOV00234861,FECHA_FUERA_DE_RANGO,fec_mov posterior a la ventana de carga (posible error de reloj de origen)
TB_MOV_FINANCIEROS,MOV00278575,FECHA_FUERA_DE_RANGO,fec_mov posterior a la ventana de carga (posible error de reloj de origen)
TB_MOV_FINANCIEROS,MOV00255259,FECHA_FUERA_DE_RANGO,fec_mov posterior a la ventana de carga (posible error de reloj de origen)
TB_MOV_FINANCIEROS,MOV00458037,FECHA_FUERA_DE_RANGO,fec_mov posterior a la ventana de carga (posible error de reloj de origen)
TB_MOV_FINANCIEROS,MOV00351910,FECHA_FUERA_DE_RANGO,fec_mov posterior a la ventana de carga (posible error de reloj de origen)
TB_MOV_FINANCIEROS,MOV00080798,FECHA_FUERA_DE_RANGO,fec_mov posterior a la ventana de carga (posible error de reloj de origen)
TB_MOV_FINANCIEROS,MOV00059027,FECHA_FUERA_DE_RANGO,fec_mov posterior a la ventana de carga (posible error de reloj de origen)
TB_MOV_FINANCIEROS,MOV00372557,FECHA_FUERA_DE_RANGO,fec_mov posterior a la ventana de carga (posible error de reloj de origen)
TB_MOV_FINANCIEROS,MOV00000478,FECHA_FUERA_DE_RANGO,fec_mov posterior a la ventana de carga (posible error de reloj de origen)
TB_MOV_FINANCIEROS,MOV00369470,FECHA_FUERA_DE_RANGO,fec_mov posterior a la ventana de carga (posible error de reloj de origen)
TB_MOV_FINANCIEROS,MOV00423331,FECHA_FUERA_DE_RANGO,fec_mov posterior a la ventana de carga (posible error de reloj de origen)
TB_MOV_FINANCIEROS,MOV00161109,FECHA_FUERA_DE_RANGO,fec_mov posterior a la ventana de carga (posible error de reloj de origen)
TB_MOV_FINANCIEROS,MOV00234587,FECHA_FUERA_DE_RANGO,fec_mov posterior a la ventana de carga (posible error de reloj de origen)
TB_MOV_FINANCIEROS,MOV00343332,FECHA_FUERA_DE_RANGO,fec_mov posterior a la ventana de carga (posible error de reloj de origen)
TB_MOV_FINANCIEROS,MOV00250577,FECHA_FUERA_DE_RANGO,fec_mov posterior a la ventana de carga (posible error de reloj de origen)
TB_MOV_FINANCIEROS,MOV00045372,FECHA_FUERA_DE_RANGO,fec_mov posterior a la ventana de carga (posible error de reloj de origen)
TB_MOV_FINANCIEROS,MOV00287788,FECHA_FUERA_DE_RANGO,fec_mov posterior a la ventana de carga (posible error de reloj de origen)
TB_MOV_FINANCIEROS,MOV00061364,FECHA_FUERA_DE_RANGO,fec_mov posterior a la ventana de carga (posible error de reloj de origen)
TB_MOV_FINANCIEROS,MOV00407197,FECHA_FUERA_DE_RANGO,fec_mov posterior a la ventana de carga (posible error de reloj de origen)
TB_MOV_FINANCIEROS,MOV00284202,FECHA_FUERA_DE_RANGO,fec_mov posterior a la ventana de carga (posible error de reloj de origen)
TB_MOV_FINANCIEROS,MOV00217480,FECHA_FUERA_DE_RANGO,fec_mov posterior a la ventana de carga (posible error de reloj de origen)
TB_MOV_FINANCIEROS,MOV00238796,FECHA_FUERA_DE_RANGO,fec_mov posterior a la ventana de carga (posible error de reloj de origen)
TB_MOV_FINANCIEROS,MOV00184112,FECHA_FUERA_DE_RANGO,fec_mov posterior a la ventana de carga (posible error de reloj de origen)
TB_MOV_FINANCIEROS,MOV00047799,FECHA_FUERA_DE_RANGO,fec_mov posterior a la ventana de carga (posible error de reloj de origen)
TB_MOV_FINANCIEROS,MOV00019733,FECHA_FUERA_DE_RANGO,fec_mov posterior a la ventana de carga (posible error de reloj de origen)
TB_MOV_FINANCIEROS,MOV00338418,FECHA_FUERA_DE_RANGO,fec_mov posterior a la ventana de carga (posible error de reloj de origen)
TB_MOV_FINANCIEROS,MOV00188692,FECHA_FUERA_DE_RANGO,fec_mov posterior a la ventana de carga (posible error de reloj de origen)
TB_MOV_FINANCIEROS,MOV00452425,FECHA_FUERA_DE_RANGO,fec_mov posterior a la ventana de carga (posible error de reloj de origen)
TB_MOV_FINANCIEROS,MOV00343959,FECHA_FUERA_DE_RANGO,fec_mov posterior a la ventana de carga (posible error de reloj de origen)
TB_MOV_FINANCIEROS,MOV00115154,FECHA_FUERA_DE_RANGO,fec_mov posterior a la ventana de carga (posible error de reloj de origen)
TB_MOV_FINANCIEROS,MOV00036379,FECHA_FUERA_DE_RANGO,fec_mov posterior a la ventana de carga (posible error de reloj de origen)
TB_MOV_FINANCIEROS,MOV00056156,FECHA_FUERA_DE_RANGO,fec_mov posterior a la ventana de carga (posible error de reloj de origen)
TB_MOV_FINANCIEROS,MOV00066948,FECHA_FUERA_DE_RANGO,fec_mov posterior a la ventana de carga (posible error de reloj de origen)
TB_MOV_FINANCIEROS,MOV00242069,FECHA_FUERA_DE_RANGO,fec_mov posterior a la ventana de carga (posible error de reloj de origen)
TB_MOV_FINANCIEROS,MOV00419476,FECHA_FUERA_DE_RANGO,fec_mov posterior a la ventana de carga (posible error de reloj de origen)
TB_MOV_FINANCIEROS,MOV00349615,FECHA_FUERA_DE_RANGO,fec_mov posterior a la ventana de carga (posible error de reloj de origen)
TB_MOV_FINANCIEROS,MOV00236389,FECHA_FUERA_DE_RANGO,fec_mov posterior a la ventana de carga (posible error de reloj de origen)
TB_MOV_FINANCIEROS,MOV00384776,FECHA_FUERA_DE_RANGO,fec_mov posterior a la ventana de carga (posible error de reloj de origen)
TB_MOV_FINANCIEROS,MOV00470975,FECHA_FUERA_DE_RANGO,fec_mov posterior a la ventana de carga (posible error de reloj de origen)
TB_MOV_FINANCIEROS,MOV00036332,FECHA_FUERA_DE_RANGO,fec_mov posterior a la ventana de carga (posible error de reloj de origen)
TB_MOV_FINANCIEROS,MOV00255705,FECHA_FUERA_DE_RANGO,fec_mov posterior a la ventana de carga (posible error de reloj de origen)
TB_MOV_FINANCIEROS,MOV00487907,FECHA_FUERA_DE_RANGO,fec_mov posterior a la ventana de carga (posible error de reloj de origen)
TB_MOV_FINANCIEROS,MOV00386809,FECHA_FUERA_DE_RANGO,fec_mov posterior a la ventana de carga (posible error de reloj de origen)
TB_MOV_FINANCIEROS,MOV00329457,FECHA_FUERA_DE_RANGO,fec_mov posterior a la ventana de carga (posible error de reloj de origen)
TB_MOV_FINANCIEROS,MOV00102027,FECHA_FUERA_DE_RANGO,fec_mov posterior a la ventana de carga (posible error de reloj de origen)
TB_MOV_FINANCIEROS,MOV00259071,FECHA_FUERA_DE_RANGO,fec_mov posterior a la ventana de carga (posible error de reloj de origen)
TB_MOV_FINANCIEROS,MOV00425801,FECHA_FUERA_DE_RANGO,fec_mov posterior a la ventana de carga (posible error de reloj de origen)
TB_MOV_FINANCIEROS,MOV00223647,FECHA_FUERA_DE_RANGO,fec_mov posterior a la ventana de carga (posible error de reloj de origen)
TB_MOV_FINANCIEROS,MOV00168468,FECHA_FUERA_DE_RANGO,fec_mov posterior a la ventana de carga (posible error de reloj de origen)
TB_MOV_FINANCIEROS,MOV00250011,FECHA_FUERA_DE_RANGO,fec_mov posterior a la ventana de carga (posible error de reloj de origen)
TB_MOV_FINANCIEROS,MOV00374794,FECHA_FUERA_DE_RANGO,fec_mov posterior a la ventana de carga (posible error de reloj de origen)
TB_MOV_FINANCIEROS,MOV00196777,FECHA_FUERA_DE_RANGO,fec_mov posterior a la ventana de carga (posible error de reloj de origen)
TB_MOV_FINANCIEROS,MOV00300939,FECHA_FUERA_DE_RANGO,fec_mov posterior a la ventana de carga (posible error de reloj de origen)
TB_MOV_FINANCIEROS,MOV00424622,FECHA_FUERA_DE_RANGO,fec_mov posterior a la ventana de carga (posible error de reloj de origen)
TB_MOV_FINANCIEROS,MOV00173672,FECHA_FUERA_DE_RANGO,fec_mov posterior a la ventana de carga (posible error de reloj de origen)
TB_MOV_FINANCIEROS,MOV00277308,FECHA_FUERA_DE_RANGO,fec_mov posterior a la ventana de carga (posible error de reloj de origen)
TB_MOV_FINANCIEROS,MOV00433453,FECHA_FUERA_DE_RANGO,fec_mov posterior a la ventana de carga (posible error de reloj de origen)
TB_MOV_FINANCIEROS,MOV00258030,FECHA_FUERA_DE_RANGO,fec_mov posterior a la ventana de carga (posible error de reloj de origen)
TB_MOV_FINANCIEROS,MOV00211640,FECHA_FUERA_DE_RANGO,fec_mov posterior a la ventana de carga (posible error de reloj de origen)
TB_MOV_FINANCIEROS,MOV00097840,FECHA_FUERA_DE_RANGO,fec_mov posterior a la ventana de carga (posible error de reloj de origen)
TB_MOV_FINANCIEROS,MOV00013472,FECHA_FUERA_DE_RANGO,fec_mov posterior a la ventana de carga (posible error de reloj de origen)
TB_MOV_FINANCIEROS,MOV00100376,FECHA_FUERA_DE_RANGO,fec_mov posterior a la ventana de carga (posible error de reloj de origen)
TB_MOV_FINANCIEROS,MOV00366710,FECHA_FUERA_DE_RANGO,fec_mov posterior a la ventana de carga (posible error de reloj de origen)
TB_MOV_FINANCIEROS,MOV00262104,FECHA_FUERA_DE_RANGO,fec_mov posterior a la ventana de carga (posible error de reloj de origen)
TB_MOV_FINANCIEROS,MOV00154604,FECHA_FUERA_DE_RANGO,fec_mov posterior a la ventana de carga (posible error de reloj de origen)
TB_MOV_FINANCIEROS,MOV00360294,FECHA_FUERA_DE_RANGO,fec_mov posterior a la ventana de carga (posible error de reloj de origen)
TB_MOV_FINANCIEROS,MOV00210032,FECHA_FUERA_DE_RANGO,fec_mov posterior a la ventana de carga (posible error de reloj de origen)
TB_MOV_FINANCIEROS,MOV00127749,FECHA_FUERA_DE_RANGO,fec_mov posterior a la ventana de carga (posible error de reloj de origen)
TB_MOV_FINANCIEROS,MOV00229775,FECHA_FUERA_DE_RANGO,fec_mov posterior a la ventana de carga (posible error de reloj de origen)
TB_MOV_FINANCIEROS,MOV00286119,FECHA_FUERA_DE_RANGO,fec_mov posterior a la ventana de carga (posible error de reloj de origen)
TB_MOV_FINANCIEROS,MOV00075180,FECHA_FUERA_DE_RANGO,fec_mov posterior a la ventana de carga (posible error de reloj de origen)
TB_MOV_FINANCIEROS,MOV00204821,FECHA_FUERA_DE_RANGO,fec_mov posterior a la ventana de carga (posible error de reloj de origen)
TB_MOV_FINANCIEROS,MOV00376752,FECHA_FUERA_DE_RANGO,fec_mov posterior a la ventana de carga (posible error de reloj de origen)
TB_MOV_FINANCIEROS,MOV00102945,FECHA_FUERA_DE_RANGO,fec_mov posterior a la ventana de carga (posible error de reloj de origen)
TB_MOV_FINANCIEROS,MOV00439007,FECHA_FUERA_DE_RANGO,fec_mov posterior a la ventana de carga (posible error de reloj de origen)
TB_MOV_FINANCIEROS,MOV00416681,FECHA_FUERA_DE_RANGO,fec_mov posterior a la ventana de carga (posible error de reloj de origen)
TB_MOV_FINANCIEROS,MOV00193648,FECHA_FUERA_DE_RANGO,fec_mov posterior a la ventana de carga (posible error de reloj de origen)
TB_MOV_FINANCIEROS,MOV00148307,FECHA_FUERA_DE_RANGO,fec_mov posterior a la ventana de carga (posible error de reloj de origen)
TB_MOV_FINANCIEROS,MOV00093063,FECHA_FUERA_DE_RANGO,fec_mov posterior a la ventana de carga (posible error de reloj de origen)
TB_MOV_FINANCIEROS,MOV00434245,FECHA_FUERA_DE_RANGO,fec_mov posterior a la ventana de carga (posible error de reloj de origen)
TB_MOV_FINANCIEROS,MOV00179810,FECHA_FUERA_DE_RANGO,fec_mov posterior a la ventana de carga (posible error de reloj de origen)
TB_MOV_FINANCIEROS,MOV00152755,FECHA_FUERA_DE_RANGO,fec_mov posterior a la ventana de carga (posible error de reloj de origen)
TB_MOV_FINANCIEROS,MOV00181077,FECHA_FUERA_DE_RANGO,fec_mov posterior a la ventana de carga (posible error de reloj de origen)
TB_MOV_FINANCIEROS,MOV00035720,FECHA_FUERA_DE_RANGO,fec_mov posterior a la ventana de carga (posible error de reloj de origen)
TB_MOV_FINANCIEROS,MOV00415251,FECHA_FUERA_DE_RANGO,fec_mov posterior a la ventana de carga (posible error de reloj de origen)
TB_MOV_FINANCIEROS,MOV00207506,FECHA_FUERA_DE_RANGO,fec_mov posterior a la ventana de carga (posible error de reloj de origen)
TB_MOV_FINANCIEROS,MOV00417173,FECHA_FUERA_DE_RANGO,fec_mov posterior a la ventana de carga (posible error de reloj de origen)
TB_MOV_FINANCIEROS,MOV00222497,FECHA_FUERA_DE_RANGO,fec_mov posterior a la ventana de carga (posible error de reloj de origen)
TB_MOV_FINANCIEROS,MOV00019675,FECHA_FUERA_DE_RANGO,fec_mov posterior a la ventana de carga (posible error de reloj de origen)
TB_MOV_FINANCIEROS,MOV00459739,FECHA_FUERA_DE_RANGO,fec_mov posterior a la ventana de carga (posible error de reloj de origen)
TB_MOV_FINANCIEROS,MOV00177949,FECHA_FUERA_DE_RANGO,fec_mov posterior a la ventana de carga (posible error de reloj de origen)
TB_MOV_FINANCIEROS,MOV00069425,FECHA_FUERA_DE_RANGO,fec_mov posterior a la ventana de carga (posible error de reloj de origen)
TB_MOV_FINANCIEROS,MOV00097348,FECHA_FUERA_DE_RANGO,fec_mov posterior a la ventana de carga (posible error de reloj de origen)
TB_MOV_FINANCIEROS,MOV00249670,FECHA_FUERA_DE_RANGO,fec_mov posterior a la ventana de carga (posible error de reloj de origen)
TB_MOV_FINANCIEROS,MOV00356061,FECHA_FUERA_DE_RANGO,fec_mov posterior a la ventana de carga (posible error de reloj de origen)
TB_MOV_FINANCIEROS,MOV00203990,FECHA_FUERA_DE_RANGO,fec_mov posterior a la ventana de carga (posible error de reloj de origen)
TB_MOV_FINANCIEROS,MOV00332605,FECHA_FUERA_DE_RANGO,fec_mov posterior a la ventana de carga (posible error de reloj de origen)
TB_MOV_FINANCIEROS,MOV00420410,FECHA_FUERA_DE_RANGO,fec_mov posterior a la ventana de carga (posible error de reloj de origen)
TB_MOV_FINANCIEROS,MOV00456619,FECHA_FUERA_DE_RANGO,fec_mov posterior a la ventana de carga (posible error de reloj de origen)
TB_MOV_FINANCIEROS,MOV00016919,FECHA_FUERA_DE_RANGO,fec_mov posterior a la ventana de carga (posible error de reloj de origen)
TB_MOV_FINANCIEROS,MOV00016044,FECHA_FUERA_DE_RANGO,fec_mov posterior a la ventana de carga (posible error de reloj de origen)
TB_MOV_FINANCIEROS,MOV00184778,FECHA_FUERA_DE_RANGO,fec_mov posterior a la ventana de carga (posible error de reloj de origen)
TB_MOV_FINANCIEROS,MOV00043144,FECHA_FUERA_DE_RANGO,fec_mov posterior a la ventana de carga (posible error de reloj de origen)
TB_MOV_FINANCIEROS,MOV00184126,FECHA_FUERA_DE_RANGO,fec_mov posterior a la ventana de carga (posible error de reloj de origen)
TB_MOV_FINANCIEROS,MOV00005983,FECHA_FUERA_DE_RANGO,fec_mov posterior a la ventana de carga (posible error de reloj de origen)
TB_MOV_FINANCIEROS,MOV00402455,FECHA_FUERA_DE_RANGO,fec_mov posterior a la ventana de carga (posible error de reloj de origen)
TB_MOV_FINANCIEROS,MOV00186500,FECHA_FUERA_DE_RANGO,fec_mov posterior a la ventana de carga (posible error de reloj de origen)
TB_MOV_FINANCIEROS,MOV00316871,FECHA_FUERA_DE_RANGO,fec_mov posterior a la ventana de carga (posible error de reloj de origen)
TB_MOV_FINANCIEROS,MOV00203434,FECHA_FUERA_DE_RANGO,fec_mov posterior a la ventana de carga (posible error de reloj de origen)
TB_MOV_FINANCIEROS,MOV00153308,FECHA_FUERA_DE_RANGO,fec_mov posterior a la ventana de carga (posible error de reloj de origen)
TB_MOV_FINANCIEROS,MOV00381363,FECHA_FUERA_DE_RANGO,fec_mov posterior a la ventana de carga (posible error de reloj de origen)
TB_MOV_FINANCIEROS,MOV00408666,FECHA_FUERA_DE_RANGO,fec_mov posterior a la ventana de carga (posible error de reloj de origen)
TB_MOV_FINANCIEROS,MOV00350002,FECHA_FUERA_DE_RANGO,fec_mov posterior a la ventana de carga (posible error de reloj de origen)
TB_MOV_FINANCIEROS,MOV00060421,FECHA_FUERA_DE_RANGO,fec_mov posterior a la ventana de carga (posible error de reloj de origen)
TB_MOV_FINANCIEROS,MOV00260940,FECHA_FUERA_DE_RANGO,fec_mov posterior a la ventana de carga (posible error de reloj de origen)
TB_MOV_FINANCIEROS,MOV00396427,FECHA_FUERA_DE_RANGO,fec_mov posterior a la ventana de carga (posible error de reloj de origen)
TB_MOV_FINANCIEROS,MOV00133829,FECHA_FUERA_DE_RANGO,fec_mov posterior a la ventana de carga (posible error de reloj de origen)
TB_MOV_FINANCIEROS,MOV00261141,FECHA_FUERA_DE_RANGO,fec_mov posterior a la ventana de carga (posible error de reloj de origen)
TB_MOV_FINANCIEROS,MOV00184857,FECHA_FUERA_DE_RANGO,fec_mov posterior a la ventana de carga (posible error de reloj de origen)
TB_MOV_FINANCIEROS,MOV00411398,FECHA_FUERA_DE_RANGO,fec_mov posterior a la ventana de carga (posible error de reloj de origen)
TB_MOV_FINANCIEROS,MOV00357641,FECHA_FUERA_DE_RANGO,fec_mov posterior a la ventana de carga (posible error de reloj de origen)
TB_MOV_FINANCIEROS,MOV00019611,FECHA_FUERA_DE_RANGO,fec_mov posterior a la ventana de carga (posible error de reloj de origen)
TB_MOV_FINANCIEROS,MOV00379632,FECHA_FUERA_DE_RANGO,fec_mov posterior a la ventana de carga (posible error de reloj de origen)
TB_MOV_FINANCIEROS,MOV00284479,FECHA_FUERA_DE_RANGO,fec_mov posterior a la ventana de carga (posible error de reloj de origen)
TB_MOV_FINANCIEROS,MOV00001485,FECHA_FUERA_DE_RANGO,fec_mov posterior a la ventana de carga (posible error de reloj de origen)
TB_MOV_FINANCIEROS,MOV00214346,FECHA_FUERA_DE_RANGO,fec_mov posterior a la ventana de carga (posible error de reloj de origen)
TB_MOV_FINANCIEROS,MOV00429386,FECHA_FUERA_DE_RANGO,fec_mov posterior a la ventana de carga (posible error de reloj de origen)
TB_MOV_FINANCIEROS,MOV00071491,FECHA_FUERA_DE_RANGO,fec_mov posterior a la ventana de carga (posible error de reloj de origen)
TB_MOV_FINANCIEROS,MOV00136304,FECHA_FUERA_DE_RANGO,fec_mov posterior a la ventana de carga (posible error de reloj de origen)
TB_MOV_FINANCIEROS,MOV00186379,FECHA_FUERA_DE_RANGO,fec_mov posterior a la ventana de carga (posible error de reloj de origen)
TB_MOV_FINANCIEROS,MOV00091558,FECHA_FUERA_DE_RANGO,fec_mov posterior a la ventana de carga (posible error de reloj de origen)
TB_MOV_FINANCIEROS,MOV00229766,FECHA_FUERA_DE_RANGO,fec_mov posterior a la ventana de carga (posible error de reloj de origen)
TB_MOV_FINANCIEROS,MOV00345304,FECHA_FUERA_DE_RANGO,fec_mov posterior a la ventana de carga (posible error de reloj de origen)
TB_MOV_FINANCIEROS,MOV00242749,FECHA_FUERA_DE_RANGO,fec_mov posterior a la ventana de carga (posible error de reloj de origen)
TB_MOV_FINANCIEROS,MOV00202695,FECHA_FUERA_DE_RANGO,fec_mov posterior a la ventana de carga (posible error de reloj de origen)
TB_MOV_FINANCIEROS,MOV00381271,FECHA_FUERA_DE_RANGO,fec_mov posterior a la ventana de carga (posible error de reloj de origen)
TB_MOV_FINANCIEROS,MOV00473682,FECHA_FUERA_DE_RANGO,fec_mov posterior a la ventana de carga (posible error de reloj de origen)
TB_MOV_FINANCIEROS,MOV00424464,FECHA_FUERA_DE_RANGO,fec_mov posterior a la ventana de carga (posible error de reloj de origen)
TB_MOV_FINANCIEROS,MOV00481974,FECHA_FUERA_DE_RANGO,fec_mov posterior a la ventana de carga (posible error de reloj de origen)
TB_MOV_FINANCIEROS,MOV00239379,FECHA_FUERA_DE_RANGO,fec_mov posterior a la ventana de carga (posible error de reloj de origen)
TB_MOV_FINANCIEROS,MOV00087136,FECHA_FUERA_DE_RANGO,fec_mov posterior a la ventana de carga (posible error de reloj de origen)
TB_MOV_FINANCIEROS,MOV00244634,FECHA_FUERA_DE_RANGO,fec_mov posterior a la ventana de carga (posible error de reloj de origen)
TB_MOV_FINANCIEROS,MOV00089146,FECHA_FUERA_DE_RANGO,fec_mov posterior a la ventana de carga (posible error de reloj de origen)
TB_MOV_FINANCIEROS,MOV00451888,FECHA_FUERA_DE_RANGO,fec_mov posterior a la ventana de carga (posible error de reloj de origen)
TB_MOV_FINANCIEROS,MOV00080124,FECHA_FUERA_DE_RANGO,fec_mov posterior a la ventana de carga (posible error de reloj de origen)
TB_MOV_FINANCIEROS,MOV00280950,FECHA_FUERA_DE_RANGO,fec_mov posterior a la ventana de carga (posible error de reloj de origen)
TB_MOV_FINANCIEROS,MOV00357932,FECHA_FUERA_DE_RANGO,fec_mov posterior a la ventana de carga (posible error de reloj de origen)
TB_MOV_FINANCIEROS,MOV00023644,FECHA_FUERA_DE_RANGO,fec_mov posterior a la ventana de carga (posible error de reloj de origen)
TB_MOV_FINANCIEROS,MOV00477227,FECHA_FUERA_DE_RANGO,fec_mov posterior a la ventana de carga (posible error de reloj de origen)
TB_MOV_FINANCIEROS,MOV00375898,FECHA_FUERA_DE_RANGO,fec_mov posterior a la ventana de carga (posible error de reloj de origen)
TB_MOV_FINANCIEROS,MOV00260362,FECHA_FUERA_DE_RANGO,fec_mov posterior a la ventana de carga (posible error de reloj de origen)
TB_MOV_FINANCIEROS,MOV00265241,FECHA_FUERA_DE_RANGO,fec_mov posterior a la ventana de carga (posible error de reloj de origen)
TB_MOV_FINANCIEROS,MOV00248524,FECHA_FUERA_DE_RANGO,fec_mov posterior a la ventana de carga (posible error de reloj de origen)
TB_MOV_FINANCIEROS,MOV00441846,FECHA_FUERA_DE_RANGO,fec_mov posterior a la ventana de carga (posible error de reloj de origen)
TB_MOV_FINANCIEROS,MOV00400755,FECHA_FUERA_DE_RANGO,fec_mov posterior a la ventana de carga (posible error de reloj de origen)
TB_MOV_FINANCIEROS,MOV00461020,FECHA_FUERA_DE_RANGO,fec_mov posterior a la ventana de carga (posible error de reloj de origen)
TB_MOV_FINANCIEROS,MOV00263702,FECHA_FUERA_DE_RANGO,fec_mov posterior a la ventana de carga (posible error de reloj de origen)
TB_MOV_FINANCIEROS,MOV00331179,FECHA_FUERA_DE_RANGO,fec_mov posterior a la ventana de carga (posible error de reloj de origen)
TB_MOV_FINANCIEROS,MOV00082127,FECHA_FUERA_DE_RANGO,fec_mov posterior a la ventana de carga (posible error de reloj de origen)
TB_MOV_FINANCIEROS,MOV00403990,FECHA_FUERA_DE_RANGO,fec_mov posterior a la ventana de carga (posible error de reloj de origen)
TB_MOV_FINANCIEROS,MOV00268881,FECHA_FUERA_DE_RANGO,fec_mov posterior a la ventana de carga (posible error de reloj de origen)
TB_MOV_FINANCIEROS,MOV00335603,FECHA_FUERA_DE_RANGO,fec_mov posterior a la ventana de carga (posible error de reloj de origen)
TB_MOV_FINANCIEROS,MOV00083986,FECHA_FUERA_DE_RANGO,fec_mov posterior a la ventana de carga (posible error de reloj de origen)
TB_MOV_FINANCIEROS,MOV00385904,FECHA_FUERA_DE_RANGO,fec_mov posterior a la ventana de carga (posible error de reloj de origen)
TB_MOV_FINANCIEROS,MOV00387922,FECHA_FUERA_DE_RANGO,fec_mov posterior a la ventana de carga (posible error de reloj de origen)
TB_MOV_FINANCIEROS,MOV00051820,FECHA_FUERA_DE_RANGO,fec_mov posterior a la ventana de carga (posible error de reloj de origen)
TB_MOV_FINANCIEROS,MOV00446794,FECHA_FUERA_DE_RANGO,fec_mov posterior a la ventana de carga (posible error de reloj de origen)
TB_MOV_FINANCIEROS,MOV00473650,FECHA_FUERA_DE_RANGO,fec_mov posterior a la ventana de carga (posible error de reloj de origen)
TB_MOV_FINANCIEROS,MOV00239392,FECHA_FUERA_DE_RANGO,fec_mov posterior a la ventana de carga (posible error de reloj de origen)
TB_MOV_FINANCIEROS,MOV00100093,FECHA_FUERA_DE_RANGO,fec_mov posterior a la ventana de carga (posible error de reloj de origen)
TB_MOV_FINANCIEROS,MOV00226660,FECHA_FUERA_DE_RANGO,fec_mov posterior a la ventana de carga (posible error de reloj de origen)
TB_MOV_FINANCIEROS,MOV00452457,FECHA_FUERA_DE_RANGO,fec_mov posterior a la ventana de carga (posible error de reloj de origen)
TB_MOV_FINANCIEROS,MOV00112292,FECHA_FUERA_DE_RANGO,fec_mov posterior a la ventana de carga (posible error de reloj de origen)
TB_MOV_FINANCIEROS,MOV00178259,FECHA_FUERA_DE_RANGO,fec_mov posterior a la ventana de carga (posible error de reloj de origen)
TB_MOV_FINANCIEROS,MOV00116337,FECHA_FUERA_DE_RANGO,fec_mov posterior a la ventana de carga (posible error de reloj de origen)
TB_MOV_FINANCIEROS,MOV00291608,FECHA_FUERA_DE_RANGO,fec_mov posterior a la ventana de carga (posible error de reloj de origen)
TB_MOV_FINANCIEROS,MOV00296156,FECHA_FUERA_DE_RANGO,fec_mov posterior a la ventana de carga (posible error de reloj de origen)
TB_MOV_FINANCIEROS,MOV00466525,FECHA_FUERA_DE_RANGO,fec_mov posterior a la ventana de carga (posible error de reloj de origen)
TB_MOV_FINANCIEROS,MOV00434170,FECHA_FUERA_DE_RANGO,fec_mov posterior a la ventana de carga (posible error de reloj de origen)
TB_MOV_FINANCIEROS,MOV00446788,FECHA_FUERA_DE_RANGO,fec_mov posterior a la ventana de carga (posible error de reloj de origen)
TB_MOV_FINANCIEROS,MOV00094344,FECHA_FUERA_DE_RANGO,fec_mov posterior a la ventana de carga (posible error de reloj de origen)
TB_MOV_FINANCIEROS,MOV00253908,FECHA_FUERA_DE_RANGO,fec_mov posterior a la ventana de carga (posible error de reloj de origen)
TB_MOV_FINANCIEROS,MOV00226742,FECHA_FUERA_DE_RANGO,fec_mov posterior a la ventana de carga (posible error de reloj de origen)
TB_MOV_FINANCIEROS,MOV00386826,FECHA_FUERA_DE_RANGO,fec_mov posterior a la ventana de carga (posible error de reloj de origen)
TB_MOV_FINANCIEROS,MOV00458442,FECHA_FUERA_DE_RANGO,fec_mov posterior a la ventana de carga (posible error de reloj de origen)
TB_MOV_FINANCIEROS,MOV00313062,FECHA_FUERA_DE_RANGO,fec_mov posterior a la ventana de carga (posible error de reloj de origen)
TB_MOV_FINANCIEROS,MOV00269356,FECHA_FUERA_DE_RANGO,fec_mov posterior a la ventana de carga (posible error de reloj de origen)
TB_MOV_FINANCIEROS,MOV00187951,FECHA_FUERA_DE_RANGO,fec_mov posterior a la ventana de carga (posible error de reloj de origen)
TB_MOV_FINANCIEROS,MOV00165717,FECHA_FUERA_DE_RANGO,fec_mov posterior a la ventana de carga (posible error de reloj de origen)
TB_MOV_FINANCIEROS,MOV00004156,FECHA_FUERA_DE_RANGO,fec_mov posterior a la ventana de carga (posible error de reloj de origen)
TB_MOV_FINANCIEROS,MOV00180692,FECHA_FUERA_DE_RANGO,fec_mov posterior a la ventana de carga (posible error de reloj de origen)
TB_MOV_FINANCIEROS,MOV00052685,FECHA_FUERA_DE_RANGO,fec_mov posterior a la ventana de carga (posible error de reloj de origen)
TB_MOV_FINANCIEROS,MOV00202936,FECHA_FUERA_DE_RANGO,fec_mov posterior a la ventana de carga (posible error de reloj de origen)
TB_MOV_FINANCIEROS,MOV00419568,FECHA_FUERA_DE_RANGO,fec_mov posterior a la ventana de carga (posible error de reloj de origen)
TB_MOV_FINANCIEROS,MOV00253845,FECHA_FUERA_DE_RANGO,fec_mov posterior a la ventana de carga (posible error de reloj de origen)
TB_MOV_FINANCIEROS,MOV00476606,FECHA_FUERA_DE_RANGO,fec_mov posterior a la ventana de carga (posible error de reloj de origen)
TB_MOV_FINANCIEROS,MOV00061583,FECHA_FUERA_DE_RANGO,fec_mov posterior a la ventana de carga (posible error de reloj de origen)
TB_MOV_FINANCIEROS,MOV00384070,FECHA_FUERA_DE_RANGO,fec_mov posterior a la ventana de carga (posible error de reloj de origen)
TB_MOV_FINANCIEROS,MOV00355299,FECHA_FUERA_DE_RANGO,fec_mov posterior a la ventana de carga (posible error de reloj de origen)
TB_MOV_FINANCIEROS,MOV00194486,FECHA_FUERA_DE_RANGO,fec_mov posterior a la ventana de carga (posible error de reloj de origen)
TB_MOV_FINANCIEROS,MOV00167125,FECHA_FUERA_DE_RANGO,fec_mov posterior a la ventana de carga (posible error de reloj de origen)
TB_MOV_FINANCIEROS,MOV00045165,FECHA_FUERA_DE_RANGO,fec_mov posterior a la ventana de carga (posible error de reloj de origen)
TB_MOV_FINANCIEROS,MOV00278388,FECHA_FUERA_DE_RANGO,fec_mov posterior a la ventana de carga (posible error de reloj de origen)
TB_MOV_FINANCIEROS,MOV00389010,FECHA_FUERA_DE_RANGO,fec_mov posterior a la ventana de carga (posible error de reloj de origen)
TB_MOV_FINANCIEROS,MOV00290348,FECHA_FUERA_DE_RANGO,fec_mov posterior a la ventana de carga (posible error de reloj de origen)
TB_MOV_FINANCIEROS,MOV00085776,FECHA_FUERA_DE_RANGO,fec_mov posterior a la ventana de carga (posible error de reloj de origen)
TB_MOV_FINANCIEROS,MOV00300962,FECHA_FUERA_DE_RANGO,fec_mov posterior a la ventana de carga (posible error de reloj de origen)
TB_MOV_FINANCIEROS,MOV00411420,FECHA_FUERA_DE_RANGO,fec_mov posterior a la ventana de carga (posible error de reloj de origen)
TB_MOV_FINANCIEROS,MOV00378517,FECHA_FUERA_DE_RANGO,fec_mov posterior a la ventana de carga (posible error de reloj de origen)
TB_MOV_FINANCIEROS,MOV00273401,FECHA_FUERA_DE_RANGO,fec_mov posterior a la ventana de carga (posible error de reloj de origen)
TB_MOV_FINANCIEROS,MOV00433028,FECHA_FUERA_DE_RANGO,fec_mov posterior a la ventana de carga (posible error de reloj de origen)
TB_MOV_FINANCIEROS,MOV00064442,FECHA_FUERA_DE_RANGO,fec_mov posterior a la ventana de carga (posible error de reloj de origen)
TB_MOV_FINANCIEROS,MOV00163081,FECHA_FUERA_DE_RANGO,fec_mov posterior a la ventana de carga (posible error de reloj de origen)
TB_MOV_FINANCIEROS,MOV00469559,FECHA_FUERA_DE_RANGO,fec_mov posterior a la ventana de carga (posible error de reloj de origen)
TB_MOV_FINANCIEROS,MOV00037732,FECHA_FUERA_DE_RANGO,fec_mov posterior a la ventana de carga (posible error de reloj de origen)
TB_MOV_FINANCIEROS,MOV00251873,FECHA_FUERA_DE_RANGO,fec_mov posterior a la ventana de carga (posible error de reloj de origen)
TB_MOV_FINANCIEROS,MOV00292096,FECHA_FUERA_DE_RANGO,fec_mov posterior a la ventana de carga (posible error de reloj de origen)
TB_MOV_FINANCIEROS,MOV00063839,FECHA_FUERA_DE_RANGO,fec_mov posterior a la ventana de carga (posible error de reloj de origen)
TB_MOV_FINANCIEROS,MOV00107089,FECHA_FUERA_DE_RANGO,fec_mov posterior a la ventana de carga (posible error de reloj de origen)
TB_MOV_FINANCIEROS,MOV00482459,FECHA_FUERA_DE_RANGO,fec_mov posterior a la ventana de carga (posible error de reloj de origen)
TB_MOV_FINANCIEROS,MOV00312431,FECHA_FUERA_DE_RANGO,fec_mov posterior a la ventana de carga (posible error de reloj de origen)
TB_MOV_FINANCIEROS,MOV00085618,FECHA_FUERA_DE_RANGO,fec_mov posterior a la ventana de carga (posible error de reloj de origen)
TB_MOV_FINANCIEROS,MOV00322260,FECHA_FUERA_DE_RANGO,fec_mov posterior a la ventana de carga (posible error de reloj de origen)
TB_MOV_FINANCIEROS,MOV00133878,FECHA_FUERA_DE_RANGO,fec_mov posterior a la ventana de carga (posible error de reloj de origen)
TB_MOV_FINANCIEROS,MOV00453627,FECHA_FUERA_DE_RANGO,fec_mov posterior a la ventana de carga (posible error de reloj de origen)
TB_MOV_FINANCIEROS,MOV00366034,FECHA_FUERA_DE_RANGO,fec_mov posterior a la ventana de carga (posible error de reloj de origen)
TB_MOV_FINANCIEROS,MOV00245254,FECHA_FUERA_DE_RANGO,fec_mov posterior a la ventana de carga (posible error de reloj de origen)
TB_MOV_FINANCIEROS,MOV00154364,FECHA_FUERA_DE_RANGO,fec_mov posterior a la ventana de carga (posible error de reloj de origen)
TB_MOV_FINANCIEROS,MOV00025633,FECHA_FUERA_DE_RANGO,fec_mov posterior a la ventana de carga (posible error de reloj de origen)
TB_MOV_FINANCIEROS,MOV00175930,FECHA_FUERA_DE_RANGO,fec_mov posterior a la ventana de carga (posible error de reloj de origen)
TB_MOV_FINANCIEROS,MOV00279142,FECHA_FUERA_DE_RANGO,fec_mov posterior a la ventana de carga (posible error de reloj de origen)
TB_MOV_FINANCIEROS,MOV00386609,FECHA_FUERA_DE_RANGO,fec_mov posterior a la ventana de carga (posible error de reloj de origen)
TB_MOV_FINANCIEROS,MOV00098466,FECHA_FUERA_DE_RANGO,fec_mov posterior a la ventana de carga (posible error de reloj de origen)
TB_MOV_FINANCIEROS,MOV00332200,FECHA_FUERA_DE_RANGO,fec_mov posterior a la ventana de carga (posible error de reloj de origen)
TB_MOV_FINANCIEROS,MOV00195971,FECHA_FUERA_DE_RANGO,fec_mov posterior a la ventana de carga (posible error de reloj de origen)
TB_MOV_FINANCIEROS,MOV00383082,FECHA_FUERA_DE_RANGO,fec_mov posterior a la ventana de carga (posible error de reloj de origen)
TB_MOV_FINANCIEROS,MOV00191770,FECHA_FUERA_DE_RANGO,fec_mov posterior a la ventana de carga (posible error de reloj de origen)
TB_MOV_FINANCIEROS,MOV00294126,FECHA_FUERA_DE_RANGO,fec_mov posterior a la ventana de carga (posible error de reloj de origen)
TB_MOV_FINANCIEROS,MOV00451752,FECHA_FUERA_DE_RANGO,fec_mov posterior a la ventana de carga (posible error de reloj de origen)
TB_MOV_FINANCIEROS,MOV00039050,FECHA_FUERA_DE_RANGO,fec_mov posterior a la ventana de carga (posible error de reloj de origen)
TB_MOV_FINANCIEROS,MOV00028411,FECHA_FUERA_DE_RANGO,fec_mov posterior a la ventana de carga (posible error de reloj de origen)
TB_MOV_FINANCIEROS,MOV00232835,FECHA_FUERA_DE_RANGO,fec_mov posterior a la ventana de carga (posible error de reloj de origen)
TB_MOV_FINANCIEROS,MOV00439577,FECHA_FUERA_DE_RANGO,fec_mov posterior a la ventana de carga (posible error de reloj de origen)
TB_MOV_FINANCIEROS,MOV00390906,FECHA_FUERA_DE_RANGO,fec_mov posterior a la ventana de carga (posible error de reloj de origen)
TB_MOV_FINANCIEROS,MOV00372663,FECHA_FUERA_DE_RANGO,fec_mov posterior a la ventana de carga (posible error de reloj de origen)
TB_MOV_FINANCIEROS,MOV00287583,FECHA_FUERA_DE_RANGO,fec_mov posterior a la ventana de carga (posible error de reloj de origen)
TB_MOV_FINANCIEROS,MOV00244397,FECHA_FUERA_DE_RANGO,fec_mov posterior a la ventana de carga (posible error de reloj de origen)
TB_MOV_FINANCIEROS,MOV00307342,FECHA_FUERA_DE_RANGO,fec_mov posterior a la ventana de carga (posible error de reloj de origen)
TB_MOV_FINANCIEROS,MOV00427432,FECHA_FUERA_DE_RANGO,fec_mov posterior a la ventana de carga (posible error de reloj de origen)
TB_MOV_FINANCIEROS,MOV00259809,FECHA_FUERA_DE_RANGO,fec_mov posterior a la ventana de carga (posible error de reloj de origen)
TB_MOV_FINANCIEROS,MOV00407790,FECHA_FUERA_DE_RANGO,fec_mov posterior a la ventana de carga (posible error de reloj de origen)
TB_MOV_FINANCIEROS,MOV00382570,FECHA_FUERA_DE_RANGO,fec_mov posterior a la ventana de carga (posible error de reloj de origen)
TB_MOV_FINANCIEROS,MOV00091344,FECHA_FUERA_DE_RANGO,fec_mov posterior a la ventana de carga (posible error de reloj de origen)
TB_MOV_FINANCIEROS,MOV00320489,FECHA_FUERA_DE_RANGO,fec_mov posterior a la ventana de carga (posible error de reloj de origen)
TB_MOV_FINANCIEROS,MOV00267880,FECHA_FUERA_DE_RANGO,fec_mov posterior a la ventana de carga (posible error de reloj de origen)
TB_MOV_FINANCIEROS,MOV00279222,FECHA_FUERA_DE_RANGO,fec_mov posterior a la ventana de carga (posible error de reloj de origen)
TB_MOV_FINANCIEROS,MOV00310187,FECHA_FUERA_DE_RANGO,fec_mov posterior a la ventana de carga (posible error de reloj de origen)
TB_MOV_FINANCIEROS,MOV00264637,FECHA_FUERA_DE_RANGO,fec_mov posterior a la ventana de carga (posible error de reloj de origen)
TB_MOV_FINANCIEROS,MOV00182500,FECHA_FUERA_DE_RANGO,fec_mov posterior a la ventana de carga (posible error de reloj de origen)
TB_MOV_FINANCIEROS,MOV00003198,FECHA_FUERA_DE_RANGO,fec_mov posterior a la ventana de carga (posible error de reloj de origen)
TB_MOV_FINANCIEROS,MOV00352907,FECHA_FUERA_DE_RANGO,fec_mov posterior a la ventana de carga (posible error de reloj de origen)
TB_MOV_FINANCIEROS,MOV00494366,FECHA_FUERA_DE_RANGO,fec_mov posterior a la ventana de carga (posible error de reloj de origen)
TB_MOV_FINANCIEROS,MOV00393218,FECHA_FUERA_DE_RANGO,fec_mov posterior a la ventana de carga (posible error de reloj de origen)
TB_MOV_FINANCIEROS,MOV00354517,FECHA_FUERA_DE_RANGO,fec_mov posterior a la ventana de carga (posible error de reloj de origen)
TB_MOV_FINANCIEROS,MOV00441222,FECHA_FUERA_DE_RANGO,fec_mov posterior a la ventana de carga (posible error de reloj de origen)
TB_MOV_FINANCIEROS,MOV00159371,FECHA_FUERA_DE_RANGO,fec_mov posterior a la ventana de carga (posible error de reloj de origen)
TB_MOV_FINANCIEROS,MOV00377582,FECHA_FUERA_DE_RANGO,fec_mov posterior a la ventana de carga (posible error de reloj de origen)
TB_MOV_FINANCIEROS,MOV00237763,FECHA_FUERA_DE_RANGO,fec_mov posterior a la ventana de carga (posible error de reloj de origen)
TB_MOV_FINANCIEROS,MOV00207049,FECHA_FUERA_DE_RANGO,fec_mov posterior a la ventana de carga (posible error de reloj de origen)
TB_MOV_FINANCIEROS,MOV00052270,FECHA_FUERA_DE_RANGO,fec_mov posterior a la ventana de carga (posible error de reloj de origen)
TB_MOV_FINANCIEROS,MOV00337253,FECHA_FUERA_DE_RANGO,fec_mov posterior a la ventana de carga (posible error de reloj de origen)
TB_MOV_FINANCIEROS,MOV00497276,FECHA_FUERA_DE_RANGO,fec_mov posterior a la ventana de carga (posible error de reloj de origen)
TB_MOV_FINANCIEROS,MOV00320205,FECHA_FUERA_DE_RANGO,fec_mov posterior a la ventana de carga (posible error de reloj de origen)
TB_MOV_FINANCIEROS,MOV00410996,FECHA_FUERA_DE_RANGO,fec_mov posterior a la ventana de carga (posible error de reloj de origen)
TB_MOV_FINANCIEROS,MOV00409251,FECHA_FUERA_DE_RANGO,fec_mov posterior a la ventana de carga (posible error de reloj de origen)
TB_MOV_FINANCIEROS,MOV00463075,FECHA_FUERA_DE_RANGO,fec_mov posterior a la ventana de carga (posible error de reloj de origen)
TB_MOV_FINANCIEROS,MOV00269388,FECHA_FUERA_DE_RANGO,fec_mov posterior a la ventana de carga (posible error de reloj de origen)
TB_MOV_FINANCIEROS,MOV00459963,FECHA_FUERA_DE_RANGO,fec_mov posterior a la ventana de carga (posible error de reloj de origen)
TB_MOV_FINANCIEROS,MOV00041402,FECHA_FUERA_DE_RANGO,fec_mov posterior a la ventana de carga (posible error de reloj de origen)
TB_MOV_FINANCIEROS,MOV00001437,FECHA_FUERA_DE_RANGO,fec_mov posterior a la ventana de carga (posible error de reloj de origen)
TB_MOV_FINANCIEROS,MOV00299705,FECHA_FUERA_DE_RANGO,fec_mov posterior a la ventana de carga (posible error de reloj de origen)
TB_MOV_FINANCIEROS,MOV00240033,FECHA_FUERA_DE_RANGO,fec_mov posterior a la ventana de carga (posible error de reloj de origen)
TB_MOV_FINANCIEROS,MOV00396835,FECHA_FUERA_DE_RANGO,fec_mov posterior a la ventana de carga (posible error de reloj de origen)
TB_MOV_FINANCIEROS,MOV00087853,FECHA_FUERA_DE_RANGO,fec_mov posterior a la ventana de carga (posible error de reloj de origen)
TB_MOV_FINANCIEROS,MOV00186375,FECHA_FUERA_DE_RANGO,fec_mov posterior a la ventana de carga (posible error de reloj de origen)
TB_MOV_FINANCIEROS,MOV00063130,FECHA_FUERA_DE_RANGO,fec_mov posterior a la ventana de carga (posible error de reloj de origen)
TB_MOV_FINANCIEROS,MOV00453601,FECHA_FUERA_DE_RANGO,fec_mov posterior a la ventana de carga (posible error de reloj de origen)
TB_MOV_FINANCIEROS,MOV00176872,FECHA_FUERA_DE_RANGO,fec_mov posterior a la ventana de carga (posible error de reloj de origen)
TB_MOV_FINANCIEROS,MOV00187671,FECHA_FUERA_DE_RANGO,fec_mov posterior a la ventana de carga (posible error de reloj de origen)
TB_MOV_FINANCIEROS,MOV00239554,FECHA_FUERA_DE_RANGO,fec_mov posterior a la ventana de carga (posible error de reloj de origen)
TB_MOV_FINANCIEROS,MOV00141060,FECHA_FUERA_DE_RANGO,fec_mov posterior a la ventana de carga (posible error de reloj de origen)
TB_MOV_FINANCIEROS,MOV00139001,FECHA_FUERA_DE_RANGO,fec_mov posterior a la ventana de carga (posible error de reloj de origen)
TB_MOV_FINANCIEROS,MOV00010111,FECHA_FUERA_DE_RANGO,fec_mov posterior a la ventana de carga (posible error de reloj de origen)
TB_MOV_FINANCIEROS,MOV00041728,FECHA_FUERA_DE_RANGO,fec_mov posterior a la ventana de carga (posible error de reloj de origen)
TB_MOV_FINANCIEROS,MOV00213164,FECHA_FUERA_DE_RANGO,fec_mov posterior a la ventana de carga (posible error de reloj de origen)
TB_MOV_FINANCIEROS,MOV00381384,FECHA_FUERA_DE_RANGO,fec_mov posterior a la ventana de carga (posible error de reloj de origen)
TB_MOV_FINANCIEROS,MOV00347957,FECHA_FUERA_DE_RANGO,fec_mov posterior a la ventana de carga (posible error de reloj de origen)
TB_MOV_FINANCIEROS,MOV00348717,FECHA_FUERA_DE_RANGO,fec_mov posterior a la ventana de carga (posible error de reloj de origen)
TB_MOV_FINANCIEROS,MOV00230812,FECHA_FUERA_DE_RANGO,fec_mov posterior a la ventana de carga (posible error de reloj de origen)
TB_MOV_FINANCIEROS,MOV00266064,FECHA_FUERA_DE_RANGO,fec_mov posterior a la ventana de carga (posible error de reloj de origen)
TB_MOV_FINANCIEROS,MOV00013641,FECHA_FUERA_DE_RANGO,fec_mov posterior a la ventana de carga (posible error de reloj de origen)
TB_MOV_FINANCIEROS,MOV00018732,FECHA_FUERA_DE_RANGO,fec_mov posterior a la ventana de carga (posible error de reloj de origen)
TB_MOV_FINANCIEROS,MOV00439613,FECHA_FUERA_DE_RANGO,fec_mov posterior a la ventana de carga (posible error de reloj de origen)
TB_MOV_FINANCIEROS,MOV00290125,FECHA_FUERA_DE_RANGO,fec_mov posterior a la ventana de carga (posible error de reloj de origen)
TB_MOV_FINANCIEROS,MOV00164362,FECHA_FUERA_DE_RANGO,fec_mov posterior a la ventana de carga (posible error de reloj de origen)
TB_MOV_FINANCIEROS,MOV00427833,FECHA_FUERA_DE_RANGO,fec_mov posterior a la ventana de carga (posible error de reloj de origen)
TB_MOV_FINANCIEROS,MOV00234199,FECHA_FUERA_DE_RANGO,fec_mov posterior a la ventana de carga (posible error de reloj de origen)
TB_MOV_FINANCIEROS,MOV00224866,FECHA_FUERA_DE_RANGO,fec_mov posterior a la ventana de carga (posible error de reloj de origen)
TB_MOV_FINANCIEROS,MOV00198999,FECHA_FUERA_DE_RANGO,fec_mov posterior a la ventana de carga (posible error de reloj de origen)
TB_MOV_FINANCIEROS,MOV00415373,FECHA_FUERA_DE_RANGO,fec_mov posterior a la ventana de carga (posible error de reloj de origen)
TB_MOV_FINANCIEROS,MOV00090682,FECHA_FUERA_DE_RANGO,fec_mov posterior a la ventana de carga (posible error de reloj de origen)
TB_MOV_FINANCIEROS,MOV00235381,FECHA_FUERA_DE_RANGO,fec_mov posterior a la ventana de carga (posible error de reloj de origen)
TB_MOV_FINANCIEROS,MOV00254867,FECHA_FUERA_DE_RANGO,fec_mov posterior a la ventana de carga (posible error de reloj de origen)
TB_MOV_FINANCIEROS,MOV00105504,FECHA_FUERA_DE_RANGO,fec_mov posterior a la ventana de carga (posible error de reloj de origen)
TB_MOV_FINANCIEROS,MOV00474312,FECHA_FUERA_DE_RANGO,fec_mov posterior a la ventana de carga (posible error de reloj de origen)
TB_MOV_FINANCIEROS,MOV00353282,FECHA_FUERA_DE_RANGO,fec_mov posterior a la ventana de carga (posible error de reloj de origen)
TB_MOV_FINANCIEROS,MOV00310526,FECHA_FUERA_DE_RANGO,fec_mov posterior a la ventana de carga (posible error de reloj de origen)
TB_MOV_FINANCIEROS,MOV00099747,FECHA_FUERA_DE_RANGO,fec_mov posterior a la ventana de carga (posible error de reloj de origen)
TB_MOV_FINANCIEROS,MOV00105951,FECHA_FUERA_DE_RANGO,fec_mov posterior a la ventana de carga (posible error de reloj de origen)
TB_MOV_FINANCIEROS,MOV00360314,FECHA_FUERA_DE_RANGO,fec_mov posterior a la ventana de carga (posible error de reloj de origen)
TB_MOV_FINANCIEROS,MOV00295965,FECHA_FUERA_DE_RANGO,fec_mov posterior a la ventana de carga (posible error de reloj de origen)
TB_MOV_FINANCIEROS,MOV00134813,FECHA_FUERA_DE_RANGO,fec_mov posterior a la ventana de carga (posible error de reloj de origen)
TB_MOV_FINANCIEROS,MOV00347636,FECHA_FUERA_DE_RANGO,fec_mov posterior a la ventana de carga (posible error de reloj de origen)
TB_MOV_FINANCIEROS,MOV00386408,FECHA_FUERA_DE_RANGO,fec_mov posterior a la ventana de carga (posible error de reloj de origen)
TB_MOV_FINANCIEROS,MOV00446576,FECHA_FUERA_DE_RANGO,fec_mov posterior a la ventana de carga (posible error de reloj de origen)
TB_MOV_FINANCIEROS,MOV00486124,FECHA_FUERA_DE_RANGO,fec_mov posterior a la ventana de carga (posible error de reloj de origen)
TB_MOV_FINANCIEROS,MOV00165501,FECHA_FUERA_DE_RANGO,fec_mov posterior a la ventana de carga (posible error de reloj de origen)
TB_MOV_FINANCIEROS,MOV00036407,FECHA_FUERA_DE_RANGO,fec_mov posterior a la ventana de carga (posible error de reloj de origen)
TB_MOV_FINANCIEROS,MOV00463568,FECHA_FUERA_DE_RANGO,fec_mov posterior a la ventana de carga (posible error de reloj de origen)
TB_MOV_FINANCIEROS,MOV00110205,FECHA_FUERA_DE_RANGO,fec_mov posterior a la ventana de carga (posible error de reloj de origen)
TB_MOV_FINANCIEROS,MOV00439305,FECHA_FUERA_DE_RANGO,fec_mov posterior a la ventana de carga (posible error de reloj de origen)
TB_MOV_FINANCIEROS,MOV00234153,FECHA_FUERA_DE_RANGO,fec_mov posterior a la ventana de carga (posible error de reloj de origen)
TB_MOV_FINANCIEROS,MOV00412402,FECHA_FUERA_DE_RANGO,fec_mov posterior a la ventana de carga (posible error de reloj de origen)
TB_MOV_FINANCIEROS,MOV00409866,FECHA_FUERA_DE_RANGO,fec_mov posterior a la ventana de carga (posible error de reloj de origen)
TB_MOV_FINANCIEROS,MOV00400244,FECHA_FUERA_DE_RANGO,fec_mov posterior a la ventana de carga (posible error de reloj de origen)
TB_MOV_FINANCIEROS,MOV00290161,FECHA_FUERA_DE_RANGO,fec_mov posterior a la ventana de carga (posible error de reloj de origen)
TB_MOV_FINANCIEROS,MOV00045347,FECHA_FUERA_DE_RANGO,fec_mov posterior a la ventana de carga (posible error de reloj de origen)
TB_MOV_FINANCIEROS,MOV00110715,FECHA_FUERA_DE_RANGO,fec_mov posterior a la ventana de carga (posible error de reloj de origen)
TB_MOV_FINANCIEROS,MOV00255353,FECHA_FUERA_DE_RANGO,fec_mov posterior a la ventana de carga (posible error de reloj de origen)
TB_MOV_FINANCIEROS,MOV00146834,FECHA_FUERA_DE_RANGO,fec_mov posterior a la ventana de carga (posible error de reloj de origen)
TB_MOV_FINANCIEROS,MOV00472411,FECHA_FUERA_DE_RANGO,fec_mov posterior a la ventana de carga (posible error de reloj de origen)
TB_MOV_FINANCIEROS,MOV00159563,FECHA_FUERA_DE_RANGO,fec_mov posterior a la ventana de carga (posible error de reloj de origen)
TB_MOV_FINANCIEROS,MOV00046818,FECHA_FUERA_DE_RANGO,fec_mov posterior a la ventana de carga (posible error de reloj de origen)
TB_MOV_FINANCIEROS,MOV00269978,FECHA_FUERA_DE_RANGO,fec_mov posterior a la ventana de carga (posible error de reloj de origen)
TB_MOV_FINANCIEROS,MOV00127123,FECHA_FUERA_DE_RANGO,fec_mov posterior a la ventana de carga (posible error de reloj de origen)
TB_MOV_FINANCIEROS,MOV00339702,FECHA_FUERA_DE_RANGO,fec_mov posterior a la ventana de carga (posible error de reloj de origen)
TB_MOV_FINANCIEROS,MOV00326762,FECHA_FUERA_DE_RANGO,fec_mov posterior a la ventana de carga (posible error de reloj de origen)
TB_MOV_FINANCIEROS,MOV00455958,FECHA_FUERA_DE_RANGO,fec_mov posterior a la ventana de carga (posible error de reloj de origen)
TB_MOV_FINANCIEROS,MOV00479576,FECHA_FUERA_DE_RANGO,fec_mov posterior a la ventana de carga (posible error de reloj de origen)
TB_MOV_FINANCIEROS,MOV00053407,FECHA_FUERA_DE_RANGO,fec_mov posterior a la ventana de carga (posible error de reloj de origen)
TB_MOV_FINANCIEROS,MOV00043242,FECHA_FUERA_DE_RANGO,fec_mov posterior a la ventana de carga (posible error de reloj de origen)
TB_MOV_FINANCIEROS,MOV00195701,FECHA_FUERA_DE_RANGO,fec_mov posterior a la ventana de carga (posible error de reloj de origen)
TB_MOV_FINANCIEROS,MOV00342352,FECHA_FUERA_DE_RANGO,fec_mov posterior a la ventana de carga (posible error de reloj de origen)
TB_MOV_FINANCIEROS,MOV00345068,FECHA_FUERA_DE_RANGO,fec_mov posterior a la ventana de carga (posible error de reloj de origen)
TB_MOV_FINANCIEROS,MOV00151831,FECHA_FUERA_DE_RANGO,fec_mov posterior a la ventana de carga (posible error de reloj de origen)
TB_MOV_FINANCIEROS,MOV00265117,FECHA_FUERA_DE_RANGO,fec_mov posterior a la ventana de carga (posible error de reloj de origen)
TB_MOV_FINANCIEROS,MOV00188318,FECHA_FUERA_DE_RANGO,fec_mov posterior a la ventana de carga (posible error de reloj de origen)
TB_MOV_FINANCIEROS,MOV00038096,FECHA_FUERA_DE_RANGO,fec_mov posterior a la ventana de carga (posible error de reloj de origen)
TB_MOV_FINANCIEROS,MOV00030752,FECHA_FUERA_DE_RANGO,fec_mov posterior a la ventana de carga (posible error de reloj de origen)
TB_MOV_FINANCIEROS,MOV00138456,FECHA_FUERA_DE_RANGO,fec_mov posterior a la ventana de carga (posible error de reloj de origen)
TB_MOV_FINANCIEROS,MOV00239348,FECHA_FUERA_DE_RANGO,fec_mov posterior a la ventana de carga (posible error de reloj de origen)
TB_MOV_FINANCIEROS,MOV00324336,FECHA_FUERA_DE_RANGO,fec_mov posterior a la ventana de carga (posible error de reloj de origen)
TB_MOV_FINANCIEROS,MOV00200388,FECHA_FUERA_DE_RANGO,fec_mov posterior a la ventana de carga (posible error de reloj de origen)
TB_MOV_FINANCIEROS,MOV00261581,FECHA_FUERA_DE_RANGO,fec_mov posterior a la ventana de carga (posible error de reloj de origen)
TB_MOV_FINANCIEROS,MOV00174872,FECHA_FUERA_DE_RANGO,fec_mov posterior a la ventana de carga (posible error de reloj de origen)
TB_MOV_FINANCIEROS,MOV00313023,FECHA_FUERA_DE_RANGO,fec_mov posterior a la ventana de carga (posible error de reloj de origen)
TB_MOV_FINANCIEROS,MOV00319687,FECHA_FUERA_DE_RANGO,fec_mov posterior a la ventana de carga (posible error de reloj de origen)
TB_MOV_FINANCIEROS,MOV00143393,FECHA_FUERA_DE_RANGO,fec_mov posterior a la ventana de carga (posible error de reloj de origen)
TB_MOV_FINANCIEROS,MOV00341459,FECHA_FUERA_DE_RANGO,fec_mov posterior a la ventana de carga (posible error de reloj de origen)
TB_MOV_FINANCIEROS,MOV00480885,FECHA_FUERA_DE_RANGO,fec_mov posterior a la ventana de carga (posible error de reloj de origen)
TB_MOV_FINANCIEROS,MOV00167585,FECHA_FUERA_DE_RANGO,fec_mov posterior a la ventana de carga (posible error de reloj de origen)
TB_MOV_FINANCIEROS,MOV00386615,FECHA_FUERA_DE_RANGO,fec_mov posterior a la ventana de carga (posible error de reloj de origen)
TB_MOV_FINANCIEROS,MOV00332694,FECHA_FUERA_DE_RANGO,fec_mov posterior a la ventana de carga (posible error de reloj de origen)
TB_MOV_FINANCIEROS,MOV00008269,FECHA_FUERA_DE_RANGO,fec_mov posterior a la ventana de carga (posible error de reloj de origen)
TB_MOV_FINANCIEROS,MOV00404649,FECHA_FUERA_DE_RANGO,fec_mov posterior a la ventana de carga (posible error de reloj de origen)
TB_MOV_FINANCIEROS,MOV00316110,FECHA_FUERA_DE_RANGO,fec_mov posterior a la ventana de carga (posible error de reloj de origen)
TB_MOV_FINANCIEROS,MOV00403208,FECHA_FUERA_DE_RANGO,fec_mov posterior a la ventana de carga (posible error de reloj de origen)
TB_MOV_FINANCIEROS,MOV00452729,FECHA_FUERA_DE_RANGO,fec_mov posterior a la ventana de carga (posible error de reloj de origen)
TB_MOV_FINANCIEROS,MOV00340924,FECHA_FUERA_DE_RANGO,fec_mov posterior a la ventana de carga (posible error de reloj de origen)
TB_MOV_FINANCIEROS,MOV00495745,FECHA_FUERA_DE_RANGO,fec_mov posterior a la ventana de carga (posible error de reloj de origen)
TB_MOV_FINANCIEROS,MOV00162399,FECHA_FUERA_DE_RANGO,fec_mov posterior a la ventana de carga (posible error de reloj de origen)
TB_MOV_FINANCIEROS,MOV00452837,FECHA_FUERA_DE_RANGO,fec_mov posterior a la ventana de carga (posible error de reloj de origen)
TB_MOV_FINANCIEROS,MOV00195810,FECHA_FUERA_DE_RANGO,fec_mov posterior a la ventana de carga (posible error de reloj de origen)
TB_MOV_FINANCIEROS,MOV00369869,FECHA_FUERA_DE_RANGO,fec_mov posterior a la ventana de carga (posible error de reloj de origen)
TB_MOV_FINANCIEROS,MOV00130939,FECHA_FUERA_DE_RANGO,fec_mov posterior a la ventana de carga (posible error de reloj de origen)
TB_MOV_FINANCIEROS,MOV00424529,FECHA_FUERA_DE_RANGO,fec_mov posterior a la ventana de carga (posible error de reloj de origen)
TB_MOV_FINANCIEROS,MOV00134929,FECHA_FUERA_DE_RANGO,fec_mov posterior a la ventana de carga (posible error de reloj de origen)
TB_MOV_FINANCIEROS,MOV00044048,FECHA_FUERA_DE_RANGO,fec_mov posterior a la ventana de carga (posible error de reloj de origen)
TB_MOV_FINANCIEROS,MOV00090942,FECHA_FUERA_DE_RANGO,fec_mov posterior a la ventana de carga (posible error de reloj de origen)
TB_MOV_FINANCIEROS,MOV00382468,FECHA_FUERA_DE_RANGO,fec_mov posterior a la ventana de carga (posible error de reloj de origen)
TB_MOV_FINANCIEROS,MOV00323560,FECHA_FUERA_DE_RANGO,fec_mov posterior a la ventana de carga (posible error de reloj de origen)
TB_MOV_FINANCIEROS,MOV00241263,FECHA_FUERA_DE_RANGO,fec_mov posterior a la ventana de carga (posible error de reloj de origen)
TB_MOV_FINANCIEROS,MOV00461881,FECHA_FUERA_DE_RANGO,fec_mov posterior a la ventana de carga (posible error de reloj de origen)
TB_MOV_FINANCIEROS,MOV00398236,FECHA_FUERA_DE_RANGO,fec_mov posterior a la ventana de carga (posible error de reloj de origen)
TB_MOV_FINANCIEROS,MOV00126894,FECHA_FUERA_DE_RANGO,fec_mov posterior a la ventana de carga (posible error de reloj de origen)
TB_MOV_FINANCIEROS,MOV00076450,FECHA_FUERA_DE_RANGO,fec_mov posterior a la ventana de carga (posible error de reloj de origen)
TB_MOV_FINANCIEROS,MOV00159687,FECHA_FUERA_DE_RANGO,fec_mov posterior a la ventana de carga (posible error de reloj de origen)
TB_MOV_FINANCIEROS,MOV00015080,FECHA_FUERA_DE_RANGO,fec_mov posterior a la ventana de carga (posible error de reloj de origen)
TB_MOV_FINANCIEROS,MOV00480501,FECHA_FUERA_DE_RANGO,fec_mov posterior a la ventana de carga (posible error de reloj de origen)
TB_MOV_FINANCIEROS,MOV00398276,FECHA_FUERA_DE_RANGO,fec_mov posterior a la ventana de carga (posible error de reloj de origen)
TB_MOV_FINANCIEROS,MOV00406974,FECHA_FUERA_DE_RANGO,fec_mov posterior a la ventana de carga (posible error de reloj de origen)
TB_MOV_FINANCIEROS,MOV00163283,FECHA_FUERA_DE_RANGO,fec_mov posterior a la ventana de carga (posible error de reloj de origen)
TB_MOV_FINANCIEROS,MOV00109463,FECHA_FUERA_DE_RANGO,fec_mov posterior a la ventana de carga (posible error de reloj de origen)
TB_MOV_FINANCIEROS,MOV00290491,FECHA_FUERA_DE_RANGO,fec_mov posterior a la ventana de carga (posible error de reloj de origen)
TB_MOV_FINANCIEROS,MOV00415369,FECHA_FUERA_DE_RANGO,fec_mov posterior a la ventana de carga (posible error de reloj de origen)
TB_MOV_FINANCIEROS,MOV00186283,FECHA_FUERA_DE_RANGO,fec_mov posterior a la ventana de carga (posible error de reloj de origen)
TB_MOV_FINANCIEROS,MOV00196637,FECHA_FUERA_DE_RANGO,fec_mov posterior a la ventana de carga (posible error de reloj de origen)
TB_MOV_FINANCIEROS,MOV00234219,FECHA_FUERA_DE_RANGO,fec_mov posterior a la ventana de carga (posible error de reloj de origen)
TB_MOV_FINANCIEROS,MOV00082618,FECHA_FUERA_DE_RANGO,fec_mov posterior a la ventana de carga (posible error de reloj de origen)
TB_MOV_FINANCIEROS,MOV00276052,FECHA_FUERA_DE_RANGO,fec_mov posterior a la ventana de carga (posible error de reloj de origen)
TB_MOV_FINANCIEROS,MOV00132150,FECHA_FUERA_DE_RANGO,fec_mov posterior a la ventana de carga (posible error de reloj de origen)
TB_MOV_FINANCIEROS,MOV00418259,FECHA_FUERA_DE_RANGO,fec_mov posterior a la ventana de carga (posible error de reloj de origen)
TB_MOV_FINANCIEROS,MOV00051574,FECHA_FUERA_DE_RANGO,fec_mov posterior a la ventana de carga (posible error de reloj de origen)
TB_MOV_FINANCIEROS,MOV00249290,FECHA_FUERA_DE_RANGO,fec_mov posterior a la ventana de carga (posible error de reloj de origen)
TB_MOV_FINANCIEROS,MOV00283517,FECHA_FUERA_DE_RANGO,fec_mov posterior a la ventana de carga (posible error de reloj de origen)
TB_MOV_FINANCIEROS,MOV00008397,FECHA_FUERA_DE_RANGO,fec_mov posterior a la ventana de carga (posible error de reloj de origen)
TB_MOV_FINANCIEROS,MOV00344451,FECHA_FUERA_DE_RANGO,fec_mov posterior a la ventana de carga (posible error de reloj de origen)
TB_MOV_FINANCIEROS,MOV00293191,FECHA_FUERA_DE_RANGO,fec_mov posterior a la ventana de carga (posible error de reloj de origen)
TB_MOV_FINANCIEROS,MOV00013673,FECHA_FUERA_DE_RANGO,fec_mov posterior a la ventana de carga (posible error de reloj de origen)
TB_MOV_FINANCIEROS,MOV00475295,FECHA_FUERA_DE_RANGO,fec_mov posterior a la ventana de carga (posible error de reloj de origen)
TB_MOV_FINANCIEROS,MOV00005191,FECHA_FUERA_DE_RANGO,fec_mov posterior a la ventana de carga (posible error de reloj de origen)
TB_MOV_FINANCIEROS,MOV00104022,FECHA_FUERA_DE_RANGO,fec_mov posterior a la ventana de carga (posible error de reloj de origen)
TB_MOV_FINANCIEROS,MOV00253404,FECHA_FUERA_DE_RANGO,fec_mov posterior a la ventana de carga (posible error de reloj de origen)
TB_MOV_FINANCIEROS,MOV00249438,FECHA_FUERA_DE_RANGO,fec_mov posterior a la ventana de carga (posible error de reloj de origen)
TB_MOV_FINANCIEROS,MOV00389332,FECHA_FUERA_DE_RANGO,fec_mov posterior a la ventana de carga (posible error de reloj de origen)
TB_MOV_FINANCIEROS,MOV00228987,FECHA_FUERA_DE_RANGO,fec_mov posterior a la ventana de carga (posible error de reloj de origen)
TB_MOV_FINANCIEROS,MOV00180819,FECHA_FUERA_DE_RANGO,fec_mov posterior a la ventana de carga (posible error de reloj de origen)
TB_MOV_FINANCIEROS,MOV00109926,FECHA_FUERA_DE_RANGO,fec_mov posterior a la ventana de carga (posible error de reloj de origen)
TB_MOV_FINANCIEROS,MOV00069905,FECHA_FUERA_DE_RANGO,fec_mov posterior a la ventana de carga (posible error de reloj de origen)
TB_MOV_FINANCIEROS,MOV00296211,FECHA_FUERA_DE_RANGO,fec_mov posterior a la ventana de carga (posible error de reloj de origen)
TB_MOV_FINANCIEROS,MOV00146793,FECHA_FUERA_DE_RANGO,fec_mov posterior a la ventana de carga (posible error de reloj de origen)
TB_MOV_FINANCIEROS,MOV00109475,FECHA_FUERA_DE_RANGO,fec_mov posterior a la ventana de carga (posible error de reloj de origen)
TB_MOV_FINANCIEROS,MOV00233414,FECHA_FUERA_DE_RANGO,fec_mov posterior a la ventana de carga (posible error de reloj de origen)
TB_MOV_FINANCIEROS,MOV00023594,FECHA_FUERA_DE_RANGO,fec_mov posterior a la ventana de carga (posible error de reloj de origen)
TB_MOV_FINANCIEROS,MOV00335824,FECHA_FUERA_DE_RANGO,fec_mov posterior a la ventana de carga (posible error de reloj de origen)
TB_MOV_FINANCIEROS,MOV00417831,FECHA_FUERA_DE_RANGO,fec_mov posterior a la ventana de carga (posible error de reloj de origen)
TB_MOV_FINANCIEROS,MOV00400820,FECHA_FUERA_DE_RANGO,fec_mov posterior a la ventana de carga (posible error de reloj de origen)
TB_MOV_FINANCIEROS,MOV00284242,FECHA_FUERA_DE_RANGO,fec_mov posterior a la ventana de carga (posible error de reloj de origen)
TB_MOV_FINANCIEROS,MOV00069503,FECHA_FUERA_DE_RANGO,fec_mov posterior a la ventana de carga (posible error de reloj de origen)
TB_MOV_FINANCIEROS,MOV00385839,FECHA_FUERA_DE_RANGO,fec_mov posterior a la ventana de carga (posible error de reloj de origen)
TB_MOV_FINANCIEROS,MOV00152263,FECHA_FUERA_DE_RANGO,fec_mov posterior a la ventana de carga (posible error de reloj de origen)
TB_MOV_FINANCIEROS,MOV00035401,FECHA_FUERA_DE_RANGO,fec_mov posterior a la ventana de carga (posible error de reloj de origen)
TB_MOV_FINANCIEROS,MOV00076996,FECHA_FUERA_DE_RANGO,fec_mov posterior a la ventana de carga (posible error de reloj de origen)
TB_MOV_FINANCIEROS,MOV00352748,FECHA_FUERA_DE_RANGO,fec_mov posterior a la ventana de carga (posible error de reloj de origen)
TB_MOV_FINANCIEROS,MOV00255793,FECHA_FUERA_DE_RANGO,fec_mov posterior a la ventana de carga (posible error de reloj de origen)
TB_MOV_FINANCIEROS,MOV00201583,FECHA_FUERA_DE_RANGO,fec_mov posterior a la ventana de carga (posible error de reloj de origen)
TB_MOV_FINANCIEROS,MOV00125916,FECHA_FUERA_DE_RANGO,fec_mov posterior a la ventana de carga (posible error de reloj de origen)
TB_MOV_FINANCIEROS,MOV00258282,FECHA_FUERA_DE_RANGO,fec_mov posterior a la ventana de carga (posible error de reloj de origen)
TB_MOV_FINANCIEROS,MOV00135399,FECHA_FUERA_DE_RANGO,fec_mov posterior a la ventana de carga (posible error de reloj de origen)
TB_MOV_FINANCIEROS,MOV00272151,FECHA_FUERA_DE_RANGO,fec_mov posterior a la ventana de carga (posible error de reloj de origen)
TB_MOV_FINANCIEROS,MOV00361626,FECHA_FUERA_DE_RANGO,fec_mov posterior a la ventana de carga (posible error de reloj de origen)
TB_MOV_FINANCIEROS,MOV00262648,FECHA_FUERA_DE_RANGO,fec_mov posterior a la ventana de carga (posible error de reloj de origen)
TB_MOV_FINANCIEROS,MOV00155262,FECHA_FUERA_DE_RANGO,fec_mov posterior a la ventana de carga (posible error de reloj de origen)
TB_MOV_FINANCIEROS,MOV00194285,FECHA_FUERA_DE_RANGO,fec_mov posterior a la ventana de carga (posible error de reloj de origen)
TB_MOV_FINANCIEROS,MOV00032384,FECHA_FUERA_DE_RANGO,fec_mov posterior a la ventana de carga (posible error de reloj de origen)
TB_MOV_FINANCIEROS,MOV00402279,FECHA_FUERA_DE_RANGO,fec_mov posterior a la ventana de carga (posible error de reloj de origen)
TB_MOV_FINANCIEROS,MOV00230844,FECHA_FUERA_DE_RANGO,fec_mov posterior a la ventana de carga (posible error de reloj de origen)
TB_MOV_FINANCIEROS,MOV00010479,FECHA_FUERA_DE_RANGO,fec_mov posterior a la ventana de carga (posible error de reloj de origen)
TB_MOV_FINANCIEROS,MOV00454168,FECHA_FUERA_DE_RANGO,fec_mov posterior a la ventana de carga (posible error de reloj de origen)
TB_MOV_FINANCIEROS,MOV00374140,FECHA_FUERA_DE_RANGO,fec_mov posterior a la ventana de carga (posible error de reloj de origen)
TB_MOV_FINANCIEROS,MOV00372071,FECHA_FUERA_DE_RANGO,fec_mov posterior a la ventana de carga (posible error de reloj de origen)
TB_MOV_FINANCIEROS,MOV00429515,FECHA_FUERA_DE_RANGO,fec_mov posterior a la ventana de carga (posible error de reloj de origen)
TB_MOV_FINANCIEROS,MOV00457574,FECHA_FUERA_DE_RANGO,fec_mov posterior a la ventana de carga (posible error de reloj de origen)
TB_MOV_FINANCIEROS,MOV00443883,FECHA_FUERA_DE_RANGO,fec_mov posterior a la ventana de carga (posible error de reloj de origen)
TB_MOV_FINANCIEROS,MOV00272220,FECHA_FUERA_DE_RANGO,fec_mov posterior a la ventana de carga (posible error de reloj de origen)
TB_MOV_FINANCIEROS,MOV00209212,FECHA_FUERA_DE_RANGO,fec_mov posterior a la ventana de carga (posible error de reloj de origen)
TB_MOV_FINANCIEROS,MOV00087327,FECHA_FUERA_DE_RANGO,fec_mov posterior a la ventana de carga (posible error de reloj de origen)
TB_MOV_FINANCIEROS,MOV00284428,FECHA_FUERA_DE_RANGO,fec_mov posterior a la ventana de carga (posible error de reloj de origen)
TB_MOV_FINANCIEROS,MOV00325105,FECHA_FUERA_DE_RANGO,fec_mov anterior a la fundación del banco (posible error de migración)
TB_MOV_FINANCIEROS,MOV00312652,FECHA_FUERA_DE_RANGO,fec_mov anterior a la fundación del banco (posible error de migración)
TB_MOV_FINANCIEROS,MOV00210517,FECHA_FUERA_DE_RANGO,fec_mov anterior a la fundación del banco (posible error de migración)
TB_MOV_FINANCIEROS,MOV00423475,FECHA_FUERA_DE_RANGO,fec_mov anterior a la fundación del banco (posible error de migración)
TB_MOV_FINANCIEROS,MOV00182397,FECHA_FUERA_DE_RANGO,fec_mov anterior a la fundación del banco (posible error de migración)
TB_MOV_FINANCIEROS,MOV00460578,FECHA_FUERA_DE_RANGO,fec_mov anterior a la fundación del banco (posible error de migración)
TB_MOV_FINANCIEROS,MOV00427810,FECHA_FUERA_DE_RANGO,fec_mov anterior a la fundación del banco (posible error de migración)
TB_MOV_FINANCIEROS,MOV00142072,FECHA_FUERA_DE_RANGO,fec_mov anterior a la fundación del banco (posible error de migración)
TB_MOV_FINANCIEROS,MOV00178162,FECHA_FUERA_DE_RANGO,fec_mov anterior a la fundación del banco (posible error de migración)
TB_MOV_FINANCIEROS,MOV00075652,FECHA_FUERA_DE_RANGO,fec_mov anterior a la fundación del banco (posible error de migración)
TB_MOV_FINANCIEROS,MOV00399415,FECHA_FUERA_DE_RANGO,fec_mov anterior a la fundación del banco (posible error de migración)
TB_MOV_FINANCIEROS,MOV00215145,FECHA_FUERA_DE_RANGO,fec_mov anterior a la fundación del banco (posible error de migración)
TB_MOV_FINANCIEROS,MOV00014852,FECHA_FUERA_DE_RANGO,fec_mov anterior a la fundación del banco (posible error de migración)
TB_MOV_FINANCIEROS,MOV00308173,FECHA_FUERA_DE_RANGO,fec_mov anterior a la fundación del banco (posible error de migración)
TB_MOV_FINANCIEROS,MOV00122883,FECHA_FUERA_DE_RANGO,fec_mov anterior a la fundación del banco (posible error de migración)
TB_MOV_FINANCIEROS,MOV00427109,FECHA_FUERA_DE_RANGO,fec_mov anterior a la fundación del banco (posible error de migración)
TB_MOV_FINANCIEROS,MOV00380891,FECHA_FUERA_DE_RANGO,fec_mov anterior a la fundación del banco (posible error de migración)
TB_MOV_FINANCIEROS,MOV00081318,FECHA_FUERA_DE_RANGO,fec_mov anterior a la fundación del banco (posible error de migración)
TB_MOV_FINANCIEROS,MOV00098942,FECHA_FUERA_DE_RANGO,fec_mov anterior a la fundación del banco (posible error de migración)
TB_MOV_FINANCIEROS,MOV00040642,FECHA_FUERA_DE_RANGO,fec_mov anterior a la fundación del banco (posible error de migración)
TB_MOV_FINANCIEROS,MOV00015628,FECHA_FUERA_DE_RANGO,fec_mov anterior a la fundación del banco (posible error de migración)
TB_MOV_FINANCIEROS,MOV00322286,FECHA_FUERA_DE_RANGO,fec_mov anterior a la fundación del banco (posible error de migración)
TB_MOV_FINANCIEROS,MOV00172037,FECHA_FUERA_DE_RANGO,fec_mov anterior a la fundación del banco (posible error de migración)
TB_MOV_FINANCIEROS,MOV00283108,FECHA_FUERA_DE_RANGO,fec_mov anterior a la fundación del banco (posible error de migración)
TB_MOV_FINANCIEROS,MOV00265615,FECHA_FUERA_DE_RANGO,fec_mov anterior a la fundación del banco (posible error de migración)
TB_MOV_FINANCIEROS,MOV00427209,FECHA_FUERA_DE_RANGO,fec_mov anterior a la fundación del banco (posible error de migración)
TB_MOV_FINANCIEROS,MOV00343920,FECHA_FUERA_DE_RANGO,fec_mov anterior a la fundación del banco (posible error de migración)
TB_MOV_FINANCIEROS,MOV00119910,FECHA_FUERA_DE_RANGO,fec_mov anterior a la fundación del banco (posible error de migración)
TB_MOV_FINANCIEROS,MOV00045534,FECHA_FUERA_DE_RANGO,fec_mov anterior a la fundación del banco (posible error de migración)
TB_MOV_FINANCIEROS,MOV00055517,FECHA_FUERA_DE_RANGO,fec_mov anterior a la fundación del banco (posible error de migración)
TB_MOV_FINANCIEROS,MOV00182917,FECHA_FUERA_DE_RANGO,fec_mov anterior a la fundación del banco (posible error de migración)
TB_MOV_FINANCIEROS,MOV00407775,FECHA_FUERA_DE_RANGO,fec_mov anterior a la fundación del banco (posible error de migración)
TB_MOV_FINANCIEROS,MOV00438034,FECHA_FUERA_DE_RANGO,fec_mov anterior a la fundación del banco (posible error de migración)
TB_MOV_FINANCIEROS,MOV00168040,FECHA_FUERA_DE_RANGO,fec_mov anterior a la fundación del banco (posible error de migración)
TB_MOV_FINANCIEROS,MOV00157016,FECHA_FUERA_DE_RANGO,fec_mov anterior a la fundación del banco (posible error de migración)
TB_MOV_FINANCIEROS,MOV00037830,FECHA_FUERA_DE_RANGO,fec_mov anterior a la fundación del banco (posible error de migración)
TB_MOV_FINANCIEROS,MOV00328682,FECHA_FUERA_DE_RANGO,fec_mov anterior a la fundación del banco (posible error de migración)
TB_MOV_FINANCIEROS,MOV00235268,FECHA_FUERA_DE_RANGO,fec_mov anterior a la fundación del banco (posible error de migración)
TB_MOV_FINANCIEROS,MOV00264740,FECHA_FUERA_DE_RANGO,fec_mov anterior a la fundación del banco (posible error de migración)
TB_MOV_FINANCIEROS,MOV00437612,FECHA_FUERA_DE_RANGO,fec_mov anterior a la fundación del banco (posible error de migración)
TB_MOV_FINANCIEROS,MOV00173826,FECHA_FUERA_DE_RANGO,fec_mov anterior a la fundación del banco (posible error de migración)
TB_MOV_FINANCIEROS,MOV00494115,FECHA_FUERA_DE_RANGO,fec_mov anterior a la fundación del banco (posible error de migración)
TB_MOV_FINANCIEROS,MOV00148167,FECHA_FUERA_DE_RANGO,fec_mov anterior a la fundación del banco (posible error de migración)
TB_MOV_FINANCIEROS,MOV00355487,FECHA_FUERA_DE_RANGO,fec_mov anterior a la fundación del banco (posible error de migración)
TB_MOV_FINANCIEROS,MOV00029250,FECHA_FUERA_DE_RANGO,fec_mov anterior a la fundación del banco (posible error de migración)
TB_MOV_FINANCIEROS,MOV00144982,FECHA_FUERA_DE_RANGO,fec_mov anterior a la fundación del banco (posible error de migración)
TB_MOV_FINANCIEROS,MOV00141242,FECHA_FUERA_DE_RANGO,fec_mov anterior a la fundación del banco (posible error de migración)
TB_MOV_FINANCIEROS,MOV00057949,FECHA_FUERA_DE_RANGO,fec_mov anterior a la fundación del banco (posible error de migración)
TB_MOV_FINANCIEROS,MOV00337061,FECHA_FUERA_DE_RANGO,fec_mov anterior a la fundación del banco (posible error de migración)
TB_MOV_FINANCIEROS,MOV00306129,FECHA_FUERA_DE_RANGO,fec_mov anterior a la fundación del banco (posible error de migración)
TB_MOV_FINANCIEROS,MOV00299172,FECHA_FUERA_DE_RANGO,fec_mov anterior a la fundación del banco (posible error de migración)
TB_MOV_FINANCIEROS,MOV00245873,FECHA_FUERA_DE_RANGO,fec_mov anterior a la fundación del banco (posible error de migración)
TB_MOV_FINANCIEROS,MOV00401873,FECHA_FUERA_DE_RANGO,fec_mov anterior a la fundación del banco (posible error de migración)
TB_MOV_FINANCIEROS,MOV00262163,FECHA_FUERA_DE_RANGO,fec_mov anterior a la fundación del banco (posible error de migración)
TB_MOV_FINANCIEROS,MOV00055787,FECHA_FUERA_DE_RANGO,fec_mov anterior a la fundación del banco (posible error de migración)
TB_MOV_FINANCIEROS,MOV00347260,FECHA_FUERA_DE_RANGO,fec_mov anterior a la fundación del banco (posible error de migración)
TB_MOV_FINANCIEROS,MOV00448135,FECHA_FUERA_DE_RANGO,fec_mov anterior a la fundación del banco (posible error de migración)
TB_MOV_FINANCIEROS,MOV00434491,FECHA_FUERA_DE_RANGO,fec_mov anterior a la fundación del banco (posible error de migración)
TB_MOV_FINANCIEROS,MOV00197945,FECHA_FUERA_DE_RANGO,fec_mov anterior a la fundación del banco (posible error de migración)
TB_MOV_FINANCIEROS,MOV00486004,FECHA_FUERA_DE_RANGO,fec_mov anterior a la fundación del banco (posible error de migración)
TB_MOV_FINANCIEROS,MOV00303227,FECHA_FUERA_DE_RANGO,fec_mov anterior a la fundación del banco (posible error de migración)
TB_MOV_FINANCIEROS,MOV00370515,FECHA_FUERA_DE_RANGO,fec_mov anterior a la fundación del banco (posible error de migración)
TB_MOV_FINANCIEROS,MOV00204401,FECHA_FUERA_DE_RANGO,fec_mov anterior a la fundación del banco (posible error de migración)
TB_MOV_FINANCIEROS,MOV00317190,FECHA_FUERA_DE_RANGO,fec_mov anterior a la fundación del banco (posible error de migración)
TB_MOV_FINANCIEROS,MOV00250886,FECHA_FUERA_DE_RANGO,fec_mov anterior a la fundación del banco (posible error de migración)
TB_MOV_FINANCIEROS,MOV00373448,FECHA_FUERA_DE_RANGO,fec_mov anterior a la fundación del banco (posible error de migración)
TB_MOV_FINANCIEROS,MOV00124273,FECHA_FUERA_DE_RANGO,fec_mov anterior a la fundación del banco (posible error de migración)
TB_MOV_FINANCIEROS,MOV00485110,FECHA_FUERA_DE_RANGO,fec_mov anterior a la fundación del banco (posible error de migración)
TB_MOV_FINANCIEROS,MOV00242255,FECHA_FUERA_DE_RANGO,fec_mov anterior a la fundación del banco (posible error de migración)
TB_MOV_FINANCIEROS,MOV00327790,FECHA_FUERA_DE_RANGO,fec_mov anterior a la fundación del banco (posible error de migración)
TB_MOV_FINANCIEROS,MOV00046771,FECHA_FUERA_DE_RANGO,fec_mov anterior a la fundación del banco (posible error de migración)
TB_MOV_FINANCIEROS,MOV00233112,FECHA_FUERA_DE_RANGO,fec_mov anterior a la fundación del banco (posible error de migración)
TB_MOV_FINANCIEROS,MOV00497156,FECHA_FUERA_DE_RANGO,fec_mov anterior a la fundación del banco (posible error de migración)
TB_MOV_FINANCIEROS,MOV00142171,FECHA_FUERA_DE_RANGO,fec_mov anterior a la fundación del banco (posible error de migración)
TB_MOV_FINANCIEROS,MOV00093701,FECHA_FUERA_DE_RANGO,fec_mov anterior a la fundación del banco (posible error de migración)
TB_MOV_FINANCIEROS,MOV00068675,FECHA_FUERA_DE_RANGO,fec_mov anterior a la fundación del banco (posible error de migración)
TB_MOV_FINANCIEROS,MOV00369661,FECHA_FUERA_DE_RANGO,fec_mov anterior a la fundación del banco (posible error de migración)
TB_MOV_FINANCIEROS,MOV00155295,FECHA_FUERA_DE_RANGO,fec_mov anterior a la fundación del banco (posible error de migración)
TB_MOV_FINANCIEROS,MOV00381766,FECHA_FUERA_DE_RANGO,fec_mov anterior a la fundación del banco (posible error de migración)
TB_MOV_FINANCIEROS,MOV00074773,FECHA_FUERA_DE_RANGO,fec_mov anterior a la fundación del banco (posible error de migración)
TB_MOV_FINANCIEROS,MOV00062237,FECHA_FUERA_DE_RANGO,fec_mov anterior a la fundación del banco (posible error de migración)
TB_MOV_FINANCIEROS,MOV00065769,FECHA_FUERA_DE_RANGO,fec_mov anterior a la fundación del banco (posible error de migración)
TB_MOV_FINANCIEROS,MOV00364813,FECHA_FUERA_DE_RANGO,fec_mov anterior a la fundación del banco (posible error de migración)
TB_MOV_FINANCIEROS,MOV00261515,FECHA_FUERA_DE_RANGO,fec_mov anterior a la fundación del banco (posible error de migración)
TB_MOV_FINANCIEROS,MOV00338054,FECHA_FUERA_DE_RANGO,fec_mov anterior a la fundación del banco (posible error de migración)
TB_MOV_FINANCIEROS,MOV00046807,FECHA_FUERA_DE_RANGO,fec_mov anterior a la fundación del banco (posible error de migración)
TB_MOV_FINANCIEROS,MOV00401914,FECHA_FUERA_DE_RANGO,fec_mov anterior a la fundación del banco (posible error de migración)
TB_MOV_FINANCIEROS,MOV00476226,FECHA_FUERA_DE_RANGO,fec_mov anterior a la fundación del banco (posible error de migración)
TB_MOV_FINANCIEROS,MOV00254730,FECHA_FUERA_DE_RANGO,fec_mov anterior a la fundación del banco (posible error de migración)
TB_MOV_FINANCIEROS,MOV00157977,FECHA_FUERA_DE_RANGO,fec_mov anterior a la fundación del banco (posible error de migración)
TB_MOV_FINANCIEROS,MOV00254458,FECHA_FUERA_DE_RANGO,fec_mov anterior a la fundación del banco (posible error de migración)
TB_MOV_FINANCIEROS,MOV00043014,FECHA_FUERA_DE_RANGO,fec_mov anterior a la fundación del banco (posible error de migración)
TB_MOV_FINANCIEROS,MOV00322124,FECHA_FUERA_DE_RANGO,fec_mov anterior a la fundación del banco (posible error de migración)
TB_MOV_FINANCIEROS,MOV00045581,FECHA_FUERA_DE_RANGO,fec_mov anterior a la fundación del banco (posible error de migración)
TB_MOV_FINANCIEROS,MOV00270637,FECHA_FUERA_DE_RANGO,fec_mov anterior a la fundación del banco (posible error de migración)
TB_MOV_FINANCIEROS,MOV00107254,FECHA_FUERA_DE_RANGO,fec_mov anterior a la fundación del banco (posible error de migración)
TB_MOV_FINANCIEROS,MOV00336325,FECHA_FUERA_DE_RANGO,fec_mov anterior a la fundación del banco (posible error de migración)
TB_MOV_FINANCIEROS,MOV00386497,FECHA_FUERA_DE_RANGO,fec_mov anterior a la fundación del banco (posible error de migración)
TB_MOV_FINANCIEROS,MOV00473655,FECHA_FUERA_DE_RANGO,fec_mov anterior a la fundación del banco (posible error de migración)
TB_MOV_FINANCIEROS,MOV00193777,FECHA_FUERA_DE_RANGO,fec_mov anterior a la fundación del banco (posible error de migración)
TB_MOV_FINANCIEROS,MOV00301268,FECHA_FUERA_DE_RANGO,fec_mov anterior a la fundación del banco (posible error de migración)
TB_MOV_FINANCIEROS,MOV00347356,FECHA_FUERA_DE_RANGO,fec_mov anterior a la fundación del banco (posible error de migración)
TB_MOV_FINANCIEROS,MOV00231956,FECHA_FUERA_DE_RANGO,fec_mov anterior a la fundación del banco (posible error de migración)
TB_MOV_FINANCIEROS,MOV00440748,FECHA_FUERA_DE_RANGO,fec_mov anterior a la fundación del banco (posible error de migración)
TB_MOV_FINANCIEROS,MOV00252594,FECHA_FUERA_DE_RANGO,fec_mov anterior a la fundación del banco (posible error de migración)
TB_MOV_FINANCIEROS,MOV00369862,FECHA_FUERA_DE_RANGO,fec_mov anterior a la fundación del banco (posible error de migración)
TB_MOV_FINANCIEROS,MOV00045176,FECHA_FUERA_DE_RANGO,fec_mov anterior a la fundación del banco (posible error de migración)
TB_MOV_FINANCIEROS,MOV00200138,FECHA_FUERA_DE_RANGO,fec_mov anterior a la fundación del banco (posible error de migración)
TB_MOV_FINANCIEROS,MOV00033498,FECHA_FUERA_DE_RANGO,fec_mov anterior a la fundación del banco (posible error de migración)
TB_MOV_FINANCIEROS,MOV00128716,FECHA_FUERA_DE_RANGO,fec_mov anterior a la fundación del banco (posible error de migración)
TB_MOV_FINANCIEROS,MOV00225127,FECHA_FUERA_DE_RANGO,fec_mov anterior a la fundación del banco (posible error de migración)
TB_MOV_FINANCIEROS,MOV00273460,FECHA_FUERA_DE_RANGO,fec_mov anterior a la fundación del banco (posible error de migración)
TB_MOV_FINANCIEROS,MOV00416626,FECHA_FUERA_DE_RANGO,fec_mov anterior a la fundación del banco (posible error de migración)
TB_MOV_FINANCIEROS,MOV00117624,FECHA_FUERA_DE_RANGO,fec_mov anterior a la fundación del banco (posible error de migración)
TB_MOV_FINANCIEROS,MOV00438804,FECHA_FUERA_DE_RANGO,fec_mov anterior a la fundación del banco (posible error de migración)
TB_MOV_FINANCIEROS,MOV00082557,FECHA_FUERA_DE_RANGO,fec_mov anterior a la fundación del banco (posible error de migración)
TB_MOV_FINANCIEROS,MOV00402973,FECHA_FUERA_DE_RANGO,fec_mov anterior a la fundación del banco (posible error de migración)
TB_MOV_FINANCIEROS,MOV00307521,FECHA_FUERA_DE_RANGO,fec_mov anterior a la fundación del banco (posible error de migración)
TB_MOV_FINANCIEROS,MOV00153705,FECHA_FUERA_DE_RANGO,fec_mov anterior a la fundación del banco (posible error de migración)
TB_MOV_FINANCIEROS,MOV00393639,FECHA_FUERA_DE_RANGO,fec_mov anterior a la fundación del banco (posible error de migración)
TB_MOV_FINANCIEROS,MOV00214251,FECHA_FUERA_DE_RANGO,fec_mov anterior a la fundación del banco (posible error de migración)
TB_MOV_FINANCIEROS,MOV00486114,FECHA_FUERA_DE_RANGO,fec_mov anterior a la fundación del banco (posible error de migración)
TB_MOV_FINANCIEROS,MOV00255362,FECHA_FUERA_DE_RANGO,fec_mov anterior a la fundación del banco (posible error de migración)
TB_MOV_FINANCIEROS,MOV00448546,FECHA_FUERA_DE_RANGO,fec_mov anterior a la fundación del banco (posible error de migración)
TB_MOV_FINANCIEROS,MOV00096112,FECHA_FUERA_DE_RANGO,fec_mov anterior a la fundación del banco (posible error de migración)
TB_MOV_FINANCIEROS,MOV00116194,FECHA_FUERA_DE_RANGO,fec_mov anterior a la fundación del banco (posible error de migración)
TB_MOV_FINANCIEROS,MOV00045762,FECHA_FUERA_DE_RANGO,fec_mov anterior a la fundación del banco (posible error de migración)
TB_MOV_FINANCIEROS,MOV00016391,FECHA_FUERA_DE_RANGO,fec_mov anterior a la fundación del banco (posible error de migración)
TB_MOV_FINANCIEROS,MOV00411497,FECHA_FUERA_DE_RANGO,fec_mov anterior a la fundación del banco (posible error de migración)
TB_MOV_FINANCIEROS,MOV00020803,FECHA_FUERA_DE_RANGO,fec_mov anterior a la fundación del banco (posible error de migración)
TB_MOV_FINANCIEROS,MOV00043035,FECHA_FUERA_DE_RANGO,fec_mov anterior a la fundación del banco (posible error de migración)
TB_MOV_FINANCIEROS,MOV00078639,FECHA_FUERA_DE_RANGO,fec_mov anterior a la fundación del banco (posible error de migración)
TB_MOV_FINANCIEROS,MOV00456281,FECHA_FUERA_DE_RANGO,fec_mov anterior a la fundación del banco (posible error de migración)
TB_MOV_FINANCIEROS,MOV00208657,FECHA_FUERA_DE_RANGO,fec_mov anterior a la fundación del banco (posible error de migración)
TB_MOV_FINANCIEROS,MOV00241909,FECHA_FUERA_DE_RANGO,fec_mov anterior a la fundación del banco (posible error de migración)
TB_MOV_FINANCIEROS,MOV00297675,FECHA_FUERA_DE_RANGO,fec_mov anterior a la fundación del banco (posible error de migración)
TB_MOV_FINANCIEROS,MOV00412166,FECHA_FUERA_DE_RANGO,fec_mov anterior a la fundación del banco (posible error de migración)
TB_MOV_FINANCIEROS,MOV00285157,FECHA_FUERA_DE_RANGO,fec_mov anterior a la fundación del banco (posible error de migración)
TB_MOV_FINANCIEROS,MOV00068010,FECHA_FUERA_DE_RANGO,fec_mov anterior a la fundación del banco (posible error de migración)
TB_MOV_FINANCIEROS,MOV00290461,FECHA_FUERA_DE_RANGO,fec_mov anterior a la fundación del banco (posible error de migración)
TB_MOV_FINANCIEROS,MOV00205403,FECHA_FUERA_DE_RANGO,fec_mov anterior a la fundación del banco (posible error de migración)
TB_MOV_FINANCIEROS,MOV00081288,FECHA_FUERA_DE_RANGO,fec_mov anterior a la fundación del banco (posible error de migración)
TB_MOV_FINANCIEROS,MOV00131655,FECHA_FUERA_DE_RANGO,fec_mov anterior a la fundación del banco (posible error de migración)
TB_MOV_FINANCIEROS,MOV00348067,FECHA_FUERA_DE_RANGO,fec_mov anterior a la fundación del banco (posible error de migración)
TB_MOV_FINANCIEROS,MOV00135881,FECHA_FUERA_DE_RANGO,fec_mov anterior a la fundación del banco (posible error de migración)
TB_MOV_FINANCIEROS,MOV00329037,FECHA_FUERA_DE_RANGO,fec_mov anterior a la fundación del banco (posible error de migración)
TB_MOV_FINANCIEROS,MOV00116360,FECHA_FUERA_DE_RANGO,fec_mov anterior a la fundación del banco (posible error de migración)
TB_MOV_FINANCIEROS,MOV00408154,FECHA_FUERA_DE_RANGO,fec_mov anterior a la fundación del banco (posible error de migración)
TB_MOV_FINANCIEROS,MOV00338009,FECHA_FUERA_DE_RANGO,fec_mov anterior a la fundación del banco (posible error de migración)
TB_MOV_FINANCIEROS,MOV00405339,FECHA_FUERA_DE_RANGO,fec_mov anterior a la fundación del banco (posible error de migración)
TB_MOV_FINANCIEROS,MOV00171757,FECHA_FUERA_DE_RANGO,fec_mov anterior a la fundación del banco (posible error de migración)
TB_MOV_FINANCIEROS,MOV00431568,FECHA_FUERA_DE_RANGO,fec_mov anterior a la fundación del banco (posible error de migración)
TB_MOV_FINANCIEROS,MOV00108289,FECHA_FUERA_DE_RANGO,fec_mov anterior a la fundación del banco (posible error de migración)
TB_MOV_FINANCIEROS,MOV00066817,FECHA_FUERA_DE_RANGO,fec_mov anterior a la fundación del banco (posible error de migración)
TB_MOV_FINANCIEROS,MOV00207111,FECHA_FUERA_DE_RANGO,fec_mov anterior a la fundación del banco (posible error de migración)
TB_MOV_FINANCIEROS,MOV00147573,FECHA_FUERA_DE_RANGO,fec_mov anterior a la fundación del banco (posible error de migración)
TB_MOV_FINANCIEROS,MOV00416784,FECHA_FUERA_DE_RANGO,fec_mov anterior a la fundación del banco (posible error de migración)
TB_MOV_FINANCIEROS,MOV00489121,FECHA_FUERA_DE_RANGO,fec_mov anterior a la fundación del banco (posible error de migración)
TB_MOV_FINANCIEROS,MOV00157720,FECHA_FUERA_DE_RANGO,fec_mov anterior a la fundación del banco (posible error de migración)
TB_MOV_FINANCIEROS,MOV00000879,FECHA_FUERA_DE_RANGO,fec_mov anterior a la fundación del banco (posible error de migración)
TB_MOV_FINANCIEROS,MOV00016004,FECHA_FUERA_DE_RANGO,fec_mov anterior a la fundación del banco (posible error de migración)
TB_MOV_FINANCIEROS,MOV00262298,FECHA_FUERA_DE_RANGO,fec_mov anterior a la fundación del banco (posible error de migración)
TB_MOV_FINANCIEROS,MOV00179033,FECHA_FUERA_DE_RANGO,fec_mov anterior a la fundación del banco (posible error de migración)
TB_MOV_FINANCIEROS,MOV00137674,FECHA_FUERA_DE_RANGO,fec_mov anterior a la fundación del banco (posible error de migración)
TB_MOV_FINANCIEROS,MOV00182894,FECHA_FUERA_DE_RANGO,fec_mov anterior a la fundación del banco (posible error de migración)
TB_MOV_FINANCIEROS,MOV00032173,FECHA_FUERA_DE_RANGO,fec_mov anterior a la fundación del banco (posible error de migración)
TB_MOV_FINANCIEROS,MOV00496481,FECHA_FUERA_DE_RANGO,fec_mov anterior a la fundación del banco (posible error de migración)
TB_MOV_FINANCIEROS,MOV00030993,FECHA_FUERA_DE_RANGO,fec_mov anterior a la fundación del banco (posible error de migración)
TB_MOV_FINANCIEROS,MOV00341181,FECHA_FUERA_DE_RANGO,fec_mov anterior a la fundación del banco (posible error de migración)
TB_MOV_FINANCIEROS,MOV00418709,FECHA_FUERA_DE_RANGO,fec_mov anterior a la fundación del banco (posible error de migración)
TB_MOV_FINANCIEROS,MOV00121571,FECHA_FUERA_DE_RANGO,fec_mov anterior a la fundación del banco (posible error de migración)
TB_MOV_FINANCIEROS,MOV00294370,FECHA_FUERA_DE_RANGO,fec_mov anterior a la fundación del banco (posible error de migración)
TB_MOV_FINANCIEROS,MOV00326223,FECHA_FUERA_DE_RANGO,fec_mov anterior a la fundación del banco (posible error de migración)
TB_MOV_FINANCIEROS,MOV00123903,FECHA_FUERA_DE_RANGO,fec_mov anterior a la fundación del banco (posible error de migración)
TB_MOV_FINANCIEROS,MOV00248238,FECHA_FUERA_DE_RANGO,fec_mov anterior a la fundación del banco (posible error de migración)
TB_MOV_FINANCIEROS,MOV00442594,FECHA_FUERA_DE_RANGO,fec_mov anterior a la fundación del banco (posible error de migración)
TB_MOV_FINANCIEROS,MOV00101685,FECHA_FUERA_DE_RANGO,fec_mov anterior a la fundación del banco (posible error de migración)
TB_MOV_FINANCIEROS,MOV00169216,FECHA_FUERA_DE_RANGO,fec_mov anterior a la fundación del banco (posible error de migración)
TB_MOV_FINANCIEROS,MOV00444151,FECHA_FUERA_DE_RANGO,fec_mov anterior a la fundación del banco (posible error de migración)
TB_MOV_FINANCIEROS,MOV00303708,FECHA_FUERA_DE_RANGO,fec_mov anterior a la fundación del banco (posible error de migración)
TB_MOV_FINANCIEROS,MOV00216344,FECHA_FUERA_DE_RANGO,fec_mov anterior a la fundación del banco (posible error de migración)
TB_MOV_FINANCIEROS,MOV00269807,FECHA_FUERA_DE_RANGO,fec_mov anterior a la fundación del banco (posible error de migración)
TB_MOV_FINANCIEROS,MOV00484435,FECHA_FUERA_DE_RANGO,fec_mov anterior a la fundación del banco (posible error de migración)
TB_MOV_FINANCIEROS,MOV00326375,FECHA_FUERA_DE_RANGO,fec_mov anterior a la fundación del banco (posible error de migración)
TB_MOV_FINANCIEROS,MOV00461226,FECHA_FUERA_DE_RANGO,fec_mov anterior a la fundación del banco (posible error de migración)
TB_MOV_FINANCIEROS,MOV00069973,FECHA_FUERA_DE_RANGO,fec_mov anterior a la fundación del banco (posible error de migración)
TB_MOV_FINANCIEROS,MOV00352485,FECHA_FUERA_DE_RANGO,fec_mov anterior a la fundación del banco (posible error de migración)
TB_MOV_FINANCIEROS,MOV00232646,FECHA_FUERA_DE_RANGO,fec_mov anterior a la fundación del banco (posible error de migración)
TB_MOV_FINANCIEROS,MOV00328011,FECHA_FUERA_DE_RANGO,fec_mov anterior a la fundación del banco (posible error de migración)
TB_MOV_FINANCIEROS,MOV00339984,FECHA_FUERA_DE_RANGO,fec_mov anterior a la fundación del banco (posible error de migración)
TB_MOV_FINANCIEROS,MOV00148066,FECHA_FUERA_DE_RANGO,fec_mov anterior a la fundación del banco (posible error de migración)
TB_MOV_FINANCIEROS,MOV00169914,FECHA_FUERA_DE_RANGO,fec_mov anterior a la fundación del banco (posible error de migración)
TB_MOV_FINANCIEROS,MOV00334356,FECHA_FUERA_DE_RANGO,fec_mov anterior a la fundación del banco (posible error de migración)
TB_MOV_FINANCIEROS,MOV00304792,FECHA_FUERA_DE_RANGO,fec_mov anterior a la fundación del banco (posible error de migración)
TB_MOV_FINANCIEROS,MOV00154122,FECHA_FUERA_DE_RANGO,fec_mov anterior a la fundación del banco (posible error de migración)
TB_MOV_FINANCIEROS,MOV00279360,FECHA_FUERA_DE_RANGO,fec_mov anterior a la fundación del banco (posible error de migración)
TB_MOV_FINANCIEROS,MOV00040957,FECHA_FUERA_DE_RANGO,fec_mov anterior a la fundación del banco (posible error de migración)
TB_MOV_FINANCIEROS,MOV00065062,FECHA_FUERA_DE_RANGO,fec_mov anterior a la fundación del banco (posible error de migración)
TB_MOV_FINANCIEROS,MOV00065911,FECHA_FUERA_DE_RANGO,fec_mov anterior a la fundación del banco (posible error de migración)
TB_MOV_FINANCIEROS,MOV00329611,FECHA_FUERA_DE_RANGO,fec_mov anterior a la fundación del banco (posible error de migración)
TB_MOV_FINANCIEROS,MOV00085531,FECHA_FUERA_DE_RANGO,fec_mov anterior a la fundación del banco (posible error de migración)
TB_MOV_FINANCIEROS,MOV00217607,FECHA_FUERA_DE_RANGO,fec_mov anterior a la fundación del banco (posible error de migración)
TB_MOV_FINANCIEROS,MOV00165644,FECHA_FUERA_DE_RANGO,fec_mov anterior a la fundación del banco (posible error de migración)
TB_MOV_FINANCIEROS,MOV00350592,FECHA_FUERA_DE_RANGO,fec_mov anterior a la fundación del banco (posible error de migración)
TB_MOV_FINANCIEROS,MOV00354155,FECHA_FUERA_DE_RANGO,fec_mov anterior a la fundación del banco (posible error de migración)
TB_MOV_FINANCIEROS,MOV00290416,FECHA_FUERA_DE_RANGO,fec_mov anterior a la fundación del banco (posible error de migración)
TB_MOV_FINANCIEROS,MOV00370698,FECHA_FUERA_DE_RANGO,fec_mov anterior a la fundación del banco (posible error de migración)
TB_MOV_FINANCIEROS,MOV00046450,FECHA_FUERA_DE_RANGO,fec_mov anterior a la fundación del banco (posible error de migración)
TB_MOV_FINANCIEROS,MOV00005282,FECHA_FUERA_DE_RANGO,fec_mov anterior a la fundación del banco (posible error de migración)
TB_MOV_FINANCIEROS,MOV00318974,FECHA_FUERA_DE_RANGO,fec_mov anterior a la fundación del banco (posible error de migración)
TB_MOV_FINANCIEROS,MOV00451023,FECHA_FUERA_DE_RANGO,fec_mov anterior a la fundación del banco (posible error de migración)
TB_MOV_FINANCIEROS,MOV00303992,FECHA_FUERA_DE_RANGO,fec_mov anterior a la fundación del banco (posible error de migración)
TB_MOV_FINANCIEROS,MOV00218095,FECHA_FUERA_DE_RANGO,fec_mov anterior a la fundación del banco (posible error de migración)
TB_MOV_FINANCIEROS,MOV00288126,FECHA_FUERA_DE_RANGO,fec_mov anterior a la fundación del banco (posible error de migración)
TB_MOV_FINANCIEROS,MOV00125938,FECHA_FUERA_DE_RANGO,fec_mov anterior a la fundación del banco (posible error de migración)
TB_MOV_FINANCIEROS,MOV00098538,FECHA_FUERA_DE_RANGO,fec_mov anterior a la fundación del banco (posible error de migración)
TB_MOV_FINANCIEROS,MOV00471724,FECHA_FUERA_DE_RANGO,fec_mov anterior a la fundación del banco (posible error de migración)
TB_MOV_FINANCIEROS,MOV00309761,FECHA_FUERA_DE_RANGO,fec_mov anterior a la fundación del banco (posible error de migración)
TB_MOV_FINANCIEROS,MOV00370082,FECHA_FUERA_DE_RANGO,fec_mov anterior a la fundación del banco (posible error de migración)
TB_MOV_FINANCIEROS,MOV00163028,FECHA_FUERA_DE_RANGO,fec_mov anterior a la fundación del banco (posible error de migración)
TB_MOV_FINANCIEROS,MOV00092093,FECHA_FUERA_DE_RANGO,fec_mov anterior a la fundación del banco (posible error de migración)
TB_MOV_FINANCIEROS,MOV00044491,FECHA_FUERA_DE_RANGO,fec_mov anterior a la fundación del banco (posible error de migración)
TB_MOV_FINANCIEROS,MOV00127447,FECHA_FUERA_DE_RANGO,fec_mov anterior a la fundación del banco (posible error de migración)
TB_MOV_FINANCIEROS,MOV00019184,FECHA_FUERA_DE_RANGO,fec_mov anterior a la fundación del banco (posible error de migración)
TB_MOV_FINANCIEROS,MOV00182761,FECHA_FUERA_DE_RANGO,fec_mov anterior a la fundación del banco (posible error de migración)
TB_MOV_FINANCIEROS,MOV00027058,FECHA_FUERA_DE_RANGO,fec_mov anterior a la fundación del banco (posible error de migración)
TB_MOV_FINANCIEROS,MOV00065647,FECHA_FUERA_DE_RANGO,fec_mov anterior a la fundación del banco (posible error de migración)
TB_MOV_FINANCIEROS,MOV00060527,FECHA_FUERA_DE_RANGO,fec_mov anterior a la fundación del banco (posible error de migración)
TB_MOV_FINANCIEROS,MOV00422230,FECHA_FUERA_DE_RANGO,fec_mov anterior a la fundación del banco (posible error de migración)
TB_MOV_FINANCIEROS,MOV00442484,FECHA_FUERA_DE_RANGO,fec_mov anterior a la fundación del banco (posible error de migración)
TB_MOV_FINANCIEROS,MOV00002687,FECHA_FUERA_DE_RANGO,fec_mov anterior a la fundación del banco (posible error de migración)
TB_MOV_FINANCIEROS,MOV00490485,FECHA_FUERA_DE_RANGO,fec_mov anterior a la fundación del banco (posible error de migración)
TB_MOV_FINANCIEROS,MOV00163123,FECHA_FUERA_DE_RANGO,fec_mov anterior a la fundación del banco (posible error de migración)
TB_MOV_FINANCIEROS,MOV00203586,FECHA_FUERA_DE_RANGO,fec_mov anterior a la fundación del banco (posible error de migración)
TB_MOV_FINANCIEROS,MOV00314905,FECHA_FUERA_DE_RANGO,fec_mov anterior a la fundación del banco (posible error de migración)
TB_MOV_FINANCIEROS,MOV00320412,FECHA_FUERA_DE_RANGO,fec_mov anterior a la fundación del banco (posible error de migración)
TB_MOV_FINANCIEROS,MOV00001380,FECHA_FUERA_DE_RANGO,fec_mov anterior a la fundación del banco (posible error de migración)
TB_MOV_FINANCIEROS,MOV00247869,FECHA_FUERA_DE_RANGO,fec_mov anterior a la fundación del banco (posible error de migración)
TB_MOV_FINANCIEROS,MOV00229491,FECHA_FUERA_DE_RANGO,fec_mov anterior a la fundación del banco (posible error de migración)
TB_MOV_FINANCIEROS,MOV00316559,FECHA_FUERA_DE_RANGO,fec_mov anterior a la fundación del banco (posible error de migración)
TB_MOV_FINANCIEROS,MOV00419090,FECHA_FUERA_DE_RANGO,fec_mov anterior a la fundación del banco (posible error de migración)
TB_MOV_FINANCIEROS,MOV00054806,FECHA_FUERA_DE_RANGO,fec_mov anterior a la fundación del banco (posible error de migración)
TB_MOV_FINANCIEROS,MOV00052677,FECHA_FUERA_DE_RANGO,fec_mov anterior a la fundación del banco (posible error de migración)
TB_MOV_FINANCIEROS,MOV00225777,FECHA_FUERA_DE_RANGO,fec_mov anterior a la fundación del banco (posible error de migración)
TB_MOV_FINANCIEROS,MOV00445192,FECHA_FUERA_DE_RANGO,fec_mov anterior a la fundación del banco (posible error de migración)
TB_MOV_FINANCIEROS,MOV00382130,FECHA_FUERA_DE_RANGO,fec_mov anterior a la fundación del banco (posible error de migración)
TB_MOV_FINANCIEROS,MOV00067725,FECHA_FUERA_DE_RANGO,fec_mov anterior a la fundación del banco (posible error de migración)
TB_MOV_FINANCIEROS,MOV00263471,FECHA_FUERA_DE_RANGO,fec_mov anterior a la fundación del banco (posible error de migración)
TB_MOV_FINANCIEROS,MOV00484429,FECHA_FUERA_DE_RANGO,fec_mov anterior a la fundación del banco (posible error de migración)
TB_MOV_FINANCIEROS,MOV00181869,FECHA_FUERA_DE_RANGO,fec_mov anterior a la fundación del banco (posible error de migración)
TB_MOV_FINANCIEROS,MOV00177131,FECHA_FUERA_DE_RANGO,fec_mov anterior a la fundación del banco (posible error de migración)
TB_MOV_FINANCIEROS,MOV00355971,FECHA_FUERA_DE_RANGO,fec_mov anterior a la fundación del banco (posible error de migración)
TB_MOV_FINANCIEROS,MOV00235307,FECHA_FUERA_DE_RANGO,fec_mov anterior a la fundación del banco (posible error de migración)
TB_MOV_FINANCIEROS,MOV00434274,FECHA_FUERA_DE_RANGO,fec_mov anterior a la fundación del banco (posible error de migración)
TB_MOV_FINANCIEROS,MOV00232977,FECHA_FUERA_DE_RANGO,fec_mov anterior a la fundación del banco (posible error de migración)
TB_MOV_FINANCIEROS,MOV00253052,FECHA_FUERA_DE_RANGO,fec_mov anterior a la fundación del banco (posible error de migración)
TB_MOV_FINANCIEROS,MOV00085336,FECHA_FUERA_DE_RANGO,fec_mov anterior a la fundación del banco (posible error de migración)
TB_MOV_FINANCIEROS,MOV00452215,FECHA_FUERA_DE_RANGO,fec_mov anterior a la fundación del banco (posible error de migración)
TB_MOV_FINANCIEROS,MOV00428166,FECHA_FUERA_DE_RANGO,fec_mov anterior a la fundación del banco (posible error de migración)
TB_MOV_FINANCIEROS,MOV00094488,FECHA_FUERA_DE_RANGO,fec_mov anterior a la fundación del banco (posible error de migración)
TB_MOV_FINANCIEROS,MOV00415130,FECHA_FUERA_DE_RANGO,fec_mov anterior a la fundación del banco (posible error de migración)
TB_MOV_FINANCIEROS,MOV00200145,FECHA_FUERA_DE_RANGO,fec_mov anterior a la fundación del banco (posible error de migración)
TB_MOV_FINANCIEROS,MOV00337912,FECHA_FUERA_DE_RANGO,fec_mov anterior a la fundación del banco (posible error de migración)
TB_MOV_FINANCIEROS,MOV00104483,FECHA_FUERA_DE_RANGO,fec_mov anterior a la fundación del banco (posible error de migración)
TB_MOV_FINANCIEROS,MOV00007395,FECHA_FUERA_DE_RANGO,fec_mov anterior a la fundación del banco (posible error de migración)
TB_MOV_FINANCIEROS,MOV00098569,FECHA_FUERA_DE_RANGO,fec_mov anterior a la fundación del banco (posible error de migración)
TB_MOV_FINANCIEROS,MOV00074088,FECHA_FUERA_DE_RANGO,fec_mov anterior a la fundación del banco (posible error de migración)
TB_MOV_FINANCIEROS,MOV00093801,FECHA_FUERA_DE_RANGO,fec_mov anterior a la fundación del banco (posible error de migración)
TB_MOV_FINANCIEROS,MOV00479658,FECHA_FUERA_DE_RANGO,fec_mov anterior a la fundación del banco (posible error de migración)
TB_MOV_FINANCIEROS,MOV00177281,FECHA_FUERA_DE_RANGO,fec_mov anterior a la fundación del banco (posible error de migración)
TB_MOV_FINANCIEROS,MOV00003467,FECHA_FUERA_DE_RANGO,fec_mov anterior a la fundación del banco (posible error de migración)
TB_MOV_FINANCIEROS,MOV00289869,FECHA_FUERA_DE_RANGO,fec_mov anterior a la fundación del banco (posible error de migración)
TB_MOV_FINANCIEROS,MOV00027243,FECHA_FUERA_DE_RANGO,fec_mov anterior a la fundación del banco (posible error de migración)
TB_MOV_FINANCIEROS,MOV00144034,FECHA_FUERA_DE_RANGO,fec_mov anterior a la fundación del banco (posible error de migración)
TB_MOV_FINANCIEROS,MOV00067765,FECHA_FUERA_DE_RANGO,fec_mov anterior a la fundación del banco (posible error de migración)
TB_MOV_FINANCIEROS,MOV00414215,FECHA_FUERA_DE_RANGO,fec_mov anterior a la fundación del banco (posible error de migración)
TB_MOV_FINANCIEROS,MOV00051429,FECHA_FUERA_DE_RANGO,fec_mov anterior a la fundación del banco (posible error de migración)
TB_MOV_FINANCIEROS,MOV00441271,FECHA_FUERA_DE_RANGO,fec_mov anterior a la fundación del banco (posible error de migración)
TB_MOV_FINANCIEROS,MOV00492829,FECHA_FUERA_DE_RANGO,fec_mov anterior a la fundación del banco (posible error de migración)
TB_MOV_FINANCIEROS,MOV00148225,FECHA_FUERA_DE_RANGO,fec_mov anterior a la fundación del banco (posible error de migración)
TB_MOV_FINANCIEROS,MOV00293634,FECHA_FUERA_DE_RANGO,fec_mov anterior a la fundación del banco (posible error de migración)
TB_MOV_FINANCIEROS,MOV00255073,FECHA_FUERA_DE_RANGO,fec_mov anterior a la fundación del banco (posible error de migración)
TB_MOV_FINANCIEROS,MOV00067478,FECHA_FUERA_DE_RANGO,fec_mov anterior a la fundación del banco (posible error de migración)
TB_MOV_FINANCIEROS,MOV00402277,FECHA_FUERA_DE_RANGO,fec_mov anterior a la fundación del banco (posible error de migración)
TB_MOV_FINANCIEROS,MOV00201187,FECHA_FUERA_DE_RANGO,fec_mov anterior a la fundación del banco (posible error de migración)
TB_MOV_FINANCIEROS,MOV00051466,FECHA_FUERA_DE_RANGO,fec_mov anterior a la fundación del banco (posible error de migración)
TB_MOV_FINANCIEROS,MOV00184368,FECHA_FUERA_DE_RANGO,fec_mov anterior a la fundación del banco (posible error de migración)
TB_MOV_FINANCIEROS,MOV00385263,FECHA_FUERA_DE_RANGO,fec_mov anterior a la fundación del banco (posible error de migración)
TB_MOV_FINANCIEROS,MOV00239472,FECHA_FUERA_DE_RANGO,fec_mov anterior a la fundación del banco (posible error de migración)
TB_MOV_FINANCIEROS,MOV00475156,FECHA_FUERA_DE_RANGO,fec_mov anterior a la fundación del banco (posible error de migración)
TB_MOV_FINANCIEROS,MOV00405224,FECHA_FUERA_DE_RANGO,fec_mov anterior a la fundación del banco (posible error de migración)
TB_MOV_FINANCIEROS,MOV00460273,FECHA_FUERA_DE_RANGO,fec_mov anterior a la fundación del banco (posible error de migración)
TB_MOV_FINANCIEROS,MOV00324048,FECHA_FUERA_DE_RANGO,fec_mov anterior a la fundación del banco (posible error de migración)
TB_MOV_FINANCIEROS,MOV00447252,FECHA_FUERA_DE_RANGO,fec_mov anterior a la fundación del banco (posible error de migración)
TB_MOV_FINANCIEROS,MOV00347776,FECHA_FUERA_DE_RANGO,fec_mov anterior a la fundación del banco (posible error de migración)
TB_MOV_FINANCIEROS,MOV00163462,FECHA_FUERA_DE_RANGO,fec_mov anterior a la fundación del banco (posible error de migración)
TB_MOV_FINANCIEROS,MOV00482409,FECHA_FUERA_DE_RANGO,fec_mov anterior a la fundación del banco (posible error de migración)
TB_MOV_FINANCIEROS,MOV00177835,FECHA_FUERA_DE_RANGO,fec_mov anterior a la fundación del banco (posible error de migración)
TB_MOV_FINANCIEROS,MOV00347841,FECHA_FUERA_DE_RANGO,fec_mov anterior a la fundación del banco (posible error de migración)
TB_MOV_FINANCIEROS,MOV00422083,FECHA_FUERA_DE_RANGO,fec_mov anterior a la fundación del banco (posible error de migración)
TB_MOV_FINANCIEROS,MOV00422181,FECHA_FUERA_DE_RANGO,fec_mov anterior a la fundación del banco (posible error de migración)
TB_MOV_FINANCIEROS,MOV00230372,FECHA_FUERA_DE_RANGO,fec_mov anterior a la fundación del banco (posible error de migración)
TB_MOV_FINANCIEROS,MOV00451232,FECHA_FUERA_DE_RANGO,fec_mov anterior a la fundación del banco (posible error de migración)
TB_MOV_FINANCIEROS,MOV00017696,FECHA_FUERA_DE_RANGO,fec_mov anterior a la fundación del banco (posible error de migración)
TB_MOV_FINANCIEROS,MOV00104294,FECHA_FUERA_DE_RANGO,fec_mov anterior a la fundación del banco (posible error de migración)
TB_MOV_FINANCIEROS,MOV00374526,FECHA_FUERA_DE_RANGO,fec_mov anterior a la fundación del banco (posible error de migración)
TB_MOV_FINANCIEROS,MOV00464904,FECHA_FUERA_DE_RANGO,fec_mov anterior a la fundación del banco (posible error de migración)
TB_MOV_FINANCIEROS,MOV00431467,FECHA_FUERA_DE_RANGO,fec_mov anterior a la fundación del banco (posible error de migración)
TB_MOV_FINANCIEROS,MOV00195501,FECHA_FUERA_DE_RANGO,fec_mov anterior a la fundación del banco (posible error de migración)
TB_MOV_FINANCIEROS,MOV00275862,FECHA_FUERA_DE_RANGO,fec_mov anterior a la fundación del banco (posible error de migración)
TB_MOV_FINANCIEROS,MOV00481027,FECHA_FUERA_DE_RANGO,fec_mov anterior a la fundación del banco (posible error de migración)
TB_MOV_FINANCIEROS,MOV00414400,FECHA_FUERA_DE_RANGO,fec_mov anterior a la fundación del banco (posible error de migración)
TB_MOV_FINANCIEROS,MOV00014668,FECHA_FUERA_DE_RANGO,fec_mov anterior a la fundación del banco (posible error de migración)
TB_MOV_FINANCIEROS,MOV00438620,FECHA_FUERA_DE_RANGO,fec_mov anterior a la fundación del banco (posible error de migración)
TB_MOV_FINANCIEROS,MOV00381140,FECHA_FUERA_DE_RANGO,fec_mov anterior a la fundación del banco (posible error de migración)
TB_MOV_FINANCIEROS,MOV00102214,FECHA_FUERA_DE_RANGO,fec_mov anterior a la fundación del banco (posible error de migración)
TB_MOV_FINANCIEROS,MOV00375412,FECHA_FUERA_DE_RANGO,fec_mov anterior a la fundación del banco (posible error de migración)
TB_MOV_FINANCIEROS,MOV00282260,FECHA_FUERA_DE_RANGO,fec_mov anterior a la fundación del banco (posible error de migración)
TB_MOV_FINANCIEROS,MOV00119928,FECHA_FUERA_DE_RANGO,fec_mov anterior a la fundación del banco (posible error de migración)
TB_MOV_FINANCIEROS,MOV00007825,FECHA_FUERA_DE_RANGO,fec_mov anterior a la fundación del banco (posible error de migración)
TB_MOV_FINANCIEROS,MOV00008100,FECHA_FUERA_DE_RANGO,fec_mov anterior a la fundación del banco (posible error de migración)
TB_MOV_FINANCIEROS,MOV00393923,FECHA_FUERA_DE_RANGO,fec_mov anterior a la fundación del banco (posible error de migración)
TB_MOV_FINANCIEROS,MOV00258403,FECHA_FUERA_DE_RANGO,fec_mov anterior a la fundación del banco (posible error de migración)
TB_MOV_FINANCIEROS,MOV00154389,FECHA_FUERA_DE_RANGO,fec_mov anterior a la fundación del banco (posible error de migración)
TB_MOV_FINANCIEROS,MOV00113540,FECHA_FUERA_DE_RANGO,fec_mov anterior a la fundación del banco (posible error de migración)
TB_MOV_FINANCIEROS,MOV00092387,FECHA_FUERA_DE_RANGO,fec_mov anterior a la fundación del banco (posible error de migración)
TB_MOV_FINANCIEROS,MOV00127980,FECHA_FUERA_DE_RANGO,fec_mov anterior a la fundación del banco (posible error de migración)
TB_MOV_FINANCIEROS,MOV00113692,FECHA_FUERA_DE_RANGO,fec_mov anterior a la fundación del banco (posible error de migración)
TB_MOV_FINANCIEROS,MOV00160033,FECHA_FUERA_DE_RANGO,fec_mov anterior a la fundación del banco (posible error de migración)
TB_MOV_FINANCIEROS,MOV00271622,FECHA_FUERA_DE_RANGO,fec_mov anterior a la fundación del banco (posible error de migración)
TB_MOV_FINANCIEROS,MOV00238456,FECHA_FUERA_DE_RANGO,fec_mov anterior a la fundación del banco (posible error de migración)
TB_MOV_FINANCIEROS,MOV00478058,FECHA_FUERA_DE_RANGO,fec_mov anterior a la fundación del banco (posible error de migración)
TB_MOV_FINANCIEROS,MOV00077840,FECHA_FUERA_DE_RANGO,fec_mov anterior a la fundación del banco (posible error de migración)
TB_MOV_FINANCIEROS,MOV00496716,FECHA_FUERA_DE_RANGO,fec_mov anterior a la fundación del banco (posible error de migración)
TB_MOV_FINANCIEROS,MOV00159099,FECHA_FUERA_DE_RANGO,fec_mov anterior a la fundación del banco (posible error de migración)
TB_MOV_FINANCIEROS,MOV00095538,FECHA_FUERA_DE_RANGO,fec_mov anterior a la fundación del banco (posible error de migración)
TB_MOV_FINANCIEROS,MOV00092889,FECHA_FUERA_DE_RANGO,fec_mov anterior a la fundación del banco (posible error de migración)
TB_MOV_FINANCIEROS,MOV00410120,FECHA_FUERA_DE_RANGO,fec_mov anterior a la fundación del banco (posible error de migración)
TB_MOV_FINANCIEROS,MOV00138615,FECHA_FUERA_DE_RANGO,fec_mov anterior a la fundación del banco (posible error de migración)
TB_MOV_FINANCIEROS,MOV00043679,FECHA_FUERA_DE_RANGO,fec_mov anterior a la fundación del banco (posible error de migración)
TB_MOV_FINANCIEROS,MOV00144306,FECHA_FUERA_DE_RANGO,fec_mov anterior a la fundación del banco (posible error de migración)
TB_MOV_FINANCIEROS,MOV00140616,FECHA_FUERA_DE_RANGO,fec_mov anterior a la fundación del banco (posible error de migración)
TB_MOV_FINANCIEROS,MOV00188042,FECHA_FUERA_DE_RANGO,fec_mov anterior a la fundación del banco (posible error de migración)
TB_MOV_FINANCIEROS,MOV00374020,FECHA_FUERA_DE_RANGO,fec_mov anterior a la fundación del banco (posible error de migración)
TB_MOV_FINANCIEROS,MOV00024676,FECHA_FUERA_DE_RANGO,fec_mov anterior a la fundación del banco (posible error de migración)
TB_MOV_FINANCIEROS,MOV00020401,FECHA_FUERA_DE_RANGO,fec_mov anterior a la fundación del banco (posible error de migración)
TB_MOV_FINANCIEROS,MOV00221849,FECHA_FUERA_DE_RANGO,fec_mov anterior a la fundación del banco (posible error de migración)
TB_MOV_FINANCIEROS,MOV00333276,FECHA_FUERA_DE_RANGO,fec_mov anterior a la fundación del banco (posible error de migración)
TB_MOV_FINANCIEROS,MOV00022031,FECHA_FUERA_DE_RANGO,fec_mov anterior a la fundación del banco (posible error de migración)
TB_MOV_FINANCIEROS,MOV00248127,FECHA_FUERA_DE_RANGO,fec_mov anterior a la fundación del banco (posible error de migración)
TB_MOV_FINANCIEROS,MOV00176965,FECHA_FUERA_DE_RANGO,fec_mov anterior a la fundación del banco (posible error de migración)
TB_MOV_FINANCIEROS,MOV00394768,FECHA_FUERA_DE_RANGO,fec_mov anterior a la fundación del banco (posible error de migración)
TB_MOV_FINANCIEROS,MOV00471596,FECHA_FUERA_DE_RANGO,fec_mov anterior a la fundación del banco (posible error de migración)
TB_MOV_FINANCIEROS,MOV00389638,FECHA_FUERA_DE_RANGO,fec_mov anterior a la fundación del banco (posible error de migración)
TB_MOV_FINANCIEROS,MOV00179699,FECHA_FUERA_DE_RANGO,fec_mov anterior a la fundación del banco (posible error de migración)
TB_MOV_FINANCIEROS,MOV00369041,FECHA_FUERA_DE_RANGO,fec_mov anterior a la fundación del banco (posible error de migración)
TB_MOV_FINANCIEROS,MOV00131900,FECHA_FUERA_DE_RANGO,fec_mov anterior a la fundación del banco (posible error de migración)
TB_MOV_FINANCIEROS,MOV00312683,FECHA_FUERA_DE_RANGO,fec_mov anterior a la fundación del banco (posible error de migración)
TB_MOV_FINANCIEROS,MOV00447824,FECHA_FUERA_DE_RANGO,fec_mov anterior a la fundación del banco (posible error de migración)
TB_MOV_FINANCIEROS,MOV00047196,FECHA_FUERA_DE_RANGO,fec_mov anterior a la fundación del banco (posible error de migración)
TB_MOV_FINANCIEROS,MOV00111211,FECHA_FUERA_DE_RANGO,fec_mov anterior a la fundación del banco (posible error de migración)
TB_MOV_FINANCIEROS,MOV00377714,FECHA_FUERA_DE_RANGO,fec_mov anterior a la fundación del banco (posible error de migración)
TB_MOV_FINANCIEROS,MOV00336095,FECHA_FUERA_DE_RANGO,fec_mov anterior a la fundación del banco (posible error de migración)
TB_MOV_FINANCIEROS,MOV00137181,FECHA_FUERA_DE_RANGO,fec_mov anterior a la fundación del banco (posible error de migración)
TB_MOV_FINANCIEROS,MOV00297563,FECHA_FUERA_DE_RANGO,fec_mov anterior a la fundación del banco (posible error de migración)
TB_MOV_FINANCIEROS,MOV00085229,FECHA_FUERA_DE_RANGO,fec_mov anterior a la fundación del banco (posible error de migración)
TB_MOV_FINANCIEROS,MOV00457627,FECHA_FUERA_DE_RANGO,fec_mov anterior a la fundación del banco (posible error de migración)
TB_MOV_FINANCIEROS,MOV00303328,FECHA_FUERA_DE_RANGO,fec_mov anterior a la fundación del banco (posible error de migración)
TB_MOV_FINANCIEROS,MOV00317150,FECHA_FUERA_DE_RANGO,fec_mov anterior a la fundación del banco (posible error de migración)
TB_MOV_FINANCIEROS,MOV00048169,FECHA_FUERA_DE_RANGO,fec_mov anterior a la fundación del banco (posible error de migración)
TB_MOV_FINANCIEROS,MOV00258168,FECHA_FUERA_DE_RANGO,fec_mov anterior a la fundación del banco (posible error de migración)
TB_MOV_FINANCIEROS,MOV00194442,FECHA_FUERA_DE_RANGO,fec_mov anterior a la fundación del banco (posible error de migración)
TB_MOV_FINANCIEROS,MOV00225669,FECHA_FUERA_DE_RANGO,fec_mov anterior a la fundación del banco (posible error de migración)
TB_MOV_FINANCIEROS,MOV00084266,FECHA_FUERA_DE_RANGO,fec_mov anterior a la fundación del banco (posible error de migración)
TB_MOV_FINANCIEROS,MOV00322166,FECHA_FUERA_DE_RANGO,fec_mov anterior a la fundación del banco (posible error de migración)
TB_MOV_FINANCIEROS,MOV00354246,FECHA_FUERA_DE_RANGO,fec_mov anterior a la fundación del banco (posible error de migración)
TB_MOV_FINANCIEROS,MOV00256260,FECHA_FUERA_DE_RANGO,fec_mov anterior a la fundación del banco (posible error de migración)
TB_MOV_FINANCIEROS,MOV00385564,FECHA_FUERA_DE_RANGO,fec_mov anterior a la fundación del banco (posible error de migración)
TB_MOV_FINANCIEROS,MOV00283873,FECHA_FUERA_DE_RANGO,fec_mov anterior a la fundación del banco (posible error de migración)
TB_MOV_FINANCIEROS,MOV00456237,FECHA_FUERA_DE_RANGO,fec_mov anterior a la fundación del banco (posible error de migración)
TB_MOV_FINANCIEROS,MOV00449105,FECHA_FUERA_DE_RANGO,fec_mov anterior a la fundación del banco (posible error de migración)
TB_MOV_FINANCIEROS,MOV00288326,FECHA_FUERA_DE_RANGO,fec_mov anterior a la fundación del banco (posible error de migración)
TB_MOV_FINANCIEROS,MOV00221400,FECHA_FUERA_DE_RANGO,fec_mov anterior a la fundación del banco (posible error de migración)
TB_MOV_FINANCIEROS,MOV00303691,FECHA_FUERA_DE_RANGO,fec_mov anterior a la fundación del banco (posible error de migración)
TB_MOV_FINANCIEROS,MOV00087976,FECHA_FUERA_DE_RANGO,fec_mov anterior a la fundación del banco (posible error de migración)
TB_MOV_FINANCIEROS,MOV00342836,FECHA_FUERA_DE_RANGO,fec_mov anterior a la fundación del banco (posible error de migración)
TB_MOV_FINANCIEROS,MOV00271722,FECHA_FUERA_DE_RANGO,fec_mov anterior a la fundación del banco (posible error de migración)
TB_MOV_FINANCIEROS,MOV00418704,FECHA_FUERA_DE_RANGO,fec_mov anterior a la fundación del banco (posible error de migración)
TB_MOV_FINANCIEROS,MOV00411142,FECHA_FUERA_DE_RANGO,fec_mov anterior a la fundación del banco (posible error de migración)
TB_MOV_FINANCIEROS,MOV00417168,FECHA_FUERA_DE_RANGO,fec_mov anterior a la fundación del banco (posible error de migración)
TB_MOV_FINANCIEROS,MOV00200572,FECHA_FUERA_DE_RANGO,fec_mov anterior a la fundación del banco (posible error de migración)
TB_MOV_FINANCIEROS,MOV00301782,FECHA_FUERA_DE_RANGO,fec_mov anterior a la fundación del banco (posible error de migración)
TB_MOV_FINANCIEROS,MOV00118328,FECHA_FUERA_DE_RANGO,fec_mov anterior a la fundación del banco (posible error de migración)
TB_MOV_FINANCIEROS,MOV00178149,FECHA_FUERA_DE_RANGO,fec_mov anterior a la fundación del banco (posible error de migración)
TB_MOV_FINANCIEROS,MOV00419377,FECHA_FUERA_DE_RANGO,fec_mov anterior a la fundación del banco (posible error de migración)
TB_MOV_FINANCIEROS,MOV00306501,FECHA_FUERA_DE_RANGO,fec_mov anterior a la fundación del banco (posible error de migración)
TB_MOV_FINANCIEROS,MOV00228499,FECHA_FUERA_DE_RANGO,fec_mov anterior a la fundación del banco (posible error de migración)
TB_MOV_FINANCIEROS,MOV00109891,FECHA_FUERA_DE_RANGO,fec_mov anterior a la fundación del banco (posible error de migración)
TB_MOV_FINANCIEROS,MOV00290918,FECHA_FUERA_DE_RANGO,fec_mov anterior a la fundación del banco (posible error de migración)
TB_MOV_FINANCIEROS,MOV00050881,FECHA_FUERA_DE_RANGO,fec_mov anterior a la fundación del banco (posible error de migración)
TB_MOV_FINANCIEROS,MOV00061212,FECHA_FUERA_DE_RANGO,fec_mov anterior a la fundación del banco (posible error de migración)
TB_MOV_FINANCIEROS,MOV00491928,FECHA_FUERA_DE_RANGO,fec_mov anterior a la fundación del banco (posible error de migración)
TB_MOV_FINANCIEROS,MOV00288950,FECHA_FUERA_DE_RANGO,fec_mov anterior a la fundación del banco (posible error de migración)
TB_MOV_FINANCIEROS,MOV00013077,FECHA_FUERA_DE_RANGO,fec_mov anterior a la fundación del banco (posible error de migración)
TB_MOV_FINANCIEROS,MOV00487021,FECHA_FUERA_DE_RANGO,fec_mov anterior a la fundación del banco (posible error de migración)
TB_MOV_FINANCIEROS,MOV00497834,FECHA_FUERA_DE_RANGO,fec_mov anterior a la fundación del banco (posible error de migración)
TB_MOV_FINANCIEROS,MOV00048326,FECHA_FUERA_DE_RANGO,fec_mov anterior a la fundación del banco (posible error de migración)
TB_MOV_FINANCIEROS,MOV00386013,FECHA_FUERA_DE_RANGO,fec_mov anterior a la fundación del banco (posible error de migración)
TB_MOV_FINANCIEROS,MOV00074051,FECHA_FUERA_DE_RANGO,fec_mov anterior a la fundación del banco (posible error de migración)
TB_MOV_FINANCIEROS,MOV00001483,FECHA_FUERA_DE_RANGO,fec_mov anterior a la fundación del banco (posible error de migración)
TB_MOV_FINANCIEROS,MOV00475144,FECHA_FUERA_DE_RANGO,fec_mov anterior a la fundación del banco (posible error de migración)
TB_MOV_FINANCIEROS,MOV00394868,FECHA_FUERA_DE_RANGO,fec_mov anterior a la fundación del banco (posible error de migración)
TB_MOV_FINANCIEROS,MOV00465244,FECHA_FUERA_DE_RANGO,fec_mov anterior a la fundación del banco (posible error de migración)
TB_MOV_FINANCIEROS,MOV00010558,FECHA_FUERA_DE_RANGO,fec_mov anterior a la fundación del banco (posible error de migración)
TB_MOV_FINANCIEROS,MOV00407388,FECHA_FUERA_DE_RANGO,fec_mov anterior a la fundación del banco (posible error de migración)
TB_MOV_FINANCIEROS,MOV00487494,FECHA_FUERA_DE_RANGO,fec_mov anterior a la fundación del banco (posible error de migración)
TB_MOV_FINANCIEROS,MOV00119397,FECHA_FUERA_DE_RANGO,fec_mov anterior a la fundación del banco (posible error de migración)
TB_MOV_FINANCIEROS,MOV00214063,FECHA_FUERA_DE_RANGO,fec_mov anterior a la fundación del banco (posible error de migración)
TB_MOV_FINANCIEROS,MOV00035431,FECHA_FUERA_DE_RANGO,fec_mov anterior a la fundación del banco (posible error de migración)
TB_MOV_FINANCIEROS,MOV00197216,FECHA_FUERA_DE_RANGO,fec_mov anterior a la fundación del banco (posible error de migración)
TB_MOV_FINANCIEROS,MOV00072612,FECHA_FUERA_DE_RANGO,fec_mov anterior a la fundación del banco (posible error de migración)
TB_MOV_FINANCIEROS,MOV00074257,FECHA_FUERA_DE_RANGO,fec_mov anterior a la fundación del banco (posible error de migración)
TB_MOV_FINANCIEROS,MOV00072045,FECHA_FUERA_DE_RANGO,fec_mov anterior a la fundación del banco (posible error de migración)
TB_MOV_FINANCIEROS,MOV00389828,FECHA_FUERA_DE_RANGO,fec_mov anterior a la fundación del banco (posible error de migración)
TB_MOV_FINANCIEROS,MOV00197069,FECHA_FUERA_DE_RANGO,fec_mov anterior a la fundación del banco (posible error de migración)
TB_MOV_FINANCIEROS,MOV00019943,FECHA_FUERA_DE_RANGO,fec_mov anterior a la fundación del banco (posible error de migración)
TB_MOV_FINANCIEROS,MOV00323538,FECHA_FUERA_DE_RANGO,fec_mov anterior a la fundación del banco (posible error de migración)
TB_MOV_FINANCIEROS,MOV00284508,FECHA_FUERA_DE_RANGO,fec_mov anterior a la fundación del banco (posible error de migración)
TB_MOV_FINANCIEROS,MOV00485761,FECHA_FUERA_DE_RANGO,fec_mov anterior a la fundación del banco (posible error de migración)
TB_MOV_FINANCIEROS,MOV00424461,FECHA_FUERA_DE_RANGO,fec_mov anterior a la fundación del banco (posible error de migración)
TB_MOV_FINANCIEROS,MOV00148128,FECHA_FUERA_DE_RANGO,fec_mov anterior a la fundación del banco (posible error de migración)
TB_MOV_FINANCIEROS,MOV00393928,FECHA_FUERA_DE_RANGO,fec_mov anterior a la fundación del banco (posible error de migración)
TB_MOV_FINANCIEROS,MOV00165405,FECHA_FUERA_DE_RANGO,fec_mov anterior a la fundación del banco (posible error de migración)
TB_MOV_FINANCIEROS,MOV00469347,FECHA_FUERA_DE_RANGO,fec_mov anterior a la fundación del banco (posible error de migración)
TB_MOV_FINANCIEROS,MOV00108034,FECHA_FUERA_DE_RANGO,fec_mov anterior a la fundación del banco (posible error de migración)
TB_MOV_FINANCIEROS,MOV00187918,FECHA_FUERA_DE_RANGO,fec_mov anterior a la fundación del banco (posible error de migración)
TB_MOV_FINANCIEROS,MOV00010117,FECHA_FUERA_DE_RANGO,fec_mov anterior a la fundación del banco (posible error de migración)
TB_MOV_FINANCIEROS,MOV00080609,FECHA_FUERA_DE_RANGO,fec_mov anterior a la fundación del banco (posible error de migración)
TB_MOV_FINANCIEROS,MOV00378385,FECHA_FUERA_DE_RANGO,fec_mov anterior a la fundación del banco (posible error de migración)
TB_MOV_FINANCIEROS,MOV00018710,FECHA_FUERA_DE_RANGO,fec_mov anterior a la fundación del banco (posible error de migración)
TB_MOV_FINANCIEROS,MOV00309664,FECHA_FUERA_DE_RANGO,fec_mov anterior a la fundación del banco (posible error de migración)
TB_MOV_FINANCIEROS,MOV00375658,FECHA_FUERA_DE_RANGO,fec_mov anterior a la fundación del banco (posible error de migración)
TB_MOV_FINANCIEROS,MOV00305496,FECHA_FUERA_DE_RANGO,fec_mov anterior a la fundación del banco (posible error de migración)
TB_MOV_FINANCIEROS,MOV00432205,FECHA_FUERA_DE_RANGO,fec_mov anterior a la fundación del banco (posible error de migración)
TB_MOV_FINANCIEROS,MOV00347795,FECHA_FUERA_DE_RANGO,fec_mov anterior a la fundación del banco (posible error de migración)
TB_MOV_FINANCIEROS,MOV00207996,FECHA_FUERA_DE_RANGO,fec_mov anterior a la fundación del banco (posible error de migración)
TB_MOV_FINANCIEROS,MOV00365003,FECHA_FUERA_DE_RANGO,fec_mov anterior a la fundación del banco (posible error de migración)
TB_MOV_FINANCIEROS,MOV00303495,FECHA_FUERA_DE_RANGO,fec_mov anterior a la fundación del banco (posible error de migración)
TB_MOV_FINANCIEROS,MOV00456586,FECHA_FUERA_DE_RANGO,fec_mov anterior a la fundación del banco (posible error de migración)
TB_MOV_FINANCIEROS,MOV00037301,FECHA_FUERA_DE_RANGO,fec_mov anterior a la fundación del banco (posible error de migración)
TB_MOV_FINANCIEROS,MOV00101957,FECHA_FUERA_DE_RANGO,fec_mov anterior a la fundación del banco (posible error de migración)
TB_MOV_FINANCIEROS,MOV00217780,FECHA_FUERA_DE_RANGO,fec_mov anterior a la fundación del banco (posible error de migración)
TB_MOV_FINANCIEROS,MOV00074095,FECHA_FUERA_DE_RANGO,fec_mov anterior a la fundación del banco (posible error de migración)
TB_MOV_FINANCIEROS,MOV00127800,FECHA_FUERA_DE_RANGO,fec_mov anterior a la fundación del banco (posible error de migración)
TB_MOV_FINANCIEROS,MOV00431844,FECHA_FUERA_DE_RANGO,fec_mov anterior a la fundación del banco (posible error de migración)
TB_MOV_FINANCIEROS,MOV00360078,FECHA_FUERA_DE_RANGO,fec_mov anterior a la fundación del banco (posible error de migración)
TB_MOV_FINANCIEROS,MOV00259835,FECHA_FUERA_DE_RANGO,fec_mov anterior a la fundación del banco (posible error de migración)
TB_MOV_FINANCIEROS,MOV00494713,FECHA_FUERA_DE_RANGO,fec_mov anterior a la fundación del banco (posible error de migración)
TB_MOV_FINANCIEROS,MOV00305409,FECHA_FUERA_DE_RANGO,fec_mov anterior a la fundación del banco (posible error de migración)
TB_MOV_FINANCIEROS,MOV00124981,FECHA_FUERA_DE_RANGO,fec_mov anterior a la fundación del banco (posible error de migración)
TB_MOV_FINANCIEROS,MOV00053092,FECHA_FUERA_DE_RANGO,fec_mov anterior a la fundación del banco (posible error de migración)
TB_MOV_FINANCIEROS,MOV00126681,FECHA_FUERA_DE_RANGO,fec_mov anterior a la fundación del banco (posible error de migración)
TB_MOV_FINANCIEROS,MOV00442474,FECHA_FUERA_DE_RANGO,fec_mov anterior a la fundación del banco (posible error de migración)
TB_MOV_FINANCIEROS,MOV00160633,FECHA_FUERA_DE_RANGO,fec_mov anterior a la fundación del banco (posible error de migración)
TB_MOV_FINANCIEROS,MOV00160724,FECHA_FUERA_DE_RANGO,fec_mov anterior a la fundación del banco (posible error de migración)
TB_MOV_FINANCIEROS,MOV00195060,FECHA_FUERA_DE_RANGO,fec_mov anterior a la fundación del banco (posible error de migración)
TB_MOV_FINANCIEROS,MOV00032357,FECHA_FUERA_DE_RANGO,fec_mov anterior a la fundación del banco (posible error de migración)
TB_MOV_FINANCIEROS,MOV00149633,FECHA_FUERA_DE_RANGO,fec_mov anterior a la fundación del banco (posible error de migración)
TB_MOV_FINANCIEROS,MOV00292658,FECHA_FUERA_DE_RANGO,fec_mov anterior a la fundación del banco (posible error de migración)
TB_MOV_FINANCIEROS,MOV00096384,FECHA_FUERA_DE_RANGO,fec_mov anterior a la fundación del banco (posible error de migración)
TB_MOV_FINANCIEROS,MOV00007678,FECHA_FUERA_DE_RANGO,fec_mov anterior a la fundación del banco (posible error de migración)
TB_MOV_FINANCIEROS,MOV00190251,FECHA_FUERA_DE_RANGO,fec_mov anterior a la fundación del banco (posible error de migración)
TB_MOV_FINANCIEROS,MOV00232399,FECHA_FUERA_DE_RANGO,fec_mov anterior a la fundación del banco (posible error de migración)
TB_MOV_FINANCIEROS,MOV00400683,FECHA_FUERA_DE_RANGO,fec_mov anterior a la fundación del banco (posible error de migración)
TB_MOV_FINANCIEROS,MOV00102961,FECHA_FUERA_DE_RANGO,fec_mov anterior a la fundación del banco (posible error de migración)
TB_MOV_FINANCIEROS,MOV00345472,FECHA_FUERA_DE_RANGO,fec_mov anterior a la fundación del banco (posible error de migración)
TB_MOV_FINANCIEROS,MOV00117091,FECHA_FUERA_DE_RANGO,fec_mov anterior a la fundación del banco (posible error de migración)
TB_MOV_FINANCIEROS,MOV00381708,FECHA_FUERA_DE_RANGO,fec_mov anterior a la fundación del banco (posible error de migración)
TB_MOV_FINANCIEROS,MOV00477870,FECHA_FUERA_DE_RANGO,fec_mov anterior a la fundación del banco (posible error de migración)
TB_MOV_FINANCIEROS,MOV00278957,FECHA_FUERA_DE_RANGO,fec_mov anterior a la fundación del banco (posible error de migración)
TB_MOV_FINANCIEROS,MOV00476481,FECHA_FUERA_DE_RANGO,fec_mov anterior a la fundación del banco (posible error de migración)
TB_MOV_FINANCIEROS,MOV00285927,FECHA_FUERA_DE_RANGO,fec_mov anterior a la fundación del banco (posible error de migración)
TB_MOV_FINANCIEROS,MOV00158725,FECHA_FUERA_DE_RANGO,fec_mov anterior a la fundación del banco (posible error de migración)
TB_MOV_FINANCIEROS,MOV00170292,FECHA_FUERA_DE_RANGO,fec_mov anterior a la fundación del banco (posible error de migración)
TB_MOV_FINANCIEROS,MOV00040389,FECHA_FUERA_DE_RANGO,fec_mov anterior a la fundación del banco (posible error de migración)
TB_MOV_FINANCIEROS,MOV00314293,FECHA_FUERA_DE_RANGO,fec_mov anterior a la fundación del banco (posible error de migración)
TB_MOV_FINANCIEROS,MOV00310234,FECHA_FUERA_DE_RANGO,fec_mov anterior a la fundación del banco (posible error de migración)
TB_MOV_FINANCIEROS,MOV00088526,FECHA_FUERA_DE_RANGO,fec_mov anterior a la fundación del banco (posible error de migración)
TB_MOV_FINANCIEROS,MOV00215517,FECHA_FUERA_DE_RANGO,fec_mov anterior a la fundación del banco (posible error de migración)
TB_MOV_FINANCIEROS,MOV00343598,FECHA_FUERA_DE_RANGO,fec_mov anterior a la fundación del banco (posible error de migración)
TB_MOV_FINANCIEROS,MOV00461524,FECHA_FUERA_DE_RANGO,fec_mov anterior a la fundación del banco (posible error de migración)
TB_MOV_FINANCIEROS,MOV00074285,FECHA_FUERA_DE_RANGO,fec_mov anterior a la fundación del banco (posible error de migración)
TB_MOV_FINANCIEROS,MOV00284167,FECHA_FUERA_DE_RANGO,fec_mov anterior a la fundación del banco (posible error de migración)
TB_MOV_FINANCIEROS,MOV00217490,FECHA_FUERA_DE_RANGO,fec_mov anterior a la fundación del banco (posible error de migración)
TB_MOV_FINANCIEROS,MOV00263325,FECHA_FUERA_DE_RANGO,fec_mov anterior a la fundación del banco (posible error de migración)
TB_MOV_FINANCIEROS,MOV00275559,FECHA_FUERA_DE_RANGO,fec_mov anterior a la fundación del banco (posible error de migración)
TB_MOV_FINANCIEROS,MOV00255240,FECHA_FUERA_DE_RANGO,fec_mov anterior a la fundación del banco (posible error de migración)
TB_MOV_FINANCIEROS,MOV00237487,FECHA_FUERA_DE_RANGO,fec_mov anterior a la fundación del banco (posible error de migración)
TB_MOV_FINANCIEROS,MOV00033342,FECHA_FUERA_DE_RANGO,fec_mov anterior a la fundación del banco (posible error de migración)
TB_MOV_FINANCIEROS,MOV00318339,FECHA_FUERA_DE_RANGO,fec_mov anterior a la fundación del banco (posible error de migración)
TB_MOV_FINANCIEROS,MOV00134315,FECHA_FUERA_DE_RANGO,fec_mov anterior a la fundación del banco (posible error de migración)
TB_MOV_FINANCIEROS,MOV00152556,FECHA_FUERA_DE_RANGO,fec_mov anterior a la fundación del banco (posible error de migración)
TB_OBLIGACIONES,OBL012405,FECHA_FUERA_DE_RANGO,fec_desembolso posterior a la ventana de carga (posible error de reloj de origen)
TB_OBLIGACIONES,OBL020605,FECHA_FUERA_DE_RANGO,fec_desembolso posterior a la ventana de carga (posible error de reloj de origen)
TB_OBLIGACIONES,OBL015955,FECHA_FUERA_DE_RANGO,fec_desembolso posterior a la ventana de carga (posible error de reloj de origen)
TB_OBLIGACIONES,OBL020971,FECHA_FUERA_DE_RANGO,fec_desembolso posterior a la ventana de carga (posible error de reloj de origen)
TB_OBLIGACIONES,OBL018464,FECHA_FUERA_DE_RANGO,fec_desembolso posterior a la ventana de carga (posible error de reloj de origen)
TB_OBLIGACIONES,OBL002216,FECHA_FUERA_DE_RANGO,fec_desembolso posterior a la ventana de carga (posible error de reloj de origen)
TB_OBLIGACIONES,OBL015119,FECHA_FUERA_DE_RANGO,fec_desembolso posterior a la ventana de carga (posible error de reloj de origen)
TB_OBLIGACIONES,OBL021204,FECHA_FUERA_DE_RANGO,fec_desembolso posterior a la ventana de carga (posible error de reloj de origen)
TB_OBLIGACIONES,OBL001914,FECHA_FUERA_DE_RANGO,fec_desembolso posterior a la ventana de carga (posible error de reloj de origen)
TB_OBLIGACIONES,OBL020391,FECHA_FUERA_DE_RANGO,fec_desembolso posterior a la ventana de carga (posible error de reloj de origen)
TB_OBLIGACIONES,OBL020566,FECHA_FUERA_DE_RANGO,fec_desembolso posterior a la ventana de carga (posible error de reloj de origen)
TB_OBLIGACIONES,OBL026141,FECHA_FUERA_DE_RANGO,fec_desembolso posterior a la ventana de carga (posible error de reloj de origen)
TB_OBLIGACIONES,OBL010448,FECHA_FUERA_DE_RANGO,fec_desembolso posterior a la ventana de carga (posible error de reloj de origen)
TB_OBLIGACIONES,OBL014904,FECHA_FUERA_DE_RANGO,fec_desembolso posterior a la ventana de carga (posible error de reloj de origen)
TB_OBLIGACIONES,OBL016201,FECHA_FUERA_DE_RANGO,fec_desembolso posterior a la ventana de carga (posible error de reloj de origen)
TB_OBLIGACIONES,OBL010799,FECHA_FUERA_DE_RANGO,fec_desembolso posterior a la ventana de carga (posible error de reloj de origen)
TB_OBLIGACIONES,OBL003142,FECHA_FUERA_DE_RANGO,fec_desembolso posterior a la ventana de carga (posible error de reloj de origen)
TB_OBLIGACIONES,OBL023712,FECHA_FUERA_DE_RANGO,fec_desembolso posterior a la ventana de carga (posible error de reloj de origen)
TB_OBLIGACIONES,OBL023953,FECHA_FUERA_DE_RANGO,fec_desembolso posterior a la ventana de carga (posible error de reloj de origen)
TB_OBLIGACIONES,OBL011911,FECHA_FUERA_DE_RANGO,fec_desembolso posterior a la ventana de carga (posible error de reloj de origen)
TB_OBLIGACIONES,OBL010392,FECHA_FUERA_DE_RANGO,fec_desembolso posterior a la ventana de carga (posible error de reloj de origen)
TB_OBLIGACIONES,OBL028033,FECHA_FUERA_DE_RANGO,fec_desembolso posterior a la ventana de carga (posible error de reloj de origen)
TB_OBLIGACIONES,OBL021047,FECHA_FUERA_DE_RANGO,fec_desembolso posterior a la ventana de carga (posible error de reloj de origen)
TB_OBLIGACIONES,OBL013530,FECHA_FUERA_DE_RANGO,fec_desembolso posterior a la ventana de carga (posible error de reloj de origen)
TB_OBLIGACIONES,OBL003190,FECHA_FUERA_DE_RANGO,fec_desembolso posterior a la ventana de carga (posible error de reloj de origen)
TB_OBLIGACIONES,OBL000851,FECHA_FUERA_DE_RANGO,fec_desembolso posterior a la ventana de carga (posible error de reloj de origen)
TB_OBLIGACIONES,OBL001027,FECHA_FUERA_DE_RANGO,fec_desembolso posterior a la ventana de carga (posible error de reloj de origen)
TB_OBLIGACIONES,OBL027104,FECHA_FUERA_DE_RANGO,fec_desembolso posterior a la ventana de carga (posible error de reloj de origen)
TB_OBLIGACIONES,OBL001757,FECHA_FUERA_DE_RANGO,fec_desembolso posterior a la ventana de carga (posible error de reloj de origen)
TB_OBLIGACIONES,OBL014864,FECHA_FUERA_DE_RANGO,fec_desembolso posterior a la ventana de carga (posible error de reloj de origen)
TB_OBLIGACIONES,OBL017213,FECHA_FUERA_DE_RANGO,fec_desembolso anterior a la fundación del banco (posible error de migración)
TB_OBLIGACIONES,OBL024118,FECHA_FUERA_DE_RANGO,fec_desembolso anterior a la fundación del banco (posible error de migración)
TB_OBLIGACIONES,OBL017211,FECHA_FUERA_DE_RANGO,fec_desembolso anterior a la fundación del banco (posible error de migración)
TB_OBLIGACIONES,OBL004695,FECHA_FUERA_DE_RANGO,fec_desembolso anterior a la fundación del banco (posible error de migración)
TB_OBLIGACIONES,OBL016894,FECHA_FUERA_DE_RANGO,fec_desembolso anterior a la fundación del banco (posible error de migración)
TB_OBLIGACIONES,OBL020524,FECHA_FUERA_DE_RANGO,fec_desembolso anterior a la fundación del banco (posible error de migración)
TB_OBLIGACIONES,OBL000693,FECHA_FUERA_DE_RANGO,fec_desembolso anterior a la fundación del banco (posible error de migración)
TB_OBLIGACIONES,OBL011432,FECHA_FUERA_DE_RANGO,fec_desembolso anterior a la fundación del banco (posible error de migración)
TB_OBLIGACIONES,OBL018434,FECHA_FUERA_DE_RANGO,fec_desembolso anterior a la fundación del banco (posible error de migración)
TB_OBLIGACIONES,OBL019773,FECHA_FUERA_DE_RANGO,fec_desembolso anterior a la fundación del banco (posible error de migración)
TB_OBLIGACIONES,OBL009166,FECHA_FUERA_DE_RANGO,fec_desembolso anterior a la fundación del banco (posible error de migración)
TB_OBLIGACIONES,OBL023144,FECHA_FUERA_DE_RANGO,fec_desembolso anterior a la fundación del banco (posible error de migración)
TB_OBLIGACIONES,OBL004567,FECHA_FUERA_DE_RANGO,fec_desembolso anterior a la fundación del banco (posible error de migración)
TB_OBLIGACIONES,OBL018739,FECHA_FUERA_DE_RANGO,fec_desembolso anterior a la fundación del banco (posible error de migración)
TB_OBLIGACIONES,OBL003438,FECHA_FUERA_DE_RANGO,fec_desembolso anterior a la fundación del banco (posible error de migración)
TB_OBLIGACIONES,OBL010668,FECHA_FUERA_DE_RANGO,fec_desembolso anterior a la fundación del banco (posible error de migración)
TB_OBLIGACIONES,OBL021628,FECHA_FUERA_DE_RANGO,fec_desembolso anterior a la fundación del banco (posible error de migración)
TB_OBLIGACIONES,OBL021285,FECHA_FUERA_DE_RANGO,fec_desembolso anterior a la fundación del banco (posible error de migración)
TB_OBLIGACIONES,OBL018442,FECHA_FUERA_DE_RANGO,fec_desembolso anterior a la fundación del banco (posible error de migración)
TB_OBLIGACIONES,OBL013282,FECHA_FUERA_DE_RANGO,fec_desembolso anterior a la fundación del banco (posible error de migración)
TB_OBLIGACIONES,OBL026741,FECHA_FUERA_DE_RANGO,fec_desembolso anterior a la fundación del banco (posible error de migración)
TB_OBLIGACIONES,OBL010964,FECHA_FUERA_DE_RANGO,fec_desembolso anterior a la fundación del banco (posible error de migración)
TB_OBLIGACIONES,OBL012408,FECHA_FUERA_DE_RANGO,fec_desembolso anterior a la fundación del banco (posible error de migración)
TB_OBLIGACIONES,OBL026098,FECHA_FUERA_DE_RANGO,fec_desembolso anterior a la fundación del banco (posible error de migración)
TB_OBLIGACIONES,OBL026129,FECHA_FUERA_DE_RANGO,fec_desembolso anterior a la fundación del banco (posible error de migración)
TB_OBLIGACIONES,OBL025408,FECHA_FUERA_DE_RANGO,fec_desembolso anterior a la fundación del banco (posible error de migración)
TB_OBLIGACIONES,OBL001004,FECHA_FUERA_DE_RANGO,fec_desembolso anterior a la fundación del banco (posible error de migración)
TB_OBLIGACIONES,OBL025300,FECHA_FUERA_DE_RANGO,fec_desembolso anterior a la fundación del banco (posible error de migración)
TB_OBLIGACIONES,OBL015291,FECHA_FUERA_DE_RANGO,fec_desembolso anterior a la fundación del banco (posible error de migración)
TB_OBLIGACIONES,OBL007938,FECHA_FUERA_DE_RANGO,fec_desembolso anterior a la fundación del banco (posible error de migración)
TB_MOV_FINANCIEROS,MOV00392534,FK_HUERFANA,id_cli=CLI900000 no existe en TB_CLIENTES_CORE
TB_MOV_FINANCIEROS,MOV00050194,FK_HUERFANA,id_cli=CLI900001 no existe en TB_CLIENTES_CORE
TB_MOV_FINANCIEROS,MOV00287258,FK_HUERFANA,id_cli=CLI900002 no existe en TB_CLIENTES_CORE
TB_MOV_FINANCIEROS,MOV00137630,FK_HUERFANA,id_cli=CLI900003 no existe en TB_CLIENTES_CORE
TB_MOV_FINANCIEROS,MOV00296470,FK_HUERFANA,id_cli=CLI900004 no existe en TB_CLIENTES_CORE
TB_MOV_FINANCIEROS,MOV00002313,FK_HUERFANA,id_cli=CLI900005 no existe en TB_CLIENTES_CORE
TB_MOV_FINANCIEROS,MOV00154688,FK_HUERFANA,id_cli=CLI900006 no existe en TB_CLIENTES_CORE
TB_MOV_FINANCIEROS,MOV00298824,FK_HUERFANA,id_cli=CLI900007 no existe en TB_CLIENTES_CORE
TB_MOV_FINANCIEROS,MOV00497585,FK_HUERFANA,id_cli=CLI900008 no existe en TB_CLIENTES_CORE
TB_MOV_FINANCIEROS,MOV00399417,FK_HUERFANA,id_cli=CLI900009 no existe en TB_CLIENTES_CORE
TB_MOV_FINANCIEROS,MOV00091282,FK_HUERFANA,id_cli=CLI900010 no existe en TB_CLIENTES_CORE
TB_MOV_FINANCIEROS,MOV00141669,FK_HUERFANA,id_cli=CLI900011 no existe en TB_CLIENTES_CORE
TB_MOV_FINANCIEROS,MOV00176676,FK_HUERFANA,id_cli=CLI900012 no existe en TB_CLIENTES_CORE
TB_MOV_FINANCIEROS,MOV00047961,FK_HUERFANA,id_cli=CLI900013 no existe en TB_CLIENTES_CORE
TB_MOV_FINANCIEROS,MOV00011544,FK_HUERFANA,id_cli=CLI900014 no existe en TB_CLIENTES_CORE
TB_MOV_FINANCIEROS,MOV00063123,FK_HUERFANA,id_cli=CLI900015 no existe en TB_CLIENTES_CORE
TB_MOV_FINANCIEROS,MOV00030017,FK_HUERFANA,id_cli=CLI900016 no existe en TB_CLIENTES_CORE
TB_MOV_FINANCIEROS,MOV00491382,FK_HUERFANA,id_cli=CLI900017 no existe en TB_CLIENTES_CORE
TB_MOV_FINANCIEROS,MOV00280719,FK_HUERFANA,id_cli=CLI900018 no existe en TB_CLIENTES_CORE
TB_MOV_FINANCIEROS,MOV00474098,FK_HUERFANA,id_cli=CLI900019 no existe en TB_CLIENTES_CORE
TB_MOV_FINANCIEROS,MOV00408961,FK_HUERFANA,id_cli=CLI900020 no existe en TB_CLIENTES_CORE
TB_MOV_FINANCIEROS,MOV00257517,FK_HUERFANA,id_cli=CLI900021 no existe en TB_CLIENTES_CORE
TB_MOV_FINANCIEROS,MOV00346529,FK_HUERFANA,id_cli=CLI900022 no existe en TB_CLIENTES_CORE
TB_MOV_FINANCIEROS,MOV00485595,FK_HUERFANA,id_cli=CLI900023 no existe en TB_CLIENTES_CORE
TB_MOV_FINANCIEROS,MOV00328420,FK_HUERFANA,id_cli=CLI900024 no existe en TB_CLIENTES_CORE
TB_MOV_FINANCIEROS,MOV00123418,FK_HUERFANA,id_cli=CLI900025 no existe en TB_CLIENTES_CORE
TB_MOV_FINANCIEROS,MOV00337301,FK_HUERFANA,id_cli=CLI900026 no existe en TB_CLIENTES_CORE
TB_MOV_FINANCIEROS,MOV00075795,FK_HUERFANA,id_cli=CLI900027 no existe en TB_CLIENTES_CORE
TB_MOV_FINANCIEROS,MOV00060400,FK_HUERFANA,id_cli=CLI900028 no existe en TB_CLIENTES_CORE
TB_MOV_FINANCIEROS,MOV00455561,FK_HUERFANA,id_cli=CLI900029 no existe en TB_CLIENTES_CORE
TB_MOV_FINANCIEROS,MOV00099025,FK_HUERFANA,id_cli=CLI900030 no existe en TB_CLIENTES_CORE
TB_MOV_FINANCIEROS,MOV00222879,FK_HUERFANA,id_cli=CLI900031 no existe en TB_CLIENTES_CORE
TB_MOV_FINANCIEROS,MOV00272263,FK_HUERFANA,id_cli=CLI900032 no existe en TB_CLIENTES_CORE
TB_MOV_FINANCIEROS,MOV00422562,FK_HUERFANA,id_cli=CLI900033 no existe en TB_CLIENTES_CORE
TB_MOV_FINANCIEROS,MOV00013927,FK_HUERFANA,id_cli=CLI900034 no existe en TB_CLIENTES_CORE
TB_MOV_FINANCIEROS,MOV00382130,FK_HUERFANA,id_cli=CLI900035 no existe en TB_CLIENTES_CORE
TB_MOV_FINANCIEROS,MOV00069873,FK_HUERFANA,id_cli=CLI900036 no existe en TB_CLIENTES_CORE
TB_MOV_FINANCIEROS,MOV00042522,FK_HUERFANA,id_cli=CLI900037 no existe en TB_CLIENTES_CORE
TB_MOV_FINANCIEROS,MOV00067113,FK_HUERFANA,id_cli=CLI900038 no existe en TB_CLIENTES_CORE
TB_MOV_FINANCIEROS,MOV00329640,FK_HUERFANA,id_cli=CLI900039 no existe en TB_CLIENTES_CORE
TB_MOV_FINANCIEROS,MOV00468285,FK_HUERFANA,id_cli=CLI900040 no existe en TB_CLIENTES_CORE
TB_MOV_FINANCIEROS,MOV00349996,FK_HUERFANA,id_cli=CLI900041 no existe en TB_CLIENTES_CORE
TB_MOV_FINANCIEROS,MOV00058454,FK_HUERFANA,id_cli=CLI900042 no existe en TB_CLIENTES_CORE
TB_MOV_FINANCIEROS,MOV00226681,FK_HUERFANA,id_cli=CLI900043 no existe en TB_CLIENTES_CORE
TB_MOV_FINANCIEROS,MOV00241274,FK_HUERFANA,id_cli=CLI900044 no existe en TB_CLIENTES_CORE
TB_MOV_FINANCIEROS,MOV00116142,FK_HUERFANA,id_cli=CLI900045 no existe en TB_CLIENTES_CORE
TB_MOV_FINANCIEROS,MOV00487717,FK_HUERFANA,id_cli=CLI900046 no existe en TB_CLIENTES_CORE
TB_MOV_FINANCIEROS,MOV00251357,FK_HUERFANA,id_cli=CLI900047 no existe en TB_CLIENTES_CORE
TB_MOV_FINANCIEROS,MOV00450454,FK_HUERFANA,id_cli=CLI900048 no existe en TB_CLIENTES_CORE
TB_MOV_FINANCIEROS,MOV00090493,FK_HUERFANA,id_cli=CLI900049 no existe en TB_CLIENTES_CORE
TB_MOV_FINANCIEROS,MOV00116891,FK_HUERFANA,id_cli=CLI900050 no existe en TB_CLIENTES_CORE
TB_MOV_FINANCIEROS,MOV00257792,FK_HUERFANA,id_cli=CLI900051 no existe en TB_CLIENTES_CORE
TB_MOV_FINANCIEROS,MOV00250131,FK_HUERFANA,id_cli=CLI900052 no existe en TB_CLIENTES_CORE
TB_MOV_FINANCIEROS,MOV00268339,FK_HUERFANA,id_cli=CLI900053 no existe en TB_CLIENTES_CORE
TB_MOV_FINANCIEROS,MOV00225518,FK_HUERFANA,id_cli=CLI900054 no existe en TB_CLIENTES_CORE
TB_MOV_FINANCIEROS,MOV00404669,FK_HUERFANA,id_cli=CLI900055 no existe en TB_CLIENTES_CORE
TB_MOV_FINANCIEROS,MOV00409877,FK_HUERFANA,id_cli=CLI900056 no existe en TB_CLIENTES_CORE
TB_MOV_FINANCIEROS,MOV00079487,FK_HUERFANA,id_cli=CLI900057 no existe en TB_CLIENTES_CORE
TB_MOV_FINANCIEROS,MOV00224843,FK_HUERFANA,id_cli=CLI900058 no existe en TB_CLIENTES_CORE
TB_MOV_FINANCIEROS,MOV00140876,FK_HUERFANA,id_cli=CLI900059 no existe en TB_CLIENTES_CORE
TB_MOV_FINANCIEROS,MOV00154249,FK_HUERFANA,id_cli=CLI900060 no existe en TB_CLIENTES_CORE
TB_MOV_FINANCIEROS,MOV00486342,FK_HUERFANA,id_cli=CLI900061 no existe en TB_CLIENTES_CORE
TB_MOV_FINANCIEROS,MOV00422839,FK_HUERFANA,id_cli=CLI900062 no existe en TB_CLIENTES_CORE
TB_MOV_FINANCIEROS,MOV00199093,FK_HUERFANA,id_cli=CLI900063 no existe en TB_CLIENTES_CORE
TB_MOV_FINANCIEROS,MOV00256166,FK_HUERFANA,id_cli=CLI900064 no existe en TB_CLIENTES_CORE
TB_MOV_FINANCIEROS,MOV00476861,FK_HUERFANA,id_cli=CLI900065 no existe en TB_CLIENTES_CORE
TB_MOV_FINANCIEROS,MOV00254634,FK_HUERFANA,id_cli=CLI900066 no existe en TB_CLIENTES_CORE
TB_MOV_FINANCIEROS,MOV00422421,FK_HUERFANA,id_cli=CLI900067 no existe en TB_CLIENTES_CORE
TB_MOV_FINANCIEROS,MOV00043361,FK_HUERFANA,id_cli=CLI900068 no existe en TB_CLIENTES_CORE
TB_MOV_FINANCIEROS,MOV00344710,FK_HUERFANA,id_cli=CLI900069 no existe en TB_CLIENTES_CORE
TB_MOV_FINANCIEROS,MOV00231858,FK_HUERFANA,id_cli=CLI900070 no existe en TB_CLIENTES_CORE
TB_MOV_FINANCIEROS,MOV00487917,FK_HUERFANA,id_cli=CLI900071 no existe en TB_CLIENTES_CORE
TB_MOV_FINANCIEROS,MOV00196060,FK_HUERFANA,id_cli=CLI900072 no existe en TB_CLIENTES_CORE
TB_MOV_FINANCIEROS,MOV00493854,FK_HUERFANA,id_cli=CLI900073 no existe en TB_CLIENTES_CORE
TB_MOV_FINANCIEROS,MOV00289390,FK_HUERFANA,id_cli=CLI900074 no existe en TB_CLIENTES_CORE
TB_MOV_FINANCIEROS,MOV00095014,FK_HUERFANA,id_cli=CLI900075 no existe en TB_CLIENTES_CORE
TB_MOV_FINANCIEROS,MOV00072929,FK_HUERFANA,id_cli=CLI900076 no existe en TB_CLIENTES_CORE
TB_MOV_FINANCIEROS,MOV00401990,FK_HUERFANA,id_cli=CLI900077 no existe en TB_CLIENTES_CORE
TB_MOV_FINANCIEROS,MOV00151581,FK_HUERFANA,id_cli=CLI900078 no existe en TB_CLIENTES_CORE
TB_MOV_FINANCIEROS,MOV00125633,FK_HUERFANA,id_cli=CLI900079 no existe en TB_CLIENTES_CORE
TB_MOV_FINANCIEROS,MOV00199754,FK_HUERFANA,id_cli=CLI900080 no existe en TB_CLIENTES_CORE
TB_MOV_FINANCIEROS,MOV00162651,FK_HUERFANA,id_cli=CLI900081 no existe en TB_CLIENTES_CORE
TB_MOV_FINANCIEROS,MOV00179095,FK_HUERFANA,id_cli=CLI900082 no existe en TB_CLIENTES_CORE
TB_MOV_FINANCIEROS,MOV00426212,FK_HUERFANA,id_cli=CLI900083 no existe en TB_CLIENTES_CORE
TB_MOV_FINANCIEROS,MOV00042965,FK_HUERFANA,id_cli=CLI900084 no existe en TB_CLIENTES_CORE
TB_MOV_FINANCIEROS,MOV00154405,FK_HUERFANA,id_cli=CLI900085 no existe en TB_CLIENTES_CORE
TB_MOV_FINANCIEROS,MOV00389628,FK_HUERFANA,id_cli=CLI900086 no existe en TB_CLIENTES_CORE
TB_MOV_FINANCIEROS,MOV00054811,FK_HUERFANA,id_cli=CLI900087 no existe en TB_CLIENTES_CORE
TB_MOV_FINANCIEROS,MOV00089216,FK_HUERFANA,id_cli=CLI900088 no existe en TB_CLIENTES_CORE
TB_MOV_FINANCIEROS,MOV00242493,FK_HUERFANA,id_cli=CLI900089 no existe en TB_CLIENTES_CORE
TB_MOV_FINANCIEROS,MOV00496871,FK_HUERFANA,id_cli=CLI900090 no existe en TB_CLIENTES_CORE
TB_MOV_FINANCIEROS,MOV00370549,FK_HUERFANA,id_cli=CLI900091 no existe en TB_CLIENTES_CORE
TB_MOV_FINANCIEROS,MOV00230144,FK_HUERFANA,id_cli=CLI900092 no existe en TB_CLIENTES_CORE
TB_MOV_FINANCIEROS,MOV00466120,FK_HUERFANA,id_cli=CLI900093 no existe en TB_CLIENTES_CORE
TB_MOV_FINANCIEROS,MOV00208573,FK_HUERFANA,id_cli=CLI900094 no existe en TB_CLIENTES_CORE
TB_MOV_FINANCIEROS,MOV00428504,FK_HUERFANA,id_cli=CLI900095 no existe en TB_CLIENTES_CORE
TB_MOV_FINANCIEROS,MOV00465459,FK_HUERFANA,id_cli=CLI900096 no existe en TB_CLIENTES_CORE
TB_MOV_FINANCIEROS,MOV00255298,FK_HUERFANA,id_cli=CLI900097 no existe en TB_CLIENTES_CORE
TB_MOV_FINANCIEROS,MOV00306934,FK_HUERFANA,id_cli=CLI900098 no existe en TB_CLIENTES_CORE
TB_MOV_FINANCIEROS,MOV00046489,FK_HUERFANA,id_cli=CLI900099 no existe en TB_CLIENTES_CORE
TB_MOV_FINANCIEROS,MOV00200075,FK_HUERFANA,id_cli=CLI900100 no existe en TB_CLIENTES_CORE
TB_MOV_FINANCIEROS,MOV00110461,FK_HUERFANA,id_cli=CLI900101 no existe en TB_CLIENTES_CORE
TB_MOV_FINANCIEROS,MOV00164037,FK_HUERFANA,id_cli=CLI900102 no existe en TB_CLIENTES_CORE
TB_MOV_FINANCIEROS,MOV00149732,FK_HUERFANA,id_cli=CLI900103 no existe en TB_CLIENTES_CORE
TB_MOV_FINANCIEROS,MOV00491470,FK_HUERFANA,id_cli=CLI900104 no existe en TB_CLIENTES_CORE
TB_MOV_FINANCIEROS,MOV00445626,FK_HUERFANA,id_cli=CLI900105 no existe en TB_CLIENTES_CORE
TB_MOV_FINANCIEROS,MOV00370592,FK_HUERFANA,id_cli=CLI900106 no existe en TB_CLIENTES_CORE
TB_MOV_FINANCIEROS,MOV00493321,FK_HUERFANA,id_cli=CLI900107 no existe en TB_CLIENTES_CORE
TB_MOV_FINANCIEROS,MOV00023391,FK_HUERFANA,id_cli=CLI900108 no existe en TB_CLIENTES_CORE
TB_MOV_FINANCIEROS,MOV00206720,FK_HUERFANA,id_cli=CLI900109 no existe en TB_CLIENTES_CORE
TB_MOV_FINANCIEROS,MOV00149703,FK_HUERFANA,id_cli=CLI900110 no existe en TB_CLIENTES_CORE
TB_MOV_FINANCIEROS,MOV00252235,FK_HUERFANA,id_cli=CLI900111 no existe en TB_CLIENTES_CORE
TB_MOV_FINANCIEROS,MOV00314290,FK_HUERFANA,id_cli=CLI900112 no existe en TB_CLIENTES_CORE
TB_MOV_FINANCIEROS,MOV00448106,FK_HUERFANA,id_cli=CLI900113 no existe en TB_CLIENTES_CORE
TB_MOV_FINANCIEROS,MOV00322014,FK_HUERFANA,id_cli=CLI900114 no existe en TB_CLIENTES_CORE
TB_MOV_FINANCIEROS,MOV00396353,FK_HUERFANA,id_cli=CLI900115 no existe en TB_CLIENTES_CORE
TB_MOV_FINANCIEROS,MOV00442648,FK_HUERFANA,id_cli=CLI900116 no existe en TB_CLIENTES_CORE
TB_MOV_FINANCIEROS,MOV00465074,FK_HUERFANA,id_cli=CLI900117 no existe en TB_CLIENTES_CORE
TB_MOV_FINANCIEROS,MOV00189586,FK_HUERFANA,id_cli=CLI900118 no existe en TB_CLIENTES_CORE
TB_MOV_FINANCIEROS,MOV00190092,FK_HUERFANA,id_cli=CLI900119 no existe en TB_CLIENTES_CORE
TB_MOV_FINANCIEROS,MOV00000105,FK_HUERFANA,id_cli=CLI900120 no existe en TB_CLIENTES_CORE
TB_MOV_FINANCIEROS,MOV00167753,FK_HUERFANA,id_cli=CLI900121 no existe en TB_CLIENTES_CORE
TB_MOV_FINANCIEROS,MOV00264836,FK_HUERFANA,id_cli=CLI900122 no existe en TB_CLIENTES_CORE
TB_MOV_FINANCIEROS,MOV00357075,FK_HUERFANA,id_cli=CLI900123 no existe en TB_CLIENTES_CORE
TB_MOV_FINANCIEROS,MOV00375736,FK_HUERFANA,id_cli=CLI900124 no existe en TB_CLIENTES_CORE
TB_MOV_FINANCIEROS,MOV00047005,FK_HUERFANA,id_cli=CLI900125 no existe en TB_CLIENTES_CORE
TB_MOV_FINANCIEROS,MOV00354813,FK_HUERFANA,id_cli=CLI900126 no existe en TB_CLIENTES_CORE
TB_MOV_FINANCIEROS,MOV00057171,FK_HUERFANA,id_cli=CLI900127 no existe en TB_CLIENTES_CORE
TB_MOV_FINANCIEROS,MOV00086352,FK_HUERFANA,id_cli=CLI900128 no existe en TB_CLIENTES_CORE
TB_MOV_FINANCIEROS,MOV00397535,FK_HUERFANA,id_cli=CLI900129 no existe en TB_CLIENTES_CORE
TB_MOV_FINANCIEROS,MOV00279197,FK_HUERFANA,id_cli=CLI900130 no existe en TB_CLIENTES_CORE
TB_MOV_FINANCIEROS,MOV00294749,FK_HUERFANA,id_cli=CLI900131 no existe en TB_CLIENTES_CORE
TB_MOV_FINANCIEROS,MOV00224448,FK_HUERFANA,id_cli=CLI900132 no existe en TB_CLIENTES_CORE
TB_MOV_FINANCIEROS,MOV00098042,FK_HUERFANA,id_cli=CLI900133 no existe en TB_CLIENTES_CORE
TB_MOV_FINANCIEROS,MOV00046123,FK_HUERFANA,id_cli=CLI900134 no existe en TB_CLIENTES_CORE
TB_MOV_FINANCIEROS,MOV00367661,FK_HUERFANA,id_cli=CLI900135 no existe en TB_CLIENTES_CORE
TB_MOV_FINANCIEROS,MOV00222344,FK_HUERFANA,id_cli=CLI900136 no existe en TB_CLIENTES_CORE
TB_MOV_FINANCIEROS,MOV00454739,FK_HUERFANA,id_cli=CLI900137 no existe en TB_CLIENTES_CORE
TB_MOV_FINANCIEROS,MOV00174121,FK_HUERFANA,id_cli=CLI900138 no existe en TB_CLIENTES_CORE
TB_MOV_FINANCIEROS,MOV00164914,FK_HUERFANA,id_cli=CLI900139 no existe en TB_CLIENTES_CORE
TB_MOV_FINANCIEROS,MOV00032850,FK_HUERFANA,id_cli=CLI900140 no existe en TB_CLIENTES_CORE
TB_MOV_FINANCIEROS,MOV00042330,FK_HUERFANA,id_cli=CLI900141 no existe en TB_CLIENTES_CORE
TB_MOV_FINANCIEROS,MOV00223004,FK_HUERFANA,id_cli=CLI900142 no existe en TB_CLIENTES_CORE
TB_MOV_FINANCIEROS,MOV00445035,FK_HUERFANA,id_cli=CLI900143 no existe en TB_CLIENTES_CORE
TB_MOV_FINANCIEROS,MOV00356461,FK_HUERFANA,id_cli=CLI900144 no existe en TB_CLIENTES_CORE
TB_MOV_FINANCIEROS,MOV00105754,FK_HUERFANA,id_cli=CLI900145 no existe en TB_CLIENTES_CORE
TB_MOV_FINANCIEROS,MOV00080824,FK_HUERFANA,id_cli=CLI900146 no existe en TB_CLIENTES_CORE
TB_MOV_FINANCIEROS,MOV00483949,FK_HUERFANA,id_cli=CLI900147 no existe en TB_CLIENTES_CORE
TB_MOV_FINANCIEROS,MOV00497573,FK_HUERFANA,id_cli=CLI900148 no existe en TB_CLIENTES_CORE
TB_MOV_FINANCIEROS,MOV00012882,FK_HUERFANA,id_cli=CLI900149 no existe en TB_CLIENTES_CORE
TB_MOV_FINANCIEROS,MOV00470310,FK_HUERFANA,id_cli=CLI900150 no existe en TB_CLIENTES_CORE
TB_MOV_FINANCIEROS,MOV00134296,FK_HUERFANA,id_cli=CLI900151 no existe en TB_CLIENTES_CORE
TB_MOV_FINANCIEROS,MOV00020536,FK_HUERFANA,id_cli=CLI900152 no existe en TB_CLIENTES_CORE
TB_MOV_FINANCIEROS,MOV00482886,FK_HUERFANA,id_cli=CLI900153 no existe en TB_CLIENTES_CORE
TB_MOV_FINANCIEROS,MOV00138165,FK_HUERFANA,id_cli=CLI900154 no existe en TB_CLIENTES_CORE
TB_MOV_FINANCIEROS,MOV00006300,FK_HUERFANA,id_cli=CLI900155 no existe en TB_CLIENTES_CORE
TB_MOV_FINANCIEROS,MOV00006796,FK_HUERFANA,id_cli=CLI900156 no existe en TB_CLIENTES_CORE
TB_MOV_FINANCIEROS,MOV00413397,FK_HUERFANA,id_cli=CLI900157 no existe en TB_CLIENTES_CORE
TB_MOV_FINANCIEROS,MOV00387899,FK_HUERFANA,id_cli=CLI900158 no existe en TB_CLIENTES_CORE
TB_MOV_FINANCIEROS,MOV00348538,FK_HUERFANA,id_cli=CLI900159 no existe en TB_CLIENTES_CORE
TB_MOV_FINANCIEROS,MOV00143410,FK_HUERFANA,id_cli=CLI900160 no existe en TB_CLIENTES_CORE
TB_MOV_FINANCIEROS,MOV00250568,FK_HUERFANA,id_cli=CLI900161 no existe en TB_CLIENTES_CORE
TB_MOV_FINANCIEROS,MOV00167206,FK_HUERFANA,id_cli=CLI900162 no existe en TB_CLIENTES_CORE
TB_MOV_FINANCIEROS,MOV00494272,FK_HUERFANA,id_cli=CLI900163 no existe en TB_CLIENTES_CORE
TB_MOV_FINANCIEROS,MOV00211633,FK_HUERFANA,id_cli=CLI900164 no existe en TB_CLIENTES_CORE
TB_MOV_FINANCIEROS,MOV00096642,FK_HUERFANA,id_cli=CLI900165 no existe en TB_CLIENTES_CORE
TB_MOV_FINANCIEROS,MOV00285675,FK_HUERFANA,id_cli=CLI900166 no existe en TB_CLIENTES_CORE
TB_MOV_FINANCIEROS,MOV00413666,FK_HUERFANA,id_cli=CLI900167 no existe en TB_CLIENTES_CORE
TB_MOV_FINANCIEROS,MOV00145675,FK_HUERFANA,id_cli=CLI900168 no existe en TB_CLIENTES_CORE
TB_MOV_FINANCIEROS,MOV00439603,FK_HUERFANA,id_cli=CLI900169 no existe en TB_CLIENTES_CORE
TB_MOV_FINANCIEROS,MOV00274357,FK_HUERFANA,id_cli=CLI900170 no existe en TB_CLIENTES_CORE
TB_MOV_FINANCIEROS,MOV00199448,FK_HUERFANA,id_cli=CLI900171 no existe en TB_CLIENTES_CORE
TB_MOV_FINANCIEROS,MOV00325235,FK_HUERFANA,id_cli=CLI900172 no existe en TB_CLIENTES_CORE
TB_MOV_FINANCIEROS,MOV00321833,FK_HUERFANA,id_cli=CLI900173 no existe en TB_CLIENTES_CORE
TB_MOV_FINANCIEROS,MOV00367994,FK_HUERFANA,id_cli=CLI900174 no existe en TB_CLIENTES_CORE
TB_MOV_FINANCIEROS,MOV00241506,FK_HUERFANA,id_cli=CLI900175 no existe en TB_CLIENTES_CORE
TB_MOV_FINANCIEROS,MOV00346748,FK_HUERFANA,id_cli=CLI900176 no existe en TB_CLIENTES_CORE
TB_MOV_FINANCIEROS,MOV00006397,FK_HUERFANA,id_cli=CLI900177 no existe en TB_CLIENTES_CORE
TB_MOV_FINANCIEROS,MOV00272365,FK_HUERFANA,id_cli=CLI900178 no existe en TB_CLIENTES_CORE
TB_MOV_FINANCIEROS,MOV00270409,FK_HUERFANA,id_cli=CLI900179 no existe en TB_CLIENTES_CORE
TB_MOV_FINANCIEROS,MOV00348171,FK_HUERFANA,id_cli=CLI900180 no existe en TB_CLIENTES_CORE
TB_MOV_FINANCIEROS,MOV00480895,FK_HUERFANA,id_cli=CLI900181 no existe en TB_CLIENTES_CORE
TB_MOV_FINANCIEROS,MOV00038218,FK_HUERFANA,id_cli=CLI900182 no existe en TB_CLIENTES_CORE
TB_MOV_FINANCIEROS,MOV00101320,FK_HUERFANA,id_cli=CLI900183 no existe en TB_CLIENTES_CORE
TB_MOV_FINANCIEROS,MOV00178923,FK_HUERFANA,id_cli=CLI900184 no existe en TB_CLIENTES_CORE
TB_MOV_FINANCIEROS,MOV00277720,FK_HUERFANA,id_cli=CLI900185 no existe en TB_CLIENTES_CORE
TB_MOV_FINANCIEROS,MOV00095577,FK_HUERFANA,id_cli=CLI900186 no existe en TB_CLIENTES_CORE
TB_MOV_FINANCIEROS,MOV00484168,FK_HUERFANA,id_cli=CLI900187 no existe en TB_CLIENTES_CORE
TB_MOV_FINANCIEROS,MOV00403861,FK_HUERFANA,id_cli=CLI900188 no existe en TB_CLIENTES_CORE
TB_MOV_FINANCIEROS,MOV00475162,FK_HUERFANA,id_cli=CLI900189 no existe en TB_CLIENTES_CORE
TB_MOV_FINANCIEROS,MOV00112843,FK_HUERFANA,id_cli=CLI900190 no existe en TB_CLIENTES_CORE
TB_MOV_FINANCIEROS,MOV00210064,FK_HUERFANA,id_cli=CLI900191 no existe en TB_CLIENTES_CORE
TB_MOV_FINANCIEROS,MOV00264425,FK_HUERFANA,id_cli=CLI900192 no existe en TB_CLIENTES_CORE
TB_MOV_FINANCIEROS,MOV00236852,FK_HUERFANA,id_cli=CLI900193 no existe en TB_CLIENTES_CORE
TB_MOV_FINANCIEROS,MOV00282043,FK_HUERFANA,id_cli=CLI900194 no existe en TB_CLIENTES_CORE
TB_MOV_FINANCIEROS,MOV00401907,FK_HUERFANA,id_cli=CLI900195 no existe en TB_CLIENTES_CORE
TB_MOV_FINANCIEROS,MOV00072776,FK_HUERFANA,id_cli=CLI900196 no existe en TB_CLIENTES_CORE
TB_MOV_FINANCIEROS,MOV00215391,FK_HUERFANA,id_cli=CLI900197 no existe en TB_CLIENTES_CORE
TB_MOV_FINANCIEROS,MOV00255873,FK_HUERFANA,id_cli=CLI900198 no existe en TB_CLIENTES_CORE
TB_MOV_FINANCIEROS,MOV00452688,FK_HUERFANA,id_cli=CLI900199 no existe en TB_CLIENTES_CORE
TB_MOV_FINANCIEROS,MOV00399770,FK_HUERFANA,id_cli=CLI900200 no existe en TB_CLIENTES_CORE
TB_MOV_FINANCIEROS,MOV00442849,FK_HUERFANA,id_cli=CLI900201 no existe en TB_CLIENTES_CORE
TB_MOV_FINANCIEROS,MOV00458044,FK_HUERFANA,id_cli=CLI900202 no existe en TB_CLIENTES_CORE
TB_MOV_FINANCIEROS,MOV00028785,FK_HUERFANA,id_cli=CLI900203 no existe en TB_CLIENTES_CORE
TB_MOV_FINANCIEROS,MOV00321152,FK_HUERFANA,id_cli=CLI900204 no existe en TB_CLIENTES_CORE
TB_MOV_FINANCIEROS,MOV00096129,FK_HUERFANA,id_cli=CLI900205 no existe en TB_CLIENTES_CORE
TB_MOV_FINANCIEROS,MOV00313256,FK_HUERFANA,id_cli=CLI900206 no existe en TB_CLIENTES_CORE
TB_MOV_FINANCIEROS,MOV00216684,FK_HUERFANA,id_cli=CLI900207 no existe en TB_CLIENTES_CORE
TB_MOV_FINANCIEROS,MOV00309939,FK_HUERFANA,id_cli=CLI900208 no existe en TB_CLIENTES_CORE
TB_MOV_FINANCIEROS,MOV00123194,FK_HUERFANA,id_cli=CLI900209 no existe en TB_CLIENTES_CORE
TB_MOV_FINANCIEROS,MOV00299803,FK_HUERFANA,id_cli=CLI900210 no existe en TB_CLIENTES_CORE
TB_MOV_FINANCIEROS,MOV00344393,FK_HUERFANA,id_cli=CLI900211 no existe en TB_CLIENTES_CORE
TB_MOV_FINANCIEROS,MOV00147067,FK_HUERFANA,id_cli=CLI900212 no existe en TB_CLIENTES_CORE
TB_MOV_FINANCIEROS,MOV00027041,FK_HUERFANA,id_cli=CLI900213 no existe en TB_CLIENTES_CORE
TB_MOV_FINANCIEROS,MOV00250878,FK_HUERFANA,id_cli=CLI900214 no existe en TB_CLIENTES_CORE
TB_MOV_FINANCIEROS,MOV00271959,FK_HUERFANA,id_cli=CLI900215 no existe en TB_CLIENTES_CORE
TB_MOV_FINANCIEROS,MOV00023462,FK_HUERFANA,id_cli=CLI900216 no existe en TB_CLIENTES_CORE
TB_MOV_FINANCIEROS,MOV00469662,FK_HUERFANA,id_cli=CLI900217 no existe en TB_CLIENTES_CORE
TB_MOV_FINANCIEROS,MOV00374924,FK_HUERFANA,id_cli=CLI900218 no existe en TB_CLIENTES_CORE
TB_MOV_FINANCIEROS,MOV00294894,FK_HUERFANA,id_cli=CLI900219 no existe en TB_CLIENTES_CORE
TB_MOV_FINANCIEROS,MOV00244291,FK_HUERFANA,id_cli=CLI900220 no existe en TB_CLIENTES_CORE
TB_MOV_FINANCIEROS,MOV00339616,FK_HUERFANA,id_cli=CLI900221 no existe en TB_CLIENTES_CORE
TB_MOV_FINANCIEROS,MOV00457409,FK_HUERFANA,id_cli=CLI900222 no existe en TB_CLIENTES_CORE
TB_MOV_FINANCIEROS,MOV00240933,FK_HUERFANA,id_cli=CLI900223 no existe en TB_CLIENTES_CORE
TB_MOV_FINANCIEROS,MOV00203219,FK_HUERFANA,id_cli=CLI900224 no existe en TB_CLIENTES_CORE
TB_MOV_FINANCIEROS,MOV00086737,FK_HUERFANA,id_cli=CLI900225 no existe en TB_CLIENTES_CORE
TB_MOV_FINANCIEROS,MOV00059478,FK_HUERFANA,id_cli=CLI900226 no existe en TB_CLIENTES_CORE
TB_MOV_FINANCIEROS,MOV00240225,FK_HUERFANA,id_cli=CLI900227 no existe en TB_CLIENTES_CORE
TB_MOV_FINANCIEROS,MOV00106616,FK_HUERFANA,id_cli=CLI900228 no existe en TB_CLIENTES_CORE
TB_MOV_FINANCIEROS,MOV00294872,FK_HUERFANA,id_cli=CLI900229 no existe en TB_CLIENTES_CORE
TB_MOV_FINANCIEROS,MOV00356944,FK_HUERFANA,id_cli=CLI900230 no existe en TB_CLIENTES_CORE
TB_MOV_FINANCIEROS,MOV00474587,FK_HUERFANA,id_cli=CLI900231 no existe en TB_CLIENTES_CORE
TB_MOV_FINANCIEROS,MOV00077726,FK_HUERFANA,id_cli=CLI900232 no existe en TB_CLIENTES_CORE
TB_MOV_FINANCIEROS,MOV00089777,FK_HUERFANA,id_cli=CLI900233 no existe en TB_CLIENTES_CORE
TB_MOV_FINANCIEROS,MOV00210717,FK_HUERFANA,id_cli=CLI900234 no existe en TB_CLIENTES_CORE
TB_MOV_FINANCIEROS,MOV00306659,FK_HUERFANA,id_cli=CLI900235 no existe en TB_CLIENTES_CORE
TB_MOV_FINANCIEROS,MOV00132810,FK_HUERFANA,id_cli=CLI900236 no existe en TB_CLIENTES_CORE
TB_MOV_FINANCIEROS,MOV00205295,FK_HUERFANA,id_cli=CLI900237 no existe en TB_CLIENTES_CORE
TB_MOV_FINANCIEROS,MOV00179212,FK_HUERFANA,id_cli=CLI900238 no existe en TB_CLIENTES_CORE
TB_MOV_FINANCIEROS,MOV00080300,FK_HUERFANA,id_cli=CLI900239 no existe en TB_CLIENTES_CORE
TB_MOV_FINANCIEROS,MOV00023457,FK_HUERFANA,id_cli=CLI900240 no existe en TB_CLIENTES_CORE
TB_MOV_FINANCIEROS,MOV00351359,FK_HUERFANA,id_cli=CLI900241 no existe en TB_CLIENTES_CORE
TB_MOV_FINANCIEROS,MOV00236419,FK_HUERFANA,id_cli=CLI900242 no existe en TB_CLIENTES_CORE
TB_MOV_FINANCIEROS,MOV00493543,FK_HUERFANA,id_cli=CLI900243 no existe en TB_CLIENTES_CORE
TB_MOV_FINANCIEROS,MOV00354418,FK_HUERFANA,id_cli=CLI900244 no existe en TB_CLIENTES_CORE
TB_MOV_FINANCIEROS,MOV00269951,FK_HUERFANA,id_cli=CLI900245 no existe en TB_CLIENTES_CORE
TB_MOV_FINANCIEROS,MOV00157396,FK_HUERFANA,id_cli=CLI900246 no existe en TB_CLIENTES_CORE
TB_MOV_FINANCIEROS,MOV00140099,FK_HUERFANA,id_cli=CLI900247 no existe en TB_CLIENTES_CORE
TB_MOV_FINANCIEROS,MOV00229025,FK_HUERFANA,id_cli=CLI900248 no existe en TB_CLIENTES_CORE
TB_MOV_FINANCIEROS,MOV00334092,FK_HUERFANA,id_cli=CLI900249 no existe en TB_CLIENTES_CORE
TB_MOV_FINANCIEROS,MOV00183872,FK_HUERFANA,id_cli=CLI900250 no existe en TB_CLIENTES_CORE
TB_MOV_FINANCIEROS,MOV00496280,FK_HUERFANA,id_cli=CLI900251 no existe en TB_CLIENTES_CORE
TB_MOV_FINANCIEROS,MOV00148864,FK_HUERFANA,id_cli=CLI900252 no existe en TB_CLIENTES_CORE
TB_MOV_FINANCIEROS,MOV00162902,FK_HUERFANA,id_cli=CLI900253 no existe en TB_CLIENTES_CORE
TB_MOV_FINANCIEROS,MOV00389906,FK_HUERFANA,id_cli=CLI900254 no existe en TB_CLIENTES_CORE
TB_MOV_FINANCIEROS,MOV00406430,FK_HUERFANA,id_cli=CLI900255 no existe en TB_CLIENTES_CORE
TB_MOV_FINANCIEROS,MOV00189597,FK_HUERFANA,id_cli=CLI900256 no existe en TB_CLIENTES_CORE
TB_MOV_FINANCIEROS,MOV00373579,FK_HUERFANA,id_cli=CLI900257 no existe en TB_CLIENTES_CORE
TB_MOV_FINANCIEROS,MOV00142810,FK_HUERFANA,id_cli=CLI900258 no existe en TB_CLIENTES_CORE
TB_MOV_FINANCIEROS,MOV00363452,FK_HUERFANA,id_cli=CLI900259 no existe en TB_CLIENTES_CORE
TB_MOV_FINANCIEROS,MOV00276846,FK_HUERFANA,id_cli=CLI900260 no existe en TB_CLIENTES_CORE
TB_MOV_FINANCIEROS,MOV00422867,FK_HUERFANA,id_cli=CLI900261 no existe en TB_CLIENTES_CORE
TB_MOV_FINANCIEROS,MOV00162073,FK_HUERFANA,id_cli=CLI900262 no existe en TB_CLIENTES_CORE
TB_MOV_FINANCIEROS,MOV00338378,FK_HUERFANA,id_cli=CLI900263 no existe en TB_CLIENTES_CORE
TB_MOV_FINANCIEROS,MOV00437215,FK_HUERFANA,id_cli=CLI900264 no existe en TB_CLIENTES_CORE
TB_MOV_FINANCIEROS,MOV00328015,FK_HUERFANA,id_cli=CLI900265 no existe en TB_CLIENTES_CORE
TB_MOV_FINANCIEROS,MOV00081957,FK_HUERFANA,id_cli=CLI900266 no existe en TB_CLIENTES_CORE
TB_MOV_FINANCIEROS,MOV00101951,FK_HUERFANA,id_cli=CLI900267 no existe en TB_CLIENTES_CORE
TB_MOV_FINANCIEROS,MOV00085460,FK_HUERFANA,id_cli=CLI900268 no existe en TB_CLIENTES_CORE
TB_MOV_FINANCIEROS,MOV00493443,FK_HUERFANA,id_cli=CLI900269 no existe en TB_CLIENTES_CORE
TB_MOV_FINANCIEROS,MOV00322322,FK_HUERFANA,id_cli=CLI900270 no existe en TB_CLIENTES_CORE
TB_MOV_FINANCIEROS,MOV00094648,FK_HUERFANA,id_cli=CLI900271 no existe en TB_CLIENTES_CORE
TB_MOV_FINANCIEROS,MOV00481495,FK_HUERFANA,id_cli=CLI900272 no existe en TB_CLIENTES_CORE
TB_MOV_FINANCIEROS,MOV00471674,FK_HUERFANA,id_cli=CLI900273 no existe en TB_CLIENTES_CORE
TB_MOV_FINANCIEROS,MOV00189253,FK_HUERFANA,id_cli=CLI900274 no existe en TB_CLIENTES_CORE
TB_MOV_FINANCIEROS,MOV00351728,FK_HUERFANA,id_cli=CLI900275 no existe en TB_CLIENTES_CORE
TB_MOV_FINANCIEROS,MOV00442782,FK_HUERFANA,id_cli=CLI900276 no existe en TB_CLIENTES_CORE
TB_MOV_FINANCIEROS,MOV00466477,FK_HUERFANA,id_cli=CLI900277 no existe en TB_CLIENTES_CORE
TB_MOV_FINANCIEROS,MOV00049207,FK_HUERFANA,id_cli=CLI900278 no existe en TB_CLIENTES_CORE
TB_MOV_FINANCIEROS,MOV00320257,FK_HUERFANA,id_cli=CLI900279 no existe en TB_CLIENTES_CORE
TB_MOV_FINANCIEROS,MOV00032824,FK_HUERFANA,id_cli=CLI900280 no existe en TB_CLIENTES_CORE
TB_MOV_FINANCIEROS,MOV00132650,FK_HUERFANA,id_cli=CLI900281 no existe en TB_CLIENTES_CORE
TB_MOV_FINANCIEROS,MOV00447924,FK_HUERFANA,id_cli=CLI900282 no existe en TB_CLIENTES_CORE
TB_MOV_FINANCIEROS,MOV00223092,FK_HUERFANA,id_cli=CLI900283 no existe en TB_CLIENTES_CORE
TB_MOV_FINANCIEROS,MOV00096557,FK_HUERFANA,id_cli=CLI900284 no existe en TB_CLIENTES_CORE
TB_MOV_FINANCIEROS,MOV00480534,FK_HUERFANA,id_cli=CLI900285 no existe en TB_CLIENTES_CORE
TB_MOV_FINANCIEROS,MOV00444269,FK_HUERFANA,id_cli=CLI900286 no existe en TB_CLIENTES_CORE
TB_MOV_FINANCIEROS,MOV00018548,FK_HUERFANA,id_cli=CLI900287 no existe en TB_CLIENTES_CORE
TB_MOV_FINANCIEROS,MOV00222157,FK_HUERFANA,id_cli=CLI900288 no existe en TB_CLIENTES_CORE
TB_MOV_FINANCIEROS,MOV00132478,FK_HUERFANA,id_cli=CLI900289 no existe en TB_CLIENTES_CORE
TB_MOV_FINANCIEROS,MOV00376110,FK_HUERFANA,id_cli=CLI900290 no existe en TB_CLIENTES_CORE
TB_MOV_FINANCIEROS,MOV00096857,FK_HUERFANA,id_cli=CLI900291 no existe en TB_CLIENTES_CORE
TB_MOV_FINANCIEROS,MOV00365716,FK_HUERFANA,id_cli=CLI900292 no existe en TB_CLIENTES_CORE
TB_MOV_FINANCIEROS,MOV00192578,FK_HUERFANA,id_cli=CLI900293 no existe en TB_CLIENTES_CORE
TB_MOV_FINANCIEROS,MOV00411968,FK_HUERFANA,id_cli=CLI900294 no existe en TB_CLIENTES_CORE
TB_MOV_FINANCIEROS,MOV00204620,FK_HUERFANA,id_cli=CLI900295 no existe en TB_CLIENTES_CORE
TB_MOV_FINANCIEROS,MOV00323980,FK_HUERFANA,id_cli=CLI900296 no existe en TB_CLIENTES_CORE
TB_MOV_FINANCIEROS,MOV00480402,FK_HUERFANA,id_cli=CLI900297 no existe en TB_CLIENTES_CORE
TB_MOV_FINANCIEROS,MOV00243808,FK_HUERFANA,id_cli=CLI900298 no existe en TB_CLIENTES_CORE
TB_MOV_FINANCIEROS,MOV00402761,FK_HUERFANA,id_cli=CLI900299 no existe en TB_CLIENTES_CORE
TB_MOV_FINANCIEROS,MOV00028356,FK_HUERFANA,id_cli=CLI900300 no existe en TB_CLIENTES_CORE
TB_MOV_FINANCIEROS,MOV00215268,FK_HUERFANA,id_cli=CLI900301 no existe en TB_CLIENTES_CORE
TB_MOV_FINANCIEROS,MOV00427681,FK_HUERFANA,id_cli=CLI900302 no existe en TB_CLIENTES_CORE
TB_MOV_FINANCIEROS,MOV00069926,FK_HUERFANA,id_cli=CLI900303 no existe en TB_CLIENTES_CORE
TB_MOV_FINANCIEROS,MOV00468218,FK_HUERFANA,id_cli=CLI900304 no existe en TB_CLIENTES_CORE
TB_MOV_FINANCIEROS,MOV00463955,FK_HUERFANA,id_cli=CLI900305 no existe en TB_CLIENTES_CORE
TB_MOV_FINANCIEROS,MOV00371852,FK_HUERFANA,id_cli=CLI900306 no existe en TB_CLIENTES_CORE
TB_MOV_FINANCIEROS,MOV00249545,FK_HUERFANA,id_cli=CLI900307 no existe en TB_CLIENTES_CORE
TB_MOV_FINANCIEROS,MOV00130854,FK_HUERFANA,id_cli=CLI900308 no existe en TB_CLIENTES_CORE
TB_MOV_FINANCIEROS,MOV00126865,FK_HUERFANA,id_cli=CLI900309 no existe en TB_CLIENTES_CORE
TB_MOV_FINANCIEROS,MOV00026858,FK_HUERFANA,id_cli=CLI900310 no existe en TB_CLIENTES_CORE
TB_MOV_FINANCIEROS,MOV00337347,FK_HUERFANA,id_cli=CLI900311 no existe en TB_CLIENTES_CORE
TB_MOV_FINANCIEROS,MOV00107409,FK_HUERFANA,id_cli=CLI900312 no existe en TB_CLIENTES_CORE
TB_MOV_FINANCIEROS,MOV00453806,FK_HUERFANA,id_cli=CLI900313 no existe en TB_CLIENTES_CORE
TB_MOV_FINANCIEROS,MOV00250709,FK_HUERFANA,id_cli=CLI900314 no existe en TB_CLIENTES_CORE
TB_MOV_FINANCIEROS,MOV00137781,FK_HUERFANA,id_cli=CLI900315 no existe en TB_CLIENTES_CORE
TB_MOV_FINANCIEROS,MOV00167788,FK_HUERFANA,id_cli=CLI900316 no existe en TB_CLIENTES_CORE
TB_MOV_FINANCIEROS,MOV00250900,FK_HUERFANA,id_cli=CLI900317 no existe en TB_CLIENTES_CORE
TB_MOV_FINANCIEROS,MOV00350036,FK_HUERFANA,id_cli=CLI900318 no existe en TB_CLIENTES_CORE
TB_MOV_FINANCIEROS,MOV00457947,FK_HUERFANA,id_cli=CLI900319 no existe en TB_CLIENTES_CORE
TB_MOV_FINANCIEROS,MOV00236429,FK_HUERFANA,id_cli=CLI900320 no existe en TB_CLIENTES_CORE
TB_MOV_FINANCIEROS,MOV00120933,FK_HUERFANA,id_cli=CLI900321 no existe en TB_CLIENTES_CORE
TB_MOV_FINANCIEROS,MOV00420014,FK_HUERFANA,id_cli=CLI900322 no existe en TB_CLIENTES_CORE
TB_MOV_FINANCIEROS,MOV00214517,FK_HUERFANA,id_cli=CLI900323 no existe en TB_CLIENTES_CORE
TB_MOV_FINANCIEROS,MOV00328303,FK_HUERFANA,id_cli=CLI900324 no existe en TB_CLIENTES_CORE
TB_MOV_FINANCIEROS,MOV00106778,FK_HUERFANA,id_cli=CLI900325 no existe en TB_CLIENTES_CORE
TB_MOV_FINANCIEROS,MOV00211997,FK_HUERFANA,id_cli=CLI900326 no existe en TB_CLIENTES_CORE
TB_MOV_FINANCIEROS,MOV00335652,FK_HUERFANA,id_cli=CLI900327 no existe en TB_CLIENTES_CORE
TB_MOV_FINANCIEROS,MOV00213707,FK_HUERFANA,id_cli=CLI900328 no existe en TB_CLIENTES_CORE
TB_MOV_FINANCIEROS,MOV00178304,FK_HUERFANA,id_cli=CLI900329 no existe en TB_CLIENTES_CORE
TB_MOV_FINANCIEROS,MOV00383737,FK_HUERFANA,id_cli=CLI900330 no existe en TB_CLIENTES_CORE
TB_MOV_FINANCIEROS,MOV00210997,FK_HUERFANA,id_cli=CLI900331 no existe en TB_CLIENTES_CORE
TB_MOV_FINANCIEROS,MOV00348835,FK_HUERFANA,id_cli=CLI900332 no existe en TB_CLIENTES_CORE
TB_MOV_FINANCIEROS,MOV00196386,FK_HUERFANA,id_cli=CLI900333 no existe en TB_CLIENTES_CORE
TB_MOV_FINANCIEROS,MOV00461000,FK_HUERFANA,id_cli=CLI900334 no existe en TB_CLIENTES_CORE
TB_MOV_FINANCIEROS,MOV00039195,FK_HUERFANA,id_cli=CLI900335 no existe en TB_CLIENTES_CORE
TB_MOV_FINANCIEROS,MOV00154719,FK_HUERFANA,id_cli=CLI900336 no existe en TB_CLIENTES_CORE
TB_MOV_FINANCIEROS,MOV00486471,FK_HUERFANA,id_cli=CLI900337 no existe en TB_CLIENTES_CORE
TB_MOV_FINANCIEROS,MOV00289627,FK_HUERFANA,id_cli=CLI900338 no existe en TB_CLIENTES_CORE
TB_MOV_FINANCIEROS,MOV00494331,FK_HUERFANA,id_cli=CLI900339 no existe en TB_CLIENTES_CORE
TB_MOV_FINANCIEROS,MOV00343768,FK_HUERFANA,id_cli=CLI900340 no existe en TB_CLIENTES_CORE
TB_MOV_FINANCIEROS,MOV00478849,FK_HUERFANA,id_cli=CLI900341 no existe en TB_CLIENTES_CORE
TB_MOV_FINANCIEROS,MOV00202797,FK_HUERFANA,id_cli=CLI900342 no existe en TB_CLIENTES_CORE
TB_MOV_FINANCIEROS,MOV00305619,FK_HUERFANA,id_cli=CLI900343 no existe en TB_CLIENTES_CORE
TB_MOV_FINANCIEROS,MOV00247133,FK_HUERFANA,id_cli=CLI900344 no existe en TB_CLIENTES_CORE
TB_MOV_FINANCIEROS,MOV00167545,FK_HUERFANA,id_cli=CLI900345 no existe en TB_CLIENTES_CORE
TB_MOV_FINANCIEROS,MOV00164474,FK_HUERFANA,id_cli=CLI900346 no existe en TB_CLIENTES_CORE
TB_MOV_FINANCIEROS,MOV00246232,FK_HUERFANA,id_cli=CLI900347 no existe en TB_CLIENTES_CORE
TB_MOV_FINANCIEROS,MOV00308097,FK_HUERFANA,id_cli=CLI900348 no existe en TB_CLIENTES_CORE
TB_MOV_FINANCIEROS,MOV00028043,FK_HUERFANA,id_cli=CLI900349 no existe en TB_CLIENTES_CORE
TB_MOV_FINANCIEROS,MOV00335914,FK_HUERFANA,id_cli=CLI900350 no existe en TB_CLIENTES_CORE
TB_MOV_FINANCIEROS,MOV00483601,FK_HUERFANA,id_cli=CLI900351 no existe en TB_CLIENTES_CORE
TB_MOV_FINANCIEROS,MOV00459522,FK_HUERFANA,id_cli=CLI900352 no existe en TB_CLIENTES_CORE
TB_MOV_FINANCIEROS,MOV00399813,FK_HUERFANA,id_cli=CLI900353 no existe en TB_CLIENTES_CORE
TB_MOV_FINANCIEROS,MOV00132464,FK_HUERFANA,id_cli=CLI900354 no existe en TB_CLIENTES_CORE
TB_MOV_FINANCIEROS,MOV00221441,FK_HUERFANA,id_cli=CLI900355 no existe en TB_CLIENTES_CORE
TB_MOV_FINANCIEROS,MOV00298135,FK_HUERFANA,id_cli=CLI900356 no existe en TB_CLIENTES_CORE
TB_MOV_FINANCIEROS,MOV00387868,FK_HUERFANA,id_cli=CLI900357 no existe en TB_CLIENTES_CORE
TB_MOV_FINANCIEROS,MOV00093362,FK_HUERFANA,id_cli=CLI900358 no existe en TB_CLIENTES_CORE
TB_MOV_FINANCIEROS,MOV00131496,FK_HUERFANA,id_cli=CLI900359 no existe en TB_CLIENTES_CORE
TB_MOV_FINANCIEROS,MOV00233260,FK_HUERFANA,id_cli=CLI900360 no existe en TB_CLIENTES_CORE
TB_MOV_FINANCIEROS,MOV00337532,FK_HUERFANA,id_cli=CLI900361 no existe en TB_CLIENTES_CORE
TB_MOV_FINANCIEROS,MOV00446272,FK_HUERFANA,id_cli=CLI900362 no existe en TB_CLIENTES_CORE
TB_MOV_FINANCIEROS,MOV00242864,FK_HUERFANA,id_cli=CLI900363 no existe en TB_CLIENTES_CORE
TB_MOV_FINANCIEROS,MOV00412425,FK_HUERFANA,id_cli=CLI900364 no existe en TB_CLIENTES_CORE
TB_MOV_FINANCIEROS,MOV00131545,FK_HUERFANA,id_cli=CLI900365 no existe en TB_CLIENTES_CORE
TB_MOV_FINANCIEROS,MOV00239499,FK_HUERFANA,id_cli=CLI900366 no existe en TB_CLIENTES_CORE
TB_MOV_FINANCIEROS,MOV00144000,FK_HUERFANA,id_cli=CLI900367 no existe en TB_CLIENTES_CORE
TB_MOV_FINANCIEROS,MOV00221339,FK_HUERFANA,id_cli=CLI900368 no existe en TB_CLIENTES_CORE
TB_MOV_FINANCIEROS,MOV00119949,FK_HUERFANA,id_cli=CLI900369 no existe en TB_CLIENTES_CORE
TB_MOV_FINANCIEROS,MOV00291166,FK_HUERFANA,id_cli=CLI900370 no existe en TB_CLIENTES_CORE
TB_MOV_FINANCIEROS,MOV00083132,FK_HUERFANA,id_cli=CLI900371 no existe en TB_CLIENTES_CORE
TB_MOV_FINANCIEROS,MOV00024282,FK_HUERFANA,id_cli=CLI900372 no existe en TB_CLIENTES_CORE
TB_MOV_FINANCIEROS,MOV00271956,FK_HUERFANA,id_cli=CLI900373 no existe en TB_CLIENTES_CORE
TB_MOV_FINANCIEROS,MOV00235852,FK_HUERFANA,id_cli=CLI900374 no existe en TB_CLIENTES_CORE
TB_MOV_FINANCIEROS,MOV00186268,FK_HUERFANA,id_cli=CLI900375 no existe en TB_CLIENTES_CORE
TB_MOV_FINANCIEROS,MOV00223641,FK_HUERFANA,id_cli=CLI900376 no existe en TB_CLIENTES_CORE
TB_MOV_FINANCIEROS,MOV00196866,FK_HUERFANA,id_cli=CLI900377 no existe en TB_CLIENTES_CORE
TB_MOV_FINANCIEROS,MOV00074079,FK_HUERFANA,id_cli=CLI900378 no existe en TB_CLIENTES_CORE
TB_MOV_FINANCIEROS,MOV00262045,FK_HUERFANA,id_cli=CLI900379 no existe en TB_CLIENTES_CORE
TB_MOV_FINANCIEROS,MOV00066302,FK_HUERFANA,id_cli=CLI900380 no existe en TB_CLIENTES_CORE
TB_MOV_FINANCIEROS,MOV00367821,FK_HUERFANA,id_cli=CLI900381 no existe en TB_CLIENTES_CORE
TB_MOV_FINANCIEROS,MOV00244714,FK_HUERFANA,id_cli=CLI900382 no existe en TB_CLIENTES_CORE
TB_MOV_FINANCIEROS,MOV00498199,FK_HUERFANA,id_cli=CLI900383 no existe en TB_CLIENTES_CORE
TB_MOV_FINANCIEROS,MOV00169859,FK_HUERFANA,id_cli=CLI900384 no existe en TB_CLIENTES_CORE
TB_MOV_FINANCIEROS,MOV00477637,FK_HUERFANA,id_cli=CLI900385 no existe en TB_CLIENTES_CORE
TB_MOV_FINANCIEROS,MOV00068322,FK_HUERFANA,id_cli=CLI900386 no existe en TB_CLIENTES_CORE
TB_MOV_FINANCIEROS,MOV00339210,FK_HUERFANA,id_cli=CLI900387 no existe en TB_CLIENTES_CORE
TB_MOV_FINANCIEROS,MOV00057693,FK_HUERFANA,id_cli=CLI900388 no existe en TB_CLIENTES_CORE
TB_MOV_FINANCIEROS,MOV00010976,FK_HUERFANA,id_cli=CLI900389 no existe en TB_CLIENTES_CORE
TB_MOV_FINANCIEROS,MOV00499150,FK_HUERFANA,id_cli=CLI900390 no existe en TB_CLIENTES_CORE
TB_MOV_FINANCIEROS,MOV00420000,FK_HUERFANA,id_cli=CLI900391 no existe en TB_CLIENTES_CORE
TB_MOV_FINANCIEROS,MOV00395181,FK_HUERFANA,id_cli=CLI900392 no existe en TB_CLIENTES_CORE
TB_MOV_FINANCIEROS,MOV00476292,FK_HUERFANA,id_cli=CLI900393 no existe en TB_CLIENTES_CORE
TB_MOV_FINANCIEROS,MOV00363124,FK_HUERFANA,id_cli=CLI900394 no existe en TB_CLIENTES_CORE
TB_MOV_FINANCIEROS,MOV00471585,FK_HUERFANA,id_cli=CLI900395 no existe en TB_CLIENTES_CORE
TB_MOV_FINANCIEROS,MOV00365022,FK_HUERFANA,id_cli=CLI900396 no existe en TB_CLIENTES_CORE
TB_MOV_FINANCIEROS,MOV00445809,FK_HUERFANA,id_cli=CLI900397 no existe en TB_CLIENTES_CORE
TB_MOV_FINANCIEROS,MOV00388648,FK_HUERFANA,id_cli=CLI900398 no existe en TB_CLIENTES_CORE
TB_MOV_FINANCIEROS,MOV00480525,FK_HUERFANA,id_cli=CLI900399 no existe en TB_CLIENTES_CORE
TB_MOV_FINANCIEROS,MOV00134615,FK_HUERFANA,id_cli=CLI900400 no existe en TB_CLIENTES_CORE
TB_MOV_FINANCIEROS,MOV00105905,FK_HUERFANA,id_cli=CLI900401 no existe en TB_CLIENTES_CORE
TB_MOV_FINANCIEROS,MOV00061171,FK_HUERFANA,id_cli=CLI900402 no existe en TB_CLIENTES_CORE
TB_MOV_FINANCIEROS,MOV00150532,FK_HUERFANA,id_cli=CLI900403 no existe en TB_CLIENTES_CORE
TB_MOV_FINANCIEROS,MOV00382700,FK_HUERFANA,id_cli=CLI900404 no existe en TB_CLIENTES_CORE
TB_MOV_FINANCIEROS,MOV00035634,FK_HUERFANA,id_cli=CLI900405 no existe en TB_CLIENTES_CORE
TB_MOV_FINANCIEROS,MOV00133624,FK_HUERFANA,id_cli=CLI900406 no existe en TB_CLIENTES_CORE
TB_MOV_FINANCIEROS,MOV00199341,FK_HUERFANA,id_cli=CLI900407 no existe en TB_CLIENTES_CORE
TB_MOV_FINANCIEROS,MOV00475094,FK_HUERFANA,id_cli=CLI900408 no existe en TB_CLIENTES_CORE
TB_MOV_FINANCIEROS,MOV00095230,FK_HUERFANA,id_cli=CLI900409 no existe en TB_CLIENTES_CORE
TB_MOV_FINANCIEROS,MOV00214570,FK_HUERFANA,id_cli=CLI900410 no existe en TB_CLIENTES_CORE
TB_MOV_FINANCIEROS,MOV00296696,FK_HUERFANA,id_cli=CLI900411 no existe en TB_CLIENTES_CORE
TB_MOV_FINANCIEROS,MOV00282629,FK_HUERFANA,id_cli=CLI900412 no existe en TB_CLIENTES_CORE
TB_MOV_FINANCIEROS,MOV00359542,FK_HUERFANA,id_cli=CLI900413 no existe en TB_CLIENTES_CORE
TB_MOV_FINANCIEROS,MOV00039920,FK_HUERFANA,id_cli=CLI900414 no existe en TB_CLIENTES_CORE
TB_MOV_FINANCIEROS,MOV00056996,FK_HUERFANA,id_cli=CLI900415 no existe en TB_CLIENTES_CORE
TB_MOV_FINANCIEROS,MOV00179300,FK_HUERFANA,id_cli=CLI900416 no existe en TB_CLIENTES_CORE
TB_MOV_FINANCIEROS,MOV00096590,FK_HUERFANA,id_cli=CLI900417 no existe en TB_CLIENTES_CORE
TB_MOV_FINANCIEROS,MOV00236187,FK_HUERFANA,id_cli=CLI900418 no existe en TB_CLIENTES_CORE
TB_MOV_FINANCIEROS,MOV00496965,FK_HUERFANA,id_cli=CLI900419 no existe en TB_CLIENTES_CORE
TB_MOV_FINANCIEROS,MOV00442560,FK_HUERFANA,id_cli=CLI900420 no existe en TB_CLIENTES_CORE
TB_MOV_FINANCIEROS,MOV00341794,FK_HUERFANA,id_cli=CLI900421 no existe en TB_CLIENTES_CORE
TB_MOV_FINANCIEROS,MOV00128062,FK_HUERFANA,id_cli=CLI900422 no existe en TB_CLIENTES_CORE
TB_MOV_FINANCIEROS,MOV00267394,FK_HUERFANA,id_cli=CLI900423 no existe en TB_CLIENTES_CORE
TB_MOV_FINANCIEROS,MOV00451024,FK_HUERFANA,id_cli=CLI900424 no existe en TB_CLIENTES_CORE
TB_MOV_FINANCIEROS,MOV00076014,FK_HUERFANA,id_cli=CLI900425 no existe en TB_CLIENTES_CORE
TB_MOV_FINANCIEROS,MOV00329958,FK_HUERFANA,id_cli=CLI900426 no existe en TB_CLIENTES_CORE
TB_MOV_FINANCIEROS,MOV00328396,FK_HUERFANA,id_cli=CLI900427 no existe en TB_CLIENTES_CORE
TB_MOV_FINANCIEROS,MOV00034575,FK_HUERFANA,id_cli=CLI900428 no existe en TB_CLIENTES_CORE
TB_MOV_FINANCIEROS,MOV00246133,FK_HUERFANA,id_cli=CLI900429 no existe en TB_CLIENTES_CORE
TB_MOV_FINANCIEROS,MOV00456605,FK_HUERFANA,id_cli=CLI900430 no existe en TB_CLIENTES_CORE
TB_MOV_FINANCIEROS,MOV00378524,FK_HUERFANA,id_cli=CLI900431 no existe en TB_CLIENTES_CORE
TB_MOV_FINANCIEROS,MOV00052027,FK_HUERFANA,id_cli=CLI900432 no existe en TB_CLIENTES_CORE
TB_MOV_FINANCIEROS,MOV00104183,FK_HUERFANA,id_cli=CLI900433 no existe en TB_CLIENTES_CORE
TB_MOV_FINANCIEROS,MOV00286451,FK_HUERFANA,id_cli=CLI900434 no existe en TB_CLIENTES_CORE
TB_MOV_FINANCIEROS,MOV00139448,FK_HUERFANA,id_cli=CLI900435 no existe en TB_CLIENTES_CORE
TB_MOV_FINANCIEROS,MOV00356877,FK_HUERFANA,id_cli=CLI900436 no existe en TB_CLIENTES_CORE
TB_MOV_FINANCIEROS,MOV00157159,FK_HUERFANA,id_cli=CLI900437 no existe en TB_CLIENTES_CORE
TB_MOV_FINANCIEROS,MOV00034307,FK_HUERFANA,id_cli=CLI900438 no existe en TB_CLIENTES_CORE
TB_MOV_FINANCIEROS,MOV00377495,FK_HUERFANA,id_cli=CLI900439 no existe en TB_CLIENTES_CORE
TB_MOV_FINANCIEROS,MOV00400763,FK_HUERFANA,id_cli=CLI900440 no existe en TB_CLIENTES_CORE
TB_MOV_FINANCIEROS,MOV00371907,FK_HUERFANA,id_cli=CLI900441 no existe en TB_CLIENTES_CORE
TB_MOV_FINANCIEROS,MOV00062400,FK_HUERFANA,id_cli=CLI900442 no existe en TB_CLIENTES_CORE
TB_MOV_FINANCIEROS,MOV00123127,FK_HUERFANA,id_cli=CLI900443 no existe en TB_CLIENTES_CORE
TB_MOV_FINANCIEROS,MOV00063167,FK_HUERFANA,id_cli=CLI900444 no existe en TB_CLIENTES_CORE
TB_MOV_FINANCIEROS,MOV00092032,FK_HUERFANA,id_cli=CLI900445 no existe en TB_CLIENTES_CORE
TB_MOV_FINANCIEROS,MOV00425668,FK_HUERFANA,id_cli=CLI900446 no existe en TB_CLIENTES_CORE
TB_MOV_FINANCIEROS,MOV00107675,FK_HUERFANA,id_cli=CLI900447 no existe en TB_CLIENTES_CORE
TB_MOV_FINANCIEROS,MOV00128004,FK_HUERFANA,id_cli=CLI900448 no existe en TB_CLIENTES_CORE
TB_MOV_FINANCIEROS,MOV00067414,FK_HUERFANA,id_cli=CLI900449 no existe en TB_CLIENTES_CORE
TB_MOV_FINANCIEROS,MOV00055202,FK_HUERFANA,id_cli=CLI900450 no existe en TB_CLIENTES_CORE
TB_MOV_FINANCIEROS,MOV00479096,FK_HUERFANA,id_cli=CLI900451 no existe en TB_CLIENTES_CORE
TB_MOV_FINANCIEROS,MOV00090526,FK_HUERFANA,id_cli=CLI900452 no existe en TB_CLIENTES_CORE
TB_MOV_FINANCIEROS,MOV00043654,FK_HUERFANA,id_cli=CLI900453 no existe en TB_CLIENTES_CORE
TB_MOV_FINANCIEROS,MOV00026500,FK_HUERFANA,id_cli=CLI900454 no existe en TB_CLIENTES_CORE
TB_MOV_FINANCIEROS,MOV00438303,FK_HUERFANA,id_cli=CLI900455 no existe en TB_CLIENTES_CORE
TB_MOV_FINANCIEROS,MOV00231125,FK_HUERFANA,id_cli=CLI900456 no existe en TB_CLIENTES_CORE
TB_MOV_FINANCIEROS,MOV00308104,FK_HUERFANA,id_cli=CLI900457 no existe en TB_CLIENTES_CORE
TB_MOV_FINANCIEROS,MOV00096386,FK_HUERFANA,id_cli=CLI900458 no existe en TB_CLIENTES_CORE
TB_MOV_FINANCIEROS,MOV00146946,FK_HUERFANA,id_cli=CLI900459 no existe en TB_CLIENTES_CORE
TB_MOV_FINANCIEROS,MOV00472208,FK_HUERFANA,id_cli=CLI900460 no existe en TB_CLIENTES_CORE
TB_MOV_FINANCIEROS,MOV00269924,FK_HUERFANA,id_cli=CLI900461 no existe en TB_CLIENTES_CORE
TB_MOV_FINANCIEROS,MOV00016554,FK_HUERFANA,id_cli=CLI900462 no existe en TB_CLIENTES_CORE
TB_MOV_FINANCIEROS,MOV00327173,FK_HUERFANA,id_cli=CLI900463 no existe en TB_CLIENTES_CORE
TB_MOV_FINANCIEROS,MOV00022882,FK_HUERFANA,id_cli=CLI900464 no existe en TB_CLIENTES_CORE
TB_MOV_FINANCIEROS,MOV00318760,FK_HUERFANA,id_cli=CLI900465 no existe en TB_CLIENTES_CORE
TB_MOV_FINANCIEROS,MOV00137483,FK_HUERFANA,id_cli=CLI900466 no existe en TB_CLIENTES_CORE
TB_MOV_FINANCIEROS,MOV00413881,FK_HUERFANA,id_cli=CLI900467 no existe en TB_CLIENTES_CORE
TB_MOV_FINANCIEROS,MOV00169008,FK_HUERFANA,id_cli=CLI900468 no existe en TB_CLIENTES_CORE
TB_MOV_FINANCIEROS,MOV00442483,FK_HUERFANA,id_cli=CLI900469 no existe en TB_CLIENTES_CORE
TB_MOV_FINANCIEROS,MOV00166307,FK_HUERFANA,id_cli=CLI900470 no existe en TB_CLIENTES_CORE
TB_MOV_FINANCIEROS,MOV00056357,FK_HUERFANA,id_cli=CLI900471 no existe en TB_CLIENTES_CORE
TB_MOV_FINANCIEROS,MOV00202551,FK_HUERFANA,id_cli=CLI900472 no existe en TB_CLIENTES_CORE
TB_MOV_FINANCIEROS,MOV00304392,FK_HUERFANA,id_cli=CLI900473 no existe en TB_CLIENTES_CORE
TB_MOV_FINANCIEROS,MOV00286933,FK_HUERFANA,id_cli=CLI900474 no existe en TB_CLIENTES_CORE
TB_MOV_FINANCIEROS,MOV00207724,FK_HUERFANA,id_cli=CLI900475 no existe en TB_CLIENTES_CORE
TB_MOV_FINANCIEROS,MOV00017323,FK_HUERFANA,id_cli=CLI900476 no existe en TB_CLIENTES_CORE
TB_MOV_FINANCIEROS,MOV00248365,FK_HUERFANA,id_cli=CLI900477 no existe en TB_CLIENTES_CORE
TB_MOV_FINANCIEROS,MOV00215838,FK_HUERFANA,id_cli=CLI900478 no existe en TB_CLIENTES_CORE
TB_MOV_FINANCIEROS,MOV00116393,FK_HUERFANA,id_cli=CLI900479 no existe en TB_CLIENTES_CORE
TB_MOV_FINANCIEROS,MOV00214542,FK_HUERFANA,id_cli=CLI900480 no existe en TB_CLIENTES_CORE
TB_MOV_FINANCIEROS,MOV00358712,FK_HUERFANA,id_cli=CLI900481 no existe en TB_CLIENTES_CORE
TB_MOV_FINANCIEROS,MOV00113538,FK_HUERFANA,id_cli=CLI900482 no existe en TB_CLIENTES_CORE
TB_MOV_FINANCIEROS,MOV00191268,FK_HUERFANA,id_cli=CLI900483 no existe en TB_CLIENTES_CORE
TB_MOV_FINANCIEROS,MOV00325752,FK_HUERFANA,id_cli=CLI900484 no existe en TB_CLIENTES_CORE
TB_MOV_FINANCIEROS,MOV00439072,FK_HUERFANA,id_cli=CLI900485 no existe en TB_CLIENTES_CORE
TB_MOV_FINANCIEROS,MOV00182046,FK_HUERFANA,id_cli=CLI900486 no existe en TB_CLIENTES_CORE
TB_MOV_FINANCIEROS,MOV00343279,FK_HUERFANA,id_cli=CLI900487 no existe en TB_CLIENTES_CORE
TB_MOV_FINANCIEROS,MOV00480247,FK_HUERFANA,id_cli=CLI900488 no existe en TB_CLIENTES_CORE
TB_MOV_FINANCIEROS,MOV00460868,FK_HUERFANA,id_cli=CLI900489 no existe en TB_CLIENTES_CORE
TB_MOV_FINANCIEROS,MOV00342619,FK_HUERFANA,id_cli=CLI900490 no existe en TB_CLIENTES_CORE
TB_MOV_FINANCIEROS,MOV00451498,FK_HUERFANA,id_cli=CLI900491 no existe en TB_CLIENTES_CORE
TB_MOV_FINANCIEROS,MOV00074246,FK_HUERFANA,id_cli=CLI900492 no existe en TB_CLIENTES_CORE
TB_MOV_FINANCIEROS,MOV00405223,FK_HUERFANA,id_cli=CLI900493 no existe en TB_CLIENTES_CORE
TB_MOV_FINANCIEROS,MOV00342518,FK_HUERFANA,id_cli=CLI900494 no existe en TB_CLIENTES_CORE
TB_MOV_FINANCIEROS,MOV00369027,FK_HUERFANA,id_cli=CLI900495 no existe en TB_CLIENTES_CORE
TB_MOV_FINANCIEROS,MOV00279880,FK_HUERFANA,id_cli=CLI900496 no existe en TB_CLIENTES_CORE
TB_MOV_FINANCIEROS,MOV00313090,FK_HUERFANA,id_cli=CLI900497 no existe en TB_CLIENTES_CORE
TB_MOV_FINANCIEROS,MOV00311187,FK_HUERFANA,id_cli=CLI900498 no existe en TB_CLIENTES_CORE
TB_MOV_FINANCIEROS,MOV00206986,FK_HUERFANA,id_cli=CLI900499 no existe en TB_CLIENTES_CORE
TB_MOV_FINANCIEROS,MOV00192498,FK_HUERFANA,id_cli=CLI900500 no existe en TB_CLIENTES_CORE
TB_MOV_FINANCIEROS,MOV00433266,FK_HUERFANA,id_cli=CLI900501 no existe en TB_CLIENTES_CORE
TB_MOV_FINANCIEROS,MOV00288464,FK_HUERFANA,id_cli=CLI900502 no existe en TB_CLIENTES_CORE
TB_MOV_FINANCIEROS,MOV00313680,FK_HUERFANA,id_cli=CLI900503 no existe en TB_CLIENTES_CORE
TB_MOV_FINANCIEROS,MOV00201121,FK_HUERFANA,id_cli=CLI900504 no existe en TB_CLIENTES_CORE
TB_MOV_FINANCIEROS,MOV00481185,FK_HUERFANA,id_cli=CLI900505 no existe en TB_CLIENTES_CORE
TB_MOV_FINANCIEROS,MOV00278736,FK_HUERFANA,id_cli=CLI900506 no existe en TB_CLIENTES_CORE
TB_MOV_FINANCIEROS,MOV00289392,FK_HUERFANA,id_cli=CLI900507 no existe en TB_CLIENTES_CORE
TB_MOV_FINANCIEROS,MOV00354010,FK_HUERFANA,id_cli=CLI900508 no existe en TB_CLIENTES_CORE
TB_MOV_FINANCIEROS,MOV00389690,FK_HUERFANA,id_cli=CLI900509 no existe en TB_CLIENTES_CORE
TB_MOV_FINANCIEROS,MOV00309999,FK_HUERFANA,id_cli=CLI900510 no existe en TB_CLIENTES_CORE
TB_MOV_FINANCIEROS,MOV00289053,FK_HUERFANA,id_cli=CLI900511 no existe en TB_CLIENTES_CORE
TB_MOV_FINANCIEROS,MOV00031425,FK_HUERFANA,id_cli=CLI900512 no existe en TB_CLIENTES_CORE
TB_MOV_FINANCIEROS,MOV00383581,FK_HUERFANA,id_cli=CLI900513 no existe en TB_CLIENTES_CORE
TB_MOV_FINANCIEROS,MOV00041594,FK_HUERFANA,id_cli=CLI900514 no existe en TB_CLIENTES_CORE
TB_MOV_FINANCIEROS,MOV00349260,FK_HUERFANA,id_cli=CLI900515 no existe en TB_CLIENTES_CORE
TB_MOV_FINANCIEROS,MOV00287919,FK_HUERFANA,id_cli=CLI900516 no existe en TB_CLIENTES_CORE
TB_MOV_FINANCIEROS,MOV00224771,FK_HUERFANA,id_cli=CLI900517 no existe en TB_CLIENTES_CORE
TB_MOV_FINANCIEROS,MOV00242535,FK_HUERFANA,id_cli=CLI900518 no existe en TB_CLIENTES_CORE
TB_MOV_FINANCIEROS,MOV00116793,FK_HUERFANA,id_cli=CLI900519 no existe en TB_CLIENTES_CORE
TB_MOV_FINANCIEROS,MOV00499656,FK_HUERFANA,id_cli=CLI900520 no existe en TB_CLIENTES_CORE
TB_MOV_FINANCIEROS,MOV00084774,FK_HUERFANA,id_cli=CLI900521 no existe en TB_CLIENTES_CORE
TB_MOV_FINANCIEROS,MOV00314434,FK_HUERFANA,id_cli=CLI900522 no existe en TB_CLIENTES_CORE
TB_MOV_FINANCIEROS,MOV00006190,FK_HUERFANA,id_cli=CLI900523 no existe en TB_CLIENTES_CORE
TB_MOV_FINANCIEROS,MOV00050617,FK_HUERFANA,id_cli=CLI900524 no existe en TB_CLIENTES_CORE
TB_MOV_FINANCIEROS,MOV00265434,FK_HUERFANA,id_cli=CLI900525 no existe en TB_CLIENTES_CORE
TB_MOV_FINANCIEROS,MOV00180091,FK_HUERFANA,id_cli=CLI900526 no existe en TB_CLIENTES_CORE
TB_MOV_FINANCIEROS,MOV00116615,FK_HUERFANA,id_cli=CLI900527 no existe en TB_CLIENTES_CORE
TB_MOV_FINANCIEROS,MOV00067180,FK_HUERFANA,id_cli=CLI900528 no existe en TB_CLIENTES_CORE
TB_MOV_FINANCIEROS,MOV00174472,FK_HUERFANA,id_cli=CLI900529 no existe en TB_CLIENTES_CORE
TB_MOV_FINANCIEROS,MOV00145991,FK_HUERFANA,id_cli=CLI900530 no existe en TB_CLIENTES_CORE
TB_MOV_FINANCIEROS,MOV00171922,FK_HUERFANA,id_cli=CLI900531 no existe en TB_CLIENTES_CORE
TB_MOV_FINANCIEROS,MOV00333893,FK_HUERFANA,id_cli=CLI900532 no existe en TB_CLIENTES_CORE
TB_MOV_FINANCIEROS,MOV00237998,FK_HUERFANA,id_cli=CLI900533 no existe en TB_CLIENTES_CORE
TB_MOV_FINANCIEROS,MOV00371382,FK_HUERFANA,id_cli=CLI900534 no existe en TB_CLIENTES_CORE
TB_MOV_FINANCIEROS,MOV00093126,FK_HUERFANA,id_cli=CLI900535 no existe en TB_CLIENTES_CORE
TB_MOV_FINANCIEROS,MOV00245284,FK_HUERFANA,id_cli=CLI900536 no existe en TB_CLIENTES_CORE
TB_MOV_FINANCIEROS,MOV00302596,FK_HUERFANA,id_cli=CLI900537 no existe en TB_CLIENTES_CORE
TB_MOV_FINANCIEROS,MOV00315846,FK_HUERFANA,id_cli=CLI900538 no existe en TB_CLIENTES_CORE
TB_MOV_FINANCIEROS,MOV00368871,FK_HUERFANA,id_cli=CLI900539 no existe en TB_CLIENTES_CORE
TB_MOV_FINANCIEROS,MOV00200955,FK_HUERFANA,id_cli=CLI900540 no existe en TB_CLIENTES_CORE
TB_MOV_FINANCIEROS,MOV00086470,FK_HUERFANA,id_cli=CLI900541 no existe en TB_CLIENTES_CORE
TB_MOV_FINANCIEROS,MOV00030139,FK_HUERFANA,id_cli=CLI900542 no existe en TB_CLIENTES_CORE
TB_MOV_FINANCIEROS,MOV00424025,FK_HUERFANA,id_cli=CLI900543 no existe en TB_CLIENTES_CORE
TB_MOV_FINANCIEROS,MOV00404804,FK_HUERFANA,id_cli=CLI900544 no existe en TB_CLIENTES_CORE
TB_MOV_FINANCIEROS,MOV00294226,FK_HUERFANA,id_cli=CLI900545 no existe en TB_CLIENTES_CORE
TB_MOV_FINANCIEROS,MOV00263734,FK_HUERFANA,id_cli=CLI900546 no existe en TB_CLIENTES_CORE
TB_MOV_FINANCIEROS,MOV00066637,FK_HUERFANA,id_cli=CLI900547 no existe en TB_CLIENTES_CORE
TB_MOV_FINANCIEROS,MOV00150317,FK_HUERFANA,id_cli=CLI900548 no existe en TB_CLIENTES_CORE
TB_MOV_FINANCIEROS,MOV00446715,FK_HUERFANA,id_cli=CLI900549 no existe en TB_CLIENTES_CORE
TB_MOV_FINANCIEROS,MOV00210898,FK_HUERFANA,id_cli=CLI900550 no existe en TB_CLIENTES_CORE
TB_MOV_FINANCIEROS,MOV00274432,FK_HUERFANA,id_cli=CLI900551 no existe en TB_CLIENTES_CORE
TB_MOV_FINANCIEROS,MOV00471698,FK_HUERFANA,id_cli=CLI900552 no existe en TB_CLIENTES_CORE
TB_MOV_FINANCIEROS,MOV00439416,FK_HUERFANA,id_cli=CLI900553 no existe en TB_CLIENTES_CORE
TB_MOV_FINANCIEROS,MOV00448609,FK_HUERFANA,id_cli=CLI900554 no existe en TB_CLIENTES_CORE
TB_MOV_FINANCIEROS,MOV00158871,FK_HUERFANA,id_cli=CLI900555 no existe en TB_CLIENTES_CORE
TB_MOV_FINANCIEROS,MOV00114201,FK_HUERFANA,id_cli=CLI900556 no existe en TB_CLIENTES_CORE
TB_MOV_FINANCIEROS,MOV00095264,FK_HUERFANA,id_cli=CLI900557 no existe en TB_CLIENTES_CORE
TB_MOV_FINANCIEROS,MOV00045957,FK_HUERFANA,id_cli=CLI900558 no existe en TB_CLIENTES_CORE
TB_MOV_FINANCIEROS,MOV00152724,FK_HUERFANA,id_cli=CLI900559 no existe en TB_CLIENTES_CORE
TB_MOV_FINANCIEROS,MOV00055493,FK_HUERFANA,id_cli=CLI900560 no existe en TB_CLIENTES_CORE
TB_MOV_FINANCIEROS,MOV00199666,FK_HUERFANA,id_cli=CLI900561 no existe en TB_CLIENTES_CORE
TB_MOV_FINANCIEROS,MOV00333132,FK_HUERFANA,id_cli=CLI900562 no existe en TB_CLIENTES_CORE
TB_MOV_FINANCIEROS,MOV00153331,FK_HUERFANA,id_cli=CLI900563 no existe en TB_CLIENTES_CORE
TB_MOV_FINANCIEROS,MOV00014490,FK_HUERFANA,id_cli=CLI900564 no existe en TB_CLIENTES_CORE
TB_MOV_FINANCIEROS,MOV00131178,FK_HUERFANA,id_cli=CLI900565 no existe en TB_CLIENTES_CORE
TB_MOV_FINANCIEROS,MOV00084984,FK_HUERFANA,id_cli=CLI900566 no existe en TB_CLIENTES_CORE
TB_MOV_FINANCIEROS,MOV00173991,FK_HUERFANA,id_cli=CLI900567 no existe en TB_CLIENTES_CORE
TB_MOV_FINANCIEROS,MOV00289304,FK_HUERFANA,id_cli=CLI900568 no existe en TB_CLIENTES_CORE
TB_MOV_FINANCIEROS,MOV00176094,FK_HUERFANA,id_cli=CLI900569 no existe en TB_CLIENTES_CORE
TB_MOV_FINANCIEROS,MOV00035923,FK_HUERFANA,id_cli=CLI900570 no existe en TB_CLIENTES_CORE
TB_MOV_FINANCIEROS,MOV00060068,FK_HUERFANA,id_cli=CLI900571 no existe en TB_CLIENTES_CORE
TB_MOV_FINANCIEROS,MOV00185661,FK_HUERFANA,id_cli=CLI900572 no existe en TB_CLIENTES_CORE
TB_MOV_FINANCIEROS,MOV00353037,FK_HUERFANA,id_cli=CLI900573 no existe en TB_CLIENTES_CORE
TB_MOV_FINANCIEROS,MOV00109901,FK_HUERFANA,id_cli=CLI900574 no existe en TB_CLIENTES_CORE
TB_MOV_FINANCIEROS,MOV00254674,FK_HUERFANA,id_cli=CLI900575 no existe en TB_CLIENTES_CORE
TB_MOV_FINANCIEROS,MOV00282423,FK_HUERFANA,id_cli=CLI900576 no existe en TB_CLIENTES_CORE
TB_MOV_FINANCIEROS,MOV00270918,FK_HUERFANA,id_cli=CLI900577 no existe en TB_CLIENTES_CORE
TB_MOV_FINANCIEROS,MOV00124887,FK_HUERFANA,id_cli=CLI900578 no existe en TB_CLIENTES_CORE
TB_MOV_FINANCIEROS,MOV00142898,FK_HUERFANA,id_cli=CLI900579 no existe en TB_CLIENTES_CORE
TB_MOV_FINANCIEROS,MOV00164834,FK_HUERFANA,id_cli=CLI900580 no existe en TB_CLIENTES_CORE
TB_MOV_FINANCIEROS,MOV00326797,FK_HUERFANA,id_cli=CLI900581 no existe en TB_CLIENTES_CORE
TB_MOV_FINANCIEROS,MOV00303076,FK_HUERFANA,id_cli=CLI900582 no existe en TB_CLIENTES_CORE
TB_MOV_FINANCIEROS,MOV00117915,FK_HUERFANA,id_cli=CLI900583 no existe en TB_CLIENTES_CORE
TB_MOV_FINANCIEROS,MOV00036591,FK_HUERFANA,id_cli=CLI900584 no existe en TB_CLIENTES_CORE
TB_MOV_FINANCIEROS,MOV00011767,FK_HUERFANA,id_cli=CLI900585 no existe en TB_CLIENTES_CORE
TB_MOV_FINANCIEROS,MOV00234722,FK_HUERFANA,id_cli=CLI900586 no existe en TB_CLIENTES_CORE
TB_MOV_FINANCIEROS,MOV00381461,FK_HUERFANA,id_cli=CLI900587 no existe en TB_CLIENTES_CORE
TB_MOV_FINANCIEROS,MOV00482418,FK_HUERFANA,id_cli=CLI900588 no existe en TB_CLIENTES_CORE
TB_MOV_FINANCIEROS,MOV00164772,FK_HUERFANA,id_cli=CLI900589 no existe en TB_CLIENTES_CORE
TB_MOV_FINANCIEROS,MOV00262743,FK_HUERFANA,id_cli=CLI900590 no existe en TB_CLIENTES_CORE
TB_MOV_FINANCIEROS,MOV00099122,FK_HUERFANA,id_cli=CLI900591 no existe en TB_CLIENTES_CORE
TB_MOV_FINANCIEROS,MOV00469043,FK_HUERFANA,id_cli=CLI900592 no existe en TB_CLIENTES_CORE
TB_MOV_FINANCIEROS,MOV00491574,FK_HUERFANA,id_cli=CLI900593 no existe en TB_CLIENTES_CORE
TB_MOV_FINANCIEROS,MOV00165438,FK_HUERFANA,id_cli=CLI900594 no existe en TB_CLIENTES_CORE
TB_MOV_FINANCIEROS,MOV00359420,FK_HUERFANA,id_cli=CLI900595 no existe en TB_CLIENTES_CORE
TB_MOV_FINANCIEROS,MOV00498020,FK_HUERFANA,id_cli=CLI900596 no existe en TB_CLIENTES_CORE
TB_MOV_FINANCIEROS,MOV00214594,FK_HUERFANA,id_cli=CLI900597 no existe en TB_CLIENTES_CORE
TB_MOV_FINANCIEROS,MOV00290609,FK_HUERFANA,id_cli=CLI900598 no existe en TB_CLIENTES_CORE
TB_MOV_FINANCIEROS,MOV00279680,FK_HUERFANA,id_cli=CLI900599 no existe en TB_CLIENTES_CORE
TB_MOV_FINANCIEROS,MOV00166060,FK_HUERFANA,id_cli=CLI900600 no existe en TB_CLIENTES_CORE
TB_MOV_FINANCIEROS,MOV00047195,FK_HUERFANA,id_cli=CLI900601 no existe en TB_CLIENTES_CORE
TB_MOV_FINANCIEROS,MOV00082307,FK_HUERFANA,id_cli=CLI900602 no existe en TB_CLIENTES_CORE
TB_MOV_FINANCIEROS,MOV00215648,FK_HUERFANA,id_cli=CLI900603 no existe en TB_CLIENTES_CORE
TB_MOV_FINANCIEROS,MOV00145629,FK_HUERFANA,id_cli=CLI900604 no existe en TB_CLIENTES_CORE
TB_MOV_FINANCIEROS,MOV00194987,FK_HUERFANA,id_cli=CLI900605 no existe en TB_CLIENTES_CORE
TB_MOV_FINANCIEROS,MOV00257290,FK_HUERFANA,id_cli=CLI900606 no existe en TB_CLIENTES_CORE
TB_MOV_FINANCIEROS,MOV00376985,FK_HUERFANA,id_cli=CLI900607 no existe en TB_CLIENTES_CORE
TB_MOV_FINANCIEROS,MOV00436819,FK_HUERFANA,id_cli=CLI900608 no existe en TB_CLIENTES_CORE
TB_MOV_FINANCIEROS,MOV00042131,FK_HUERFANA,id_cli=CLI900609 no existe en TB_CLIENTES_CORE
TB_MOV_FINANCIEROS,MOV00415113,FK_HUERFANA,id_cli=CLI900610 no existe en TB_CLIENTES_CORE
TB_MOV_FINANCIEROS,MOV00138167,FK_HUERFANA,id_cli=CLI900611 no existe en TB_CLIENTES_CORE
TB_MOV_FINANCIEROS,MOV00478788,FK_HUERFANA,id_cli=CLI900612 no existe en TB_CLIENTES_CORE
TB_MOV_FINANCIEROS,MOV00291109,FK_HUERFANA,id_cli=CLI900613 no existe en TB_CLIENTES_CORE
TB_MOV_FINANCIEROS,MOV00490861,FK_HUERFANA,id_cli=CLI900614 no existe en TB_CLIENTES_CORE
TB_MOV_FINANCIEROS,MOV00167991,FK_HUERFANA,id_cli=CLI900615 no existe en TB_CLIENTES_CORE
TB_MOV_FINANCIEROS,MOV00450074,FK_HUERFANA,id_cli=CLI900616 no existe en TB_CLIENTES_CORE
TB_MOV_FINANCIEROS,MOV00031789,FK_HUERFANA,id_cli=CLI900617 no existe en TB_CLIENTES_CORE
TB_MOV_FINANCIEROS,MOV00485251,FK_HUERFANA,id_cli=CLI900618 no existe en TB_CLIENTES_CORE
TB_MOV_FINANCIEROS,MOV00206616,FK_HUERFANA,id_cli=CLI900619 no existe en TB_CLIENTES_CORE
TB_MOV_FINANCIEROS,MOV00147188,FK_HUERFANA,id_cli=CLI900620 no existe en TB_CLIENTES_CORE
TB_MOV_FINANCIEROS,MOV00344274,FK_HUERFANA,id_cli=CLI900621 no existe en TB_CLIENTES_CORE
TB_MOV_FINANCIEROS,MOV00468094,FK_HUERFANA,id_cli=CLI900622 no existe en TB_CLIENTES_CORE
TB_MOV_FINANCIEROS,MOV00116036,FK_HUERFANA,id_cli=CLI900623 no existe en TB_CLIENTES_CORE
TB_MOV_FINANCIEROS,MOV00326114,FK_HUERFANA,id_cli=CLI900624 no existe en TB_CLIENTES_CORE
TB_MOV_FINANCIEROS,MOV00073144,FK_HUERFANA,id_cli=CLI900625 no existe en TB_CLIENTES_CORE
TB_MOV_FINANCIEROS,MOV00339522,FK_HUERFANA,id_cli=CLI900626 no existe en TB_CLIENTES_CORE
TB_MOV_FINANCIEROS,MOV00197756,FK_HUERFANA,id_cli=CLI900627 no existe en TB_CLIENTES_CORE
TB_MOV_FINANCIEROS,MOV00465169,FK_HUERFANA,id_cli=CLI900628 no existe en TB_CLIENTES_CORE
TB_MOV_FINANCIEROS,MOV00328204,FK_HUERFANA,id_cli=CLI900629 no existe en TB_CLIENTES_CORE
TB_MOV_FINANCIEROS,MOV00158298,FK_HUERFANA,id_cli=CLI900630 no existe en TB_CLIENTES_CORE
TB_MOV_FINANCIEROS,MOV00027882,FK_HUERFANA,id_cli=CLI900631 no existe en TB_CLIENTES_CORE
TB_MOV_FINANCIEROS,MOV00133203,FK_HUERFANA,id_cli=CLI900632 no existe en TB_CLIENTES_CORE
TB_MOV_FINANCIEROS,MOV00381289,FK_HUERFANA,id_cli=CLI900633 no existe en TB_CLIENTES_CORE
TB_MOV_FINANCIEROS,MOV00081614,FK_HUERFANA,id_cli=CLI900634 no existe en TB_CLIENTES_CORE
TB_MOV_FINANCIEROS,MOV00072479,FK_HUERFANA,id_cli=CLI900635 no existe en TB_CLIENTES_CORE
TB_MOV_FINANCIEROS,MOV00332843,FK_HUERFANA,id_cli=CLI900636 no existe en TB_CLIENTES_CORE
TB_MOV_FINANCIEROS,MOV00446295,FK_HUERFANA,id_cli=CLI900637 no existe en TB_CLIENTES_CORE
TB_MOV_FINANCIEROS,MOV00327786,FK_HUERFANA,id_cli=CLI900638 no existe en TB_CLIENTES_CORE
TB_MOV_FINANCIEROS,MOV00219503,FK_HUERFANA,id_cli=CLI900639 no existe en TB_CLIENTES_CORE
TB_MOV_FINANCIEROS,MOV00010918,FK_HUERFANA,id_cli=CLI900640 no existe en TB_CLIENTES_CORE
TB_MOV_FINANCIEROS,MOV00422089,FK_HUERFANA,id_cli=CLI900641 no existe en TB_CLIENTES_CORE
TB_MOV_FINANCIEROS,MOV00451994,FK_HUERFANA,id_cli=CLI900642 no existe en TB_CLIENTES_CORE
TB_MOV_FINANCIEROS,MOV00053104,FK_HUERFANA,id_cli=CLI900643 no existe en TB_CLIENTES_CORE
TB_MOV_FINANCIEROS,MOV00137619,FK_HUERFANA,id_cli=CLI900644 no existe en TB_CLIENTES_CORE
TB_MOV_FINANCIEROS,MOV00372631,FK_HUERFANA,id_cli=CLI900645 no existe en TB_CLIENTES_CORE
TB_MOV_FINANCIEROS,MOV00494905,FK_HUERFANA,id_cli=CLI900646 no existe en TB_CLIENTES_CORE
TB_MOV_FINANCIEROS,MOV00101969,FK_HUERFANA,id_cli=CLI900647 no existe en TB_CLIENTES_CORE
TB_MOV_FINANCIEROS,MOV00095492,FK_HUERFANA,id_cli=CLI900648 no existe en TB_CLIENTES_CORE
TB_MOV_FINANCIEROS,MOV00367237,FK_HUERFANA,id_cli=CLI900649 no existe en TB_CLIENTES_CORE
TB_MOV_FINANCIEROS,MOV00136387,FK_HUERFANA,id_cli=CLI900650 no existe en TB_CLIENTES_CORE
TB_MOV_FINANCIEROS,MOV00488874,FK_HUERFANA,id_cli=CLI900651 no existe en TB_CLIENTES_CORE
TB_MOV_FINANCIEROS,MOV00101481,FK_HUERFANA,id_cli=CLI900652 no existe en TB_CLIENTES_CORE
TB_MOV_FINANCIEROS,MOV00345121,FK_HUERFANA,id_cli=CLI900653 no existe en TB_CLIENTES_CORE
TB_MOV_FINANCIEROS,MOV00464318,FK_HUERFANA,id_cli=CLI900654 no existe en TB_CLIENTES_CORE
TB_MOV_FINANCIEROS,MOV00231038,FK_HUERFANA,id_cli=CLI900655 no existe en TB_CLIENTES_CORE
TB_MOV_FINANCIEROS,MOV00146521,FK_HUERFANA,id_cli=CLI900656 no existe en TB_CLIENTES_CORE
TB_MOV_FINANCIEROS,MOV00292922,FK_HUERFANA,id_cli=CLI900657 no existe en TB_CLIENTES_CORE
TB_MOV_FINANCIEROS,MOV00338162,FK_HUERFANA,id_cli=CLI900658 no existe en TB_CLIENTES_CORE
TB_MOV_FINANCIEROS,MOV00102824,FK_HUERFANA,id_cli=CLI900659 no existe en TB_CLIENTES_CORE
TB_MOV_FINANCIEROS,MOV00237417,FK_HUERFANA,id_cli=CLI900660 no existe en TB_CLIENTES_CORE
TB_MOV_FINANCIEROS,MOV00047104,FK_HUERFANA,id_cli=CLI900661 no existe en TB_CLIENTES_CORE
TB_MOV_FINANCIEROS,MOV00467839,FK_HUERFANA,id_cli=CLI900662 no existe en TB_CLIENTES_CORE
TB_MOV_FINANCIEROS,MOV00316729,FK_HUERFANA,id_cli=CLI900663 no existe en TB_CLIENTES_CORE
TB_MOV_FINANCIEROS,MOV00069680,FK_HUERFANA,id_cli=CLI900664 no existe en TB_CLIENTES_CORE
TB_MOV_FINANCIEROS,MOV00053531,FK_HUERFANA,id_cli=CLI900665 no existe en TB_CLIENTES_CORE
TB_MOV_FINANCIEROS,MOV00179631,FK_HUERFANA,id_cli=CLI900666 no existe en TB_CLIENTES_CORE
TB_MOV_FINANCIEROS,MOV00211816,FK_HUERFANA,id_cli=CLI900667 no existe en TB_CLIENTES_CORE
TB_MOV_FINANCIEROS,MOV00121454,FK_HUERFANA,id_cli=CLI900668 no existe en TB_CLIENTES_CORE
TB_MOV_FINANCIEROS,MOV00065678,FK_HUERFANA,id_cli=CLI900669 no existe en TB_CLIENTES_CORE
TB_MOV_FINANCIEROS,MOV00237860,FK_HUERFANA,id_cli=CLI900670 no existe en TB_CLIENTES_CORE
TB_MOV_FINANCIEROS,MOV00050831,FK_HUERFANA,id_cli=CLI900671 no existe en TB_CLIENTES_CORE
TB_MOV_FINANCIEROS,MOV00488534,FK_HUERFANA,id_cli=CLI900672 no existe en TB_CLIENTES_CORE
TB_MOV_FINANCIEROS,MOV00499646,FK_HUERFANA,id_cli=CLI900673 no existe en TB_CLIENTES_CORE
TB_MOV_FINANCIEROS,MOV00157319,FK_HUERFANA,id_cli=CLI900674 no existe en TB_CLIENTES_CORE
TB_MOV_FINANCIEROS,MOV00359518,FK_HUERFANA,id_cli=CLI900675 no existe en TB_CLIENTES_CORE
TB_MOV_FINANCIEROS,MOV00158504,FK_HUERFANA,id_cli=CLI900676 no existe en TB_CLIENTES_CORE
TB_MOV_FINANCIEROS,MOV00263710,FK_HUERFANA,id_cli=CLI900677 no existe en TB_CLIENTES_CORE
TB_MOV_FINANCIEROS,MOV00357577,FK_HUERFANA,id_cli=CLI900678 no existe en TB_CLIENTES_CORE
TB_MOV_FINANCIEROS,MOV00234916,FK_HUERFANA,id_cli=CLI900679 no existe en TB_CLIENTES_CORE
TB_MOV_FINANCIEROS,MOV00215947,FK_HUERFANA,id_cli=CLI900680 no existe en TB_CLIENTES_CORE
TB_MOV_FINANCIEROS,MOV00394086,FK_HUERFANA,id_cli=CLI900681 no existe en TB_CLIENTES_CORE
TB_MOV_FINANCIEROS,MOV00323425,FK_HUERFANA,id_cli=CLI900682 no existe en TB_CLIENTES_CORE
TB_MOV_FINANCIEROS,MOV00152595,FK_HUERFANA,id_cli=CLI900683 no existe en TB_CLIENTES_CORE
TB_MOV_FINANCIEROS,MOV00021164,FK_HUERFANA,id_cli=CLI900684 no existe en TB_CLIENTES_CORE
TB_MOV_FINANCIEROS,MOV00274998,FK_HUERFANA,id_cli=CLI900685 no existe en TB_CLIENTES_CORE
TB_MOV_FINANCIEROS,MOV00282184,FK_HUERFANA,id_cli=CLI900686 no existe en TB_CLIENTES_CORE
TB_MOV_FINANCIEROS,MOV00107381,FK_HUERFANA,id_cli=CLI900687 no existe en TB_CLIENTES_CORE
TB_MOV_FINANCIEROS,MOV00016273,FK_HUERFANA,id_cli=CLI900688 no existe en TB_CLIENTES_CORE
TB_MOV_FINANCIEROS,MOV00172433,FK_HUERFANA,id_cli=CLI900689 no existe en TB_CLIENTES_CORE
TB_MOV_FINANCIEROS,MOV00007745,FK_HUERFANA,id_cli=CLI900690 no existe en TB_CLIENTES_CORE
TB_MOV_FINANCIEROS,MOV00216619,FK_HUERFANA,id_cli=CLI900691 no existe en TB_CLIENTES_CORE
TB_MOV_FINANCIEROS,MOV00485538,FK_HUERFANA,id_cli=CLI900692 no existe en TB_CLIENTES_CORE
TB_MOV_FINANCIEROS,MOV00056394,FK_HUERFANA,id_cli=CLI900693 no existe en TB_CLIENTES_CORE
TB_MOV_FINANCIEROS,MOV00042018,FK_HUERFANA,id_cli=CLI900694 no existe en TB_CLIENTES_CORE
TB_MOV_FINANCIEROS,MOV00175329,FK_HUERFANA,id_cli=CLI900695 no existe en TB_CLIENTES_CORE
TB_MOV_FINANCIEROS,MOV00125853,FK_HUERFANA,id_cli=CLI900696 no existe en TB_CLIENTES_CORE
TB_MOV_FINANCIEROS,MOV00318516,FK_HUERFANA,id_cli=CLI900697 no existe en TB_CLIENTES_CORE
TB_MOV_FINANCIEROS,MOV00137193,FK_HUERFANA,id_cli=CLI900698 no existe en TB_CLIENTES_CORE
TB_MOV_FINANCIEROS,MOV00009352,FK_HUERFANA,id_cli=CLI900699 no existe en TB_CLIENTES_CORE
TB_MOV_FINANCIEROS,MOV00037653,FK_HUERFANA,id_cli=CLI900700 no existe en TB_CLIENTES_CORE
TB_MOV_FINANCIEROS,MOV00175265,FK_HUERFANA,id_cli=CLI900701 no existe en TB_CLIENTES_CORE
TB_MOV_FINANCIEROS,MOV00277105,FK_HUERFANA,id_cli=CLI900702 no existe en TB_CLIENTES_CORE
TB_MOV_FINANCIEROS,MOV00432590,FK_HUERFANA,id_cli=CLI900703 no existe en TB_CLIENTES_CORE
TB_MOV_FINANCIEROS,MOV00034677,FK_HUERFANA,id_cli=CLI900704 no existe en TB_CLIENTES_CORE
TB_MOV_FINANCIEROS,MOV00069054,FK_HUERFANA,id_cli=CLI900705 no existe en TB_CLIENTES_CORE
TB_MOV_FINANCIEROS,MOV00321493,FK_HUERFANA,id_cli=CLI900706 no existe en TB_CLIENTES_CORE
TB_MOV_FINANCIEROS,MOV00198486,FK_HUERFANA,id_cli=CLI900707 no existe en TB_CLIENTES_CORE
TB_MOV_FINANCIEROS,MOV00485102,FK_HUERFANA,id_cli=CLI900708 no existe en TB_CLIENTES_CORE
TB_MOV_FINANCIEROS,MOV00039825,FK_HUERFANA,id_cli=CLI900709 no existe en TB_CLIENTES_CORE
TB_MOV_FINANCIEROS,MOV00013923,FK_HUERFANA,id_cli=CLI900710 no existe en TB_CLIENTES_CORE
TB_MOV_FINANCIEROS,MOV00009533,FK_HUERFANA,id_cli=CLI900711 no existe en TB_CLIENTES_CORE
TB_MOV_FINANCIEROS,MOV00313374,FK_HUERFANA,id_cli=CLI900712 no existe en TB_CLIENTES_CORE
TB_MOV_FINANCIEROS,MOV00478663,FK_HUERFANA,id_cli=CLI900713 no existe en TB_CLIENTES_CORE
TB_MOV_FINANCIEROS,MOV00027537,FK_HUERFANA,id_cli=CLI900714 no existe en TB_CLIENTES_CORE
TB_MOV_FINANCIEROS,MOV00059019,FK_HUERFANA,id_cli=CLI900715 no existe en TB_CLIENTES_CORE
TB_MOV_FINANCIEROS,MOV00030675,FK_HUERFANA,id_cli=CLI900716 no existe en TB_CLIENTES_CORE
TB_MOV_FINANCIEROS,MOV00376725,FK_HUERFANA,id_cli=CLI900717 no existe en TB_CLIENTES_CORE
TB_MOV_FINANCIEROS,MOV00415903,FK_HUERFANA,id_cli=CLI900718 no existe en TB_CLIENTES_CORE
TB_MOV_FINANCIEROS,MOV00294916,FK_HUERFANA,id_cli=CLI900719 no existe en TB_CLIENTES_CORE
TB_MOV_FINANCIEROS,MOV00424581,FK_HUERFANA,id_cli=CLI900720 no existe en TB_CLIENTES_CORE
TB_MOV_FINANCIEROS,MOV00193292,FK_HUERFANA,id_cli=CLI900721 no existe en TB_CLIENTES_CORE
TB_MOV_FINANCIEROS,MOV00057405,FK_HUERFANA,id_cli=CLI900722 no existe en TB_CLIENTES_CORE
TB_MOV_FINANCIEROS,MOV00304701,FK_HUERFANA,id_cli=CLI900723 no existe en TB_CLIENTES_CORE
TB_MOV_FINANCIEROS,MOV00352715,FK_HUERFANA,id_cli=CLI900724 no existe en TB_CLIENTES_CORE
TB_MOV_FINANCIEROS,MOV00487563,FK_HUERFANA,id_cli=CLI900725 no existe en TB_CLIENTES_CORE
TB_MOV_FINANCIEROS,MOV00467355,FK_HUERFANA,id_cli=CLI900726 no existe en TB_CLIENTES_CORE
TB_MOV_FINANCIEROS,MOV00154456,FK_HUERFANA,id_cli=CLI900727 no existe en TB_CLIENTES_CORE
TB_MOV_FINANCIEROS,MOV00160096,FK_HUERFANA,id_cli=CLI900728 no existe en TB_CLIENTES_CORE
TB_MOV_FINANCIEROS,MOV00201837,FK_HUERFANA,id_cli=CLI900729 no existe en TB_CLIENTES_CORE
TB_MOV_FINANCIEROS,MOV00352767,FK_HUERFANA,id_cli=CLI900730 no existe en TB_CLIENTES_CORE
TB_MOV_FINANCIEROS,MOV00278600,FK_HUERFANA,id_cli=CLI900731 no existe en TB_CLIENTES_CORE
TB_MOV_FINANCIEROS,MOV00055882,FK_HUERFANA,id_cli=CLI900732 no existe en TB_CLIENTES_CORE
TB_MOV_FINANCIEROS,MOV00216164,FK_HUERFANA,id_cli=CLI900733 no existe en TB_CLIENTES_CORE
TB_MOV_FINANCIEROS,MOV00265556,FK_HUERFANA,id_cli=CLI900734 no existe en TB_CLIENTES_CORE
TB_MOV_FINANCIEROS,MOV00278120,FK_HUERFANA,id_cli=CLI900735 no existe en TB_CLIENTES_CORE
TB_MOV_FINANCIEROS,MOV00342749,FK_HUERFANA,id_cli=CLI900736 no existe en TB_CLIENTES_CORE
TB_MOV_FINANCIEROS,MOV00043520,FK_HUERFANA,id_cli=CLI900737 no existe en TB_CLIENTES_CORE
TB_MOV_FINANCIEROS,MOV00023493,FK_HUERFANA,id_cli=CLI900738 no existe en TB_CLIENTES_CORE
TB_MOV_FINANCIEROS,MOV00394360,FK_HUERFANA,id_cli=CLI900739 no existe en TB_CLIENTES_CORE
TB_MOV_FINANCIEROS,MOV00459575,FK_HUERFANA,id_cli=CLI900740 no existe en TB_CLIENTES_CORE
TB_MOV_FINANCIEROS,MOV00419321,FK_HUERFANA,id_cli=CLI900741 no existe en TB_CLIENTES_CORE
TB_MOV_FINANCIEROS,MOV00382214,FK_HUERFANA,id_cli=CLI900742 no existe en TB_CLIENTES_CORE
TB_MOV_FINANCIEROS,MOV00317156,FK_HUERFANA,id_cli=CLI900743 no existe en TB_CLIENTES_CORE
TB_MOV_FINANCIEROS,MOV00010900,FK_HUERFANA,id_cli=CLI900744 no existe en TB_CLIENTES_CORE
TB_MOV_FINANCIEROS,MOV00464320,FK_HUERFANA,id_cli=CLI900745 no existe en TB_CLIENTES_CORE
TB_MOV_FINANCIEROS,MOV00460568,FK_HUERFANA,id_cli=CLI900746 no existe en TB_CLIENTES_CORE
TB_MOV_FINANCIEROS,MOV00043818,FK_HUERFANA,id_cli=CLI900747 no existe en TB_CLIENTES_CORE
TB_MOV_FINANCIEROS,MOV00320136,FK_HUERFANA,id_cli=CLI900748 no existe en TB_CLIENTES_CORE
TB_MOV_FINANCIEROS,MOV00324967,FK_HUERFANA,id_cli=CLI900749 no existe en TB_CLIENTES_CORE
TB_MOV_FINANCIEROS,MOV00324890,FK_HUERFANA,id_cli=CLI900750 no existe en TB_CLIENTES_CORE
TB_MOV_FINANCIEROS,MOV00226962,FK_HUERFANA,id_cli=CLI900751 no existe en TB_CLIENTES_CORE
TB_COMISIONES_LOG,COM074134,FK_HUERFANA,id_cli=CLI900000 no existe en TB_CLIENTES_CORE
TB_COMISIONES_LOG,COM009029,FK_HUERFANA,id_cli=CLI900001 no existe en TB_CLIENTES_CORE
TB_COMISIONES_LOG,COM064888,FK_HUERFANA,id_cli=CLI900002 no existe en TB_CLIENTES_CORE
TB_COMISIONES_LOG,COM020270,FK_HUERFANA,id_cli=CLI900003 no existe en TB_CLIENTES_CORE
TB_COMISIONES_LOG,COM074122,FK_HUERFANA,id_cli=CLI900004 no existe en TB_CLIENTES_CORE
TB_COMISIONES_LOG,COM018261,FK_HUERFANA,id_cli=CLI900005 no existe en TB_CLIENTES_CORE
TB_COMISIONES_LOG,COM004024,FK_HUERFANA,id_cli=CLI900006 no existe en TB_CLIENTES_CORE
TB_COMISIONES_LOG,COM021349,FK_HUERFANA,id_cli=CLI900007 no existe en TB_CLIENTES_CORE
TB_COMISIONES_LOG,COM019783,FK_HUERFANA,id_cli=CLI900008 no existe en TB_CLIENTES_CORE
TB_COMISIONES_LOG,COM008236,FK_HUERFANA,id_cli=CLI900009 no existe en TB_CLIENTES_CORE
TB_COMISIONES_LOG,COM050647,FK_HUERFANA,id_cli=CLI900010 no existe en TB_CLIENTES_CORE
TB_COMISIONES_LOG,COM006442,FK_HUERFANA,id_cli=CLI900011 no existe en TB_CLIENTES_CORE
TB_COMISIONES_LOG,COM073731,FK_HUERFANA,id_cli=CLI900012 no existe en TB_CLIENTES_CORE
TB_COMISIONES_LOG,COM070843,FK_HUERFANA,id_cli=CLI900013 no existe en TB_CLIENTES_CORE
TB_COMISIONES_LOG,COM048825,FK_HUERFANA,id_cli=CLI900014 no existe en TB_CLIENTES_CORE
TB_COMISIONES_LOG,COM001962,FK_HUERFANA,id_cli=CLI900015 no existe en TB_CLIENTES_CORE
TB_COMISIONES_LOG,COM068320,FK_HUERFANA,id_cli=CLI900016 no existe en TB_CLIENTES_CORE
TB_COMISIONES_LOG,COM045922,FK_HUERFANA,id_cli=CLI900017 no existe en TB_CLIENTES_CORE
TB_COMISIONES_LOG,COM031399,FK_HUERFANA,id_cli=CLI900018 no existe en TB_CLIENTES_CORE
TB_COMISIONES_LOG,COM063423,FK_HUERFANA,id_cli=CLI900019 no existe en TB_CLIENTES_CORE
TB_COMISIONES_LOG,COM006849,FK_HUERFANA,id_cli=CLI900020 no existe en TB_CLIENTES_CORE
TB_COMISIONES_LOG,COM079449,FK_HUERFANA,id_cli=CLI900021 no existe en TB_CLIENTES_CORE
TB_COMISIONES_LOG,COM076644,FK_HUERFANA,id_cli=CLI900022 no existe en TB_CLIENTES_CORE
TB_COMISIONES_LOG,COM040782,FK_HUERFANA,id_cli=CLI900023 no existe en TB_CLIENTES_CORE
TB_COMISIONES_LOG,COM009126,FK_HUERFANA,id_cli=CLI900024 no existe en TB_CLIENTES_CORE
TB_COMISIONES_LOG,COM036376,FK_HUERFANA,id_cli=CLI900025 no existe en TB_CLIENTES_CORE
TB_COMISIONES_LOG,COM038180,FK_HUERFANA,id_cli=CLI900026 no existe en TB_CLIENTES_CORE
TB_COMISIONES_LOG,COM049993,FK_HUERFANA,id_cli=CLI900027 no existe en TB_CLIENTES_CORE
TB_COMISIONES_LOG,COM021724,FK_HUERFANA,id_cli=CLI900028 no existe en TB_CLIENTES_CORE
TB_COMISIONES_LOG,COM009631,FK_HUERFANA,id_cli=CLI900029 no existe en TB_CLIENTES_CORE
TB_COMISIONES_LOG,COM063642,FK_HUERFANA,id_cli=CLI900030 no existe en TB_CLIENTES_CORE
TB_COMISIONES_LOG,COM055541,FK_HUERFANA,id_cli=CLI900031 no existe en TB_CLIENTES_CORE
TB_COMISIONES_LOG,COM024448,FK_HUERFANA,id_cli=CLI900032 no existe en TB_CLIENTES_CORE
TB_COMISIONES_LOG,COM039993,FK_HUERFANA,id_cli=CLI900033 no existe en TB_CLIENTES_CORE
TB_COMISIONES_LOG,COM070500,FK_HUERFANA,id_cli=CLI900034 no existe en TB_CLIENTES_CORE
TB_COMISIONES_LOG,COM030769,FK_HUERFANA,id_cli=CLI900035 no existe en TB_CLIENTES_CORE
TB_COMISIONES_LOG,COM039678,FK_HUERFANA,id_cli=CLI900036 no existe en TB_CLIENTES_CORE
TB_COMISIONES_LOG,COM029539,FK_HUERFANA,id_cli=CLI900037 no existe en TB_CLIENTES_CORE
TB_COMISIONES_LOG,COM031982,FK_HUERFANA,id_cli=CLI900038 no existe en TB_CLIENTES_CORE
TB_COMISIONES_LOG,COM007372,FK_HUERFANA,id_cli=CLI900039 no existe en TB_CLIENTES_CORE
TB_COMISIONES_LOG,COM041304,FK_HUERFANA,id_cli=CLI900040 no existe en TB_CLIENTES_CORE
TB_COMISIONES_LOG,COM014937,FK_HUERFANA,id_cli=CLI900041 no existe en TB_CLIENTES_CORE
TB_COMISIONES_LOG,COM028929,FK_HUERFANA,id_cli=CLI900042 no existe en TB_CLIENTES_CORE
TB_COMISIONES_LOG,COM076436,FK_HUERFANA,id_cli=CLI900043 no existe en TB_CLIENTES_CORE
TB_COMISIONES_LOG,COM076799,FK_HUERFANA,id_cli=CLI900044 no existe en TB_CLIENTES_CORE
TB_COMISIONES_LOG,COM014218,FK_HUERFANA,id_cli=CLI900045 no existe en TB_CLIENTES_CORE
TB_COMISIONES_LOG,COM039161,FK_HUERFANA,id_cli=CLI900046 no existe en TB_CLIENTES_CORE
TB_COMISIONES_LOG,COM001949,FK_HUERFANA,id_cli=CLI900047 no existe en TB_CLIENTES_CORE
TB_COMISIONES_LOG,COM046077,FK_HUERFANA,id_cli=CLI900048 no existe en TB_CLIENTES_CORE
TB_COMISIONES_LOG,COM026181,FK_HUERFANA,id_cli=CLI900049 no existe en TB_CLIENTES_CORE
TB_COMISIONES_LOG,COM023023,FK_HUERFANA,id_cli=CLI900050 no existe en TB_CLIENTES_CORE
TB_COMISIONES_LOG,COM019916,FK_HUERFANA,id_cli=CLI900051 no existe en TB_CLIENTES_CORE
TB_COMISIONES_LOG,COM072186,FK_HUERFANA,id_cli=CLI900052 no existe en TB_CLIENTES_CORE
TB_COMISIONES_LOG,COM068597,FK_HUERFANA,id_cli=CLI900053 no existe en TB_CLIENTES_CORE
TB_COMISIONES_LOG,COM053485,FK_HUERFANA,id_cli=CLI900054 no existe en TB_CLIENTES_CORE
TB_COMISIONES_LOG,COM033166,FK_HUERFANA,id_cli=CLI900055 no existe en TB_CLIENTES_CORE
TB_COMISIONES_LOG,COM056237,FK_HUERFANA,id_cli=CLI900056 no existe en TB_CLIENTES_CORE
TB_COMISIONES_LOG,COM028817,FK_HUERFANA,id_cli=CLI900057 no existe en TB_CLIENTES_CORE
TB_COMISIONES_LOG,COM034013,FK_HUERFANA,id_cli=CLI900058 no existe en TB_CLIENTES_CORE
TB_COMISIONES_LOG,COM034809,FK_HUERFANA,id_cli=CLI900059 no existe en TB_CLIENTES_CORE
TB_COMISIONES_LOG,COM020312,FK_HUERFANA,id_cli=CLI900060 no existe en TB_CLIENTES_CORE
TB_COMISIONES_LOG,COM070033,FK_HUERFANA,id_cli=CLI900061 no existe en TB_CLIENTES_CORE
TB_COMISIONES_LOG,COM002621,FK_HUERFANA,id_cli=CLI900062 no existe en TB_CLIENTES_CORE
TB_COMISIONES_LOG,COM018131,FK_HUERFANA,id_cli=CLI900063 no existe en TB_CLIENTES_CORE
TB_COMISIONES_LOG,COM077271,FK_HUERFANA,id_cli=CLI900064 no existe en TB_CLIENTES_CORE
TB_COMISIONES_LOG,COM011204,FK_HUERFANA,id_cli=CLI900065 no existe en TB_CLIENTES_CORE
TB_COMISIONES_LOG,COM003665,FK_HUERFANA,id_cli=CLI900066 no existe en TB_CLIENTES_CORE
TB_COMISIONES_LOG,COM039990,FK_HUERFANA,id_cli=CLI900067 no existe en TB_CLIENTES_CORE
TB_COMISIONES_LOG,COM056549,FK_HUERFANA,id_cli=CLI900068 no existe en TB_CLIENTES_CORE
TB_COMISIONES_LOG,COM056884,FK_HUERFANA,id_cli=CLI900069 no existe en TB_CLIENTES_CORE
TB_COMISIONES_LOG,COM007252,FK_HUERFANA,id_cli=CLI900070 no existe en TB_CLIENTES_CORE
TB_COMISIONES_LOG,COM009273,FK_HUERFANA,id_cli=CLI900071 no existe en TB_CLIENTES_CORE
TB_COMISIONES_LOG,COM035490,FK_HUERFANA,id_cli=CLI900072 no existe en TB_CLIENTES_CORE
TB_COMISIONES_LOG,COM016642,FK_HUERFANA,id_cli=CLI900073 no existe en TB_CLIENTES_CORE
TB_COMISIONES_LOG,COM074928,FK_HUERFANA,id_cli=CLI900074 no existe en TB_CLIENTES_CORE
TB_COMISIONES_LOG,COM035513,FK_HUERFANA,id_cli=CLI900075 no existe en TB_CLIENTES_CORE
TB_COMISIONES_LOG,COM028534,FK_HUERFANA,id_cli=CLI900076 no existe en TB_CLIENTES_CORE
TB_COMISIONES_LOG,COM034189,FK_HUERFANA,id_cli=CLI900077 no existe en TB_CLIENTES_CORE
TB_COMISIONES_LOG,COM023910,FK_HUERFANA,id_cli=CLI900078 no existe en TB_CLIENTES_CORE
TB_COMISIONES_LOG,COM048685,FK_HUERFANA,id_cli=CLI900079 no existe en TB_CLIENTES_CORE
TB_COMISIONES_LOG,COM011662,FK_HUERFANA,id_cli=CLI900080 no existe en TB_CLIENTES_CORE
TB_COMISIONES_LOG,COM021906,FK_HUERFANA,id_cli=CLI900081 no existe en TB_CLIENTES_CORE
TB_COMISIONES_LOG,COM005382,FK_HUERFANA,id_cli=CLI900082 no existe en TB_CLIENTES_CORE
TB_COMISIONES_LOG,COM016718,FK_HUERFANA,id_cli=CLI900083 no existe en TB_CLIENTES_CORE
TB_COMISIONES_LOG,COM060283,FK_HUERFANA,id_cli=CLI900084 no existe en TB_CLIENTES_CORE
TB_COMISIONES_LOG,COM054083,FK_HUERFANA,id_cli=CLI900085 no existe en TB_CLIENTES_CORE
TB_COMISIONES_LOG,COM010173,FK_HUERFANA,id_cli=CLI900086 no existe en TB_CLIENTES_CORE
TB_COMISIONES_LOG,COM001313,FK_HUERFANA,id_cli=CLI900087 no existe en TB_CLIENTES_CORE
TB_COMISIONES_LOG,COM025539,FK_HUERFANA,id_cli=CLI900088 no existe en TB_CLIENTES_CORE
TB_COMISIONES_LOG,COM076952,FK_HUERFANA,id_cli=CLI900089 no existe en TB_CLIENTES_CORE
TB_COMISIONES_LOG,COM038475,FK_HUERFANA,id_cli=CLI900090 no existe en TB_CLIENTES_CORE
TB_COMISIONES_LOG,COM063312,FK_HUERFANA,id_cli=CLI900091 no existe en TB_CLIENTES_CORE
TB_COMISIONES_LOG,COM002728,FK_HUERFANA,id_cli=CLI900092 no existe en TB_CLIENTES_CORE
TB_COMISIONES_LOG,COM019015,FK_HUERFANA,id_cli=CLI900093 no existe en TB_CLIENTES_CORE
TB_COMISIONES_LOG,COM012054,FK_HUERFANA,id_cli=CLI900094 no existe en TB_CLIENTES_CORE
TB_COMISIONES_LOG,COM044181,FK_HUERFANA,id_cli=CLI900095 no existe en TB_CLIENTES_CORE
TB_COMISIONES_LOG,COM070692,FK_HUERFANA,id_cli=CLI900096 no existe en TB_CLIENTES_CORE
TB_COMISIONES_LOG,COM072304,FK_HUERFANA,id_cli=CLI900097 no existe en TB_CLIENTES_CORE
TB_COMISIONES_LOG,COM000859,FK_HUERFANA,id_cli=CLI900098 no existe en TB_CLIENTES_CORE
TB_COMISIONES_LOG,COM022471,FK_HUERFANA,id_cli=CLI900099 no existe en TB_CLIENTES_CORE
TB_COMISIONES_LOG,COM028241,FK_HUERFANA,id_cli=CLI900100 no existe en TB_CLIENTES_CORE
TB_COMISIONES_LOG,COM066485,FK_HUERFANA,id_cli=CLI900101 no existe en TB_CLIENTES_CORE
TB_COMISIONES_LOG,COM005854,FK_HUERFANA,id_cli=CLI900102 no existe en TB_CLIENTES_CORE
TB_COMISIONES_LOG,COM010581,FK_HUERFANA,id_cli=CLI900103 no existe en TB_CLIENTES_CORE
TB_COMISIONES_LOG,COM000555,FK_HUERFANA,id_cli=CLI900104 no existe en TB_CLIENTES_CORE
TB_COMISIONES_LOG,COM015425,FK_HUERFANA,id_cli=CLI900105 no existe en TB_CLIENTES_CORE
TB_COMISIONES_LOG,COM013384,FK_HUERFANA,id_cli=CLI900106 no existe en TB_CLIENTES_CORE
TB_COMISIONES_LOG,COM075686,FK_HUERFANA,id_cli=CLI900107 no existe en TB_CLIENTES_CORE
TB_COMISIONES_LOG,COM051956,FK_HUERFANA,id_cli=CLI900108 no existe en TB_CLIENTES_CORE
TB_COMISIONES_LOG,COM041299,FK_HUERFANA,id_cli=CLI900109 no existe en TB_CLIENTES_CORE
TB_COMISIONES_LOG,COM029375,FK_HUERFANA,id_cli=CLI900110 no existe en TB_CLIENTES_CORE
TB_COMISIONES_LOG,COM009469,FK_HUERFANA,id_cli=CLI900111 no existe en TB_CLIENTES_CORE
TB_COMISIONES_LOG,COM026094,FK_HUERFANA,id_cli=CLI900112 no existe en TB_CLIENTES_CORE
TB_COMISIONES_LOG,COM053719,FK_HUERFANA,id_cli=CLI900113 no existe en TB_CLIENTES_CORE
TB_COMISIONES_LOG,COM020105,FK_HUERFANA,id_cli=CLI900114 no existe en TB_CLIENTES_CORE
TB_COMISIONES_LOG,COM065067,FK_HUERFANA,id_cli=CLI900115 no existe en TB_CLIENTES_CORE
TB_COMISIONES_LOG,COM036245,FK_HUERFANA,id_cli=CLI900116 no existe en TB_CLIENTES_CORE
TB_COMISIONES_LOG,COM004945,FK_HUERFANA,id_cli=CLI900117 no existe en TB_CLIENTES_CORE
TB_COMISIONES_LOG,COM035853,FK_HUERFANA,id_cli=CLI900118 no existe en TB_CLIENTES_CORE
TB_COMISIONES_LOG,COM033083,FK_HUERFANA,id_cli=CLI900119 no existe en TB_CLIENTES_CORE
TB_MOV_FINANCIEROS,MOV00207791,CAMPO_INCONSISTENTE,vr_mov negativo (signo inválido para el tipo de movimiento)
TB_MOV_FINANCIEROS,MOV00240393,CAMPO_INCONSISTENTE,vr_mov negativo (signo inválido para el tipo de movimiento)
TB_MOV_FINANCIEROS,MOV00193760,CAMPO_INCONSISTENTE,vr_mov negativo (signo inválido para el tipo de movimiento)
TB_MOV_FINANCIEROS,MOV00467473,CAMPO_INCONSISTENTE,vr_mov negativo (signo inválido para el tipo de movimiento)
TB_MOV_FINANCIEROS,MOV00025345,CAMPO_INCONSISTENTE,vr_mov negativo (signo inválido para el tipo de movimiento)
TB_MOV_FINANCIEROS,MOV00025588,CAMPO_INCONSISTENTE,vr_mov negativo (signo inválido para el tipo de movimiento)
TB_MOV_FINANCIEROS,MOV00473884,CAMPO_INCONSISTENTE,vr_mov negativo (signo inválido para el tipo de movimiento)
TB_MOV_FINANCIEROS,MOV00428498,CAMPO_INCONSISTENTE,vr_mov negativo (signo inválido para el tipo de movimiento)
TB_MOV_FINANCIEROS,MOV00177297,CAMPO_INCONSISTENTE,vr_mov negativo (signo inválido para el tipo de movimiento)
TB_MOV_FINANCIEROS,MOV00357850,CAMPO_INCONSISTENTE,vr_mov negativo (signo inválido para el tipo de movimiento)
TB_MOV_FINANCIEROS,MOV00073032,CAMPO_INCONSISTENTE,vr_mov negativo (signo inválido para el tipo de movimiento)
TB_MOV_FINANCIEROS,MOV00330595,CAMPO_INCONSISTENTE,vr_mov negativo (signo inválido para el tipo de movimiento)
TB_MOV_FINANCIEROS,MOV00487580,CAMPO_INCONSISTENTE,vr_mov negativo (signo inválido para el tipo de movimiento)
TB_MOV_FINANCIEROS,MOV00160876,CAMPO_INCONSISTENTE,vr_mov negativo (signo inválido para el tipo de movimiento)
TB_MOV_FINANCIEROS,MOV00359807,CAMPO_INCONSISTENTE,vr_mov negativo (signo inválido para el tipo de movimiento)
TB_MOV_FINANCIEROS,MOV00401542,CAMPO_INCONSISTENTE,vr_mov negativo (signo inválido para el tipo de movimiento)
TB_MOV_FINANCIEROS,MOV00411916,CAMPO_INCONSISTENTE,vr_mov negativo (signo inválido para el tipo de movimiento)
TB_MOV_FINANCIEROS,MOV00195171,CAMPO_INCONSISTENTE,vr_mov negativo (signo inválido para el tipo de movimiento)
TB_MOV_FINANCIEROS,MOV00107778,CAMPO_INCONSISTENTE,vr_mov negativo (signo inválido para el tipo de movimiento)
TB_MOV_FINANCIEROS,MOV00128127,CAMPO_INCONSISTENTE,vr_mov negativo (signo inválido para el tipo de movimiento)
TB_MOV_FINANCIEROS,MOV00008490,CAMPO_INCONSISTENTE,vr_mov negativo (signo inválido para el tipo de movimiento)
TB_MOV_FINANCIEROS,MOV00058134,CAMPO_INCONSISTENTE,vr_mov negativo (signo inválido para el tipo de movimiento)
TB_MOV_FINANCIEROS,MOV00487866,CAMPO_INCONSISTENTE,vr_mov negativo (signo inválido para el tipo de movimiento)
TB_MOV_FINANCIEROS,MOV00256059,CAMPO_INCONSISTENTE,vr_mov negativo (signo inválido para el tipo de movimiento)
TB_MOV_FINANCIEROS,MOV00148854,CAMPO_INCONSISTENTE,vr_mov negativo (signo inválido para el tipo de movimiento)
TB_MOV_FINANCIEROS,MOV00274184,CAMPO_INCONSISTENTE,vr_mov negativo (signo inválido para el tipo de movimiento)
TB_MOV_FINANCIEROS,MOV00133492,CAMPO_INCONSISTENTE,vr_mov negativo (signo inválido para el tipo de movimiento)
TB_MOV_FINANCIEROS,MOV00135939,CAMPO_INCONSISTENTE,vr_mov negativo (signo inválido para el tipo de movimiento)
TB_MOV_FINANCIEROS,MOV00418677,CAMPO_INCONSISTENTE,vr_mov negativo (signo inválido para el tipo de movimiento)
TB_MOV_FINANCIEROS,MOV00354463,CAMPO_INCONSISTENTE,vr_mov negativo (signo inválido para el tipo de movimiento)
TB_MOV_FINANCIEROS,MOV00281811,CAMPO_INCONSISTENTE,vr_mov negativo (signo inválido para el tipo de movimiento)
TB_MOV_FINANCIEROS,MOV00060521,CAMPO_INCONSISTENTE,vr_mov negativo (signo inválido para el tipo de movimiento)
TB_MOV_FINANCIEROS,MOV00022443,CAMPO_INCONSISTENTE,vr_mov negativo (signo inválido para el tipo de movimiento)
TB_MOV_FINANCIEROS,MOV00214751,CAMPO_INCONSISTENTE,vr_mov negativo (signo inválido para el tipo de movimiento)
TB_MOV_FINANCIEROS,MOV00054615,CAMPO_INCONSISTENTE,vr_mov negativo (signo inválido para el tipo de movimiento)
TB_MOV_FINANCIEROS,MOV00078341,CAMPO_INCONSISTENTE,vr_mov negativo (signo inválido para el tipo de movimiento)
TB_MOV_FINANCIEROS,MOV00175243,CAMPO_INCONSISTENTE,vr_mov negativo (signo inválido para el tipo de movimiento)
TB_MOV_FINANCIEROS,MOV00420574,CAMPO_INCONSISTENTE,vr_mov negativo (signo inválido para el tipo de movimiento)
TB_MOV_FINANCIEROS,MOV00429213,CAMPO_INCONSISTENTE,vr_mov negativo (signo inválido para el tipo de movimiento)
TB_MOV_FINANCIEROS,MOV00374085,CAMPO_INCONSISTENTE,vr_mov negativo (signo inválido para el tipo de movimiento)
TB_MOV_FINANCIEROS,MOV00256463,CAMPO_INCONSISTENTE,vr_mov negativo (signo inválido para el tipo de movimiento)
TB_MOV_FINANCIEROS,MOV00261860,CAMPO_INCONSISTENTE,vr_mov negativo (signo inválido para el tipo de movimiento)
TB_MOV_FINANCIEROS,MOV00065656,CAMPO_INCONSISTENTE,vr_mov negativo (signo inválido para el tipo de movimiento)
TB_MOV_FINANCIEROS,MOV00193460,CAMPO_INCONSISTENTE,vr_mov negativo (signo inválido para el tipo de movimiento)
TB_MOV_FINANCIEROS,MOV00056609,CAMPO_INCONSISTENTE,vr_mov negativo (signo inválido para el tipo de movimiento)
TB_MOV_FINANCIEROS,MOV00322626,CAMPO_INCONSISTENTE,vr_mov negativo (signo inválido para el tipo de movimiento)
TB_MOV_FINANCIEROS,MOV00440640,CAMPO_INCONSISTENTE,vr_mov negativo (signo inválido para el tipo de movimiento)
TB_MOV_FINANCIEROS,MOV00405985,CAMPO_INCONSISTENTE,vr_mov negativo (signo inválido para el tipo de movimiento)
TB_MOV_FINANCIEROS,MOV00123806,CAMPO_INCONSISTENTE,vr_mov negativo (signo inválido para el tipo de movimiento)
TB_MOV_FINANCIEROS,MOV00432869,CAMPO_INCONSISTENTE,vr_mov negativo (signo inválido para el tipo de movimiento)
TB_MOV_FINANCIEROS,MOV00087324,CAMPO_INCONSISTENTE,vr_mov negativo (signo inválido para el tipo de movimiento)
TB_MOV_FINANCIEROS,MOV00031795,CAMPO_INCONSISTENTE,vr_mov negativo (signo inválido para el tipo de movimiento)
TB_MOV_FINANCIEROS,MOV00366001,CAMPO_INCONSISTENTE,vr_mov negativo (signo inválido para el tipo de movimiento)
TB_MOV_FINANCIEROS,MOV00042511,CAMPO_INCONSISTENTE,vr_mov negativo (signo inválido para el tipo de movimiento)
TB_MOV_FINANCIEROS,MOV00077074,CAMPO_INCONSISTENTE,vr_mov negativo (signo inválido para el tipo de movimiento)
TB_MOV_FINANCIEROS,MOV00167043,CAMPO_INCONSISTENTE,vr_mov negativo (signo inválido para el tipo de movimiento)
TB_MOV_FINANCIEROS,MOV00435137,CAMPO_INCONSISTENTE,vr_mov negativo (signo inválido para el tipo de movimiento)
TB_MOV_FINANCIEROS,MOV00395546,CAMPO_INCONSISTENTE,vr_mov negativo (signo inválido para el tipo de movimiento)
TB_MOV_FINANCIEROS,MOV00319545,CAMPO_INCONSISTENTE,vr_mov negativo (signo inválido para el tipo de movimiento)
TB_MOV_FINANCIEROS,MOV00080926,CAMPO_INCONSISTENTE,vr_mov negativo (signo inválido para el tipo de movimiento)
TB_MOV_FINANCIEROS,MOV00196217,CAMPO_INCONSISTENTE,vr_mov negativo (signo inválido para el tipo de movimiento)
TB_MOV_FINANCIEROS,MOV00262558,CAMPO_INCONSISTENTE,vr_mov negativo (signo inválido para el tipo de movimiento)
TB_MOV_FINANCIEROS,MOV00400693,CAMPO_INCONSISTENTE,vr_mov negativo (signo inválido para el tipo de movimiento)
TB_MOV_FINANCIEROS,MOV00047917,CAMPO_INCONSISTENTE,vr_mov negativo (signo inválido para el tipo de movimiento)
TB_MOV_FINANCIEROS,MOV00497884,CAMPO_INCONSISTENTE,vr_mov negativo (signo inválido para el tipo de movimiento)
TB_MOV_FINANCIEROS,MOV00283749,CAMPO_INCONSISTENTE,vr_mov negativo (signo inválido para el tipo de movimiento)
TB_MOV_FINANCIEROS,MOV00026684,CAMPO_INCONSISTENTE,vr_mov negativo (signo inválido para el tipo de movimiento)
TB_MOV_FINANCIEROS,MOV00269757,CAMPO_INCONSISTENTE,vr_mov negativo (signo inválido para el tipo de movimiento)
TB_MOV_FINANCIEROS,MOV00195941,CAMPO_INCONSISTENTE,vr_mov negativo (signo inválido para el tipo de movimiento)
TB_MOV_FINANCIEROS,MOV00142700,CAMPO_INCONSISTENTE,vr_mov negativo (signo inválido para el tipo de movimiento)
TB_MOV_FINANCIEROS,MOV00188643,CAMPO_INCONSISTENTE,vr_mov negativo (signo inválido para el tipo de movimiento)
TB_MOV_FINANCIEROS,MOV00038013,CAMPO_INCONSISTENTE,vr_mov negativo (signo inválido para el tipo de movimiento)
TB_MOV_FINANCIEROS,MOV00218973,CAMPO_INCONSISTENTE,vr_mov negativo (signo inválido para el tipo de movimiento)
TB_MOV_FINANCIEROS,MOV00466925,CAMPO_INCONSISTENTE,vr_mov negativo (signo inválido para el tipo de movimiento)
TB_MOV_FINANCIEROS,MOV00228618,CAMPO_INCONSISTENTE,vr_mov negativo (signo inválido para el tipo de movimiento)
TB_MOV_FINANCIEROS,MOV00101513,CAMPO_INCONSISTENTE,vr_mov negativo (signo inválido para el tipo de movimiento)
TB_MOV_FINANCIEROS,MOV00443131,CAMPO_INCONSISTENTE,vr_mov negativo (signo inválido para el tipo de movimiento)
TB_MOV_FINANCIEROS,MOV00327308,CAMPO_INCONSISTENTE,vr_mov negativo (signo inválido para el tipo de movimiento)
TB_MOV_FINANCIEROS,MOV00076149,CAMPO_INCONSISTENTE,vr_mov negativo (signo inválido para el tipo de movimiento)
TB_MOV_FINANCIEROS,MOV00427303,CAMPO_INCONSISTENTE,vr_mov negativo (signo inválido para el tipo de movimiento)
TB_MOV_FINANCIEROS,MOV00013313,CAMPO_INCONSISTENTE,vr_mov negativo (signo inválido para el tipo de movimiento)
TB_MOV_FINANCIEROS,MOV00270859,CAMPO_INCONSISTENTE,vr_mov negativo (signo inválido para el tipo de movimiento)
TB_MOV_FINANCIEROS,MOV00032082,CAMPO_INCONSISTENTE,vr_mov negativo (signo inválido para el tipo de movimiento)
TB_MOV_FINANCIEROS,MOV00200090,CAMPO_INCONSISTENTE,vr_mov negativo (signo inválido para el tipo de movimiento)
TB_MOV_FINANCIEROS,MOV00015648,CAMPO_INCONSISTENTE,vr_mov negativo (signo inválido para el tipo de movimiento)
TB_MOV_FINANCIEROS,MOV00311888,CAMPO_INCONSISTENTE,vr_mov negativo (signo inválido para el tipo de movimiento)
TB_MOV_FINANCIEROS,MOV00488462,CAMPO_INCONSISTENTE,vr_mov negativo (signo inválido para el tipo de movimiento)
TB_MOV_FINANCIEROS,MOV00451710,CAMPO_INCONSISTENTE,vr_mov negativo (signo inválido para el tipo de movimiento)
TB_MOV_FINANCIEROS,MOV00032411,CAMPO_INCONSISTENTE,vr_mov negativo (signo inválido para el tipo de movimiento)
TB_MOV_FINANCIEROS,MOV00275566,CAMPO_INCONSISTENTE,vr_mov negativo (signo inválido para el tipo de movimiento)
TB_MOV_FINANCIEROS,MOV00333617,CAMPO_INCONSISTENTE,vr_mov negativo (signo inválido para el tipo de movimiento)
TB_MOV_FINANCIEROS,MOV00293884,CAMPO_INCONSISTENTE,vr_mov negativo (signo inválido para el tipo de movimiento)
TB_MOV_FINANCIEROS,MOV00146591,CAMPO_INCONSISTENTE,vr_mov negativo (signo inválido para el tipo de movimiento)
TB_MOV_FINANCIEROS,MOV00280135,CAMPO_INCONSISTENTE,vr_mov negativo (signo inválido para el tipo de movimiento)
TB_MOV_FINANCIEROS,MOV00322231,CAMPO_INCONSISTENTE,vr_mov negativo (signo inválido para el tipo de movimiento)
TB_MOV_FINANCIEROS,MOV00362770,CAMPO_INCONSISTENTE,vr_mov negativo (signo inválido para el tipo de movimiento)
TB_MOV_FINANCIEROS,MOV00476357,CAMPO_INCONSISTENTE,vr_mov negativo (signo inválido para el tipo de movimiento)
TB_MOV_FINANCIEROS,MOV00080998,CAMPO_INCONSISTENTE,vr_mov negativo (signo inválido para el tipo de movimiento)
TB_MOV_FINANCIEROS,MOV00042229,CAMPO_INCONSISTENTE,vr_mov negativo (signo inválido para el tipo de movimiento)
TB_MOV_FINANCIEROS,MOV00481761,CAMPO_INCONSISTENTE,vr_mov negativo (signo inválido para el tipo de movimiento)
TB_MOV_FINANCIEROS,MOV00437538,CAMPO_INCONSISTENTE,vr_mov negativo (signo inválido para el tipo de movimiento)
TB_MOV_FINANCIEROS,MOV00353919,CAMPO_INCONSISTENTE,vr_mov negativo (signo inválido para el tipo de movimiento)
TB_MOV_FINANCIEROS,MOV00250724,CAMPO_INCONSISTENTE,vr_mov negativo (signo inválido para el tipo de movimiento)
TB_MOV_FINANCIEROS,MOV00072102,CAMPO_INCONSISTENTE,vr_mov negativo (signo inválido para el tipo de movimiento)
TB_MOV_FINANCIEROS,MOV00375082,CAMPO_INCONSISTENTE,vr_mov negativo (signo inválido para el tipo de movimiento)
TB_MOV_FINANCIEROS,MOV00499422,CAMPO_INCONSISTENTE,vr_mov negativo (signo inválido para el tipo de movimiento)
TB_MOV_FINANCIEROS,MOV00390894,CAMPO_INCONSISTENTE,vr_mov negativo (signo inválido para el tipo de movimiento)
TB_MOV_FINANCIEROS,MOV00409985,CAMPO_INCONSISTENTE,vr_mov negativo (signo inválido para el tipo de movimiento)
TB_MOV_FINANCIEROS,MOV00397666,CAMPO_INCONSISTENTE,vr_mov negativo (signo inválido para el tipo de movimiento)
TB_MOV_FINANCIEROS,MOV00490132,CAMPO_INCONSISTENTE,vr_mov negativo (signo inválido para el tipo de movimiento)
TB_MOV_FINANCIEROS,MOV00002263,CAMPO_INCONSISTENTE,vr_mov negativo (signo inválido para el tipo de movimiento)
TB_MOV_FINANCIEROS,MOV00141626,CAMPO_INCONSISTENTE,vr_mov negativo (signo inválido para el tipo de movimiento)
TB_MOV_FINANCIEROS,MOV00190786,CAMPO_INCONSISTENTE,vr_mov negativo (signo inválido para el tipo de movimiento)
TB_MOV_FINANCIEROS,MOV00151577,CAMPO_INCONSISTENTE,vr_mov negativo (signo inválido para el tipo de movimiento)
TB_MOV_FINANCIEROS,MOV00191437,CAMPO_INCONSISTENTE,vr_mov negativo (signo inválido para el tipo de movimiento)
TB_MOV_FINANCIEROS,MOV00072591,CAMPO_INCONSISTENTE,vr_mov negativo (signo inválido para el tipo de movimiento)
TB_MOV_FINANCIEROS,MOV00153476,CAMPO_INCONSISTENTE,vr_mov negativo (signo inválido para el tipo de movimiento)
TB_MOV_FINANCIEROS,MOV00071084,CAMPO_INCONSISTENTE,vr_mov negativo (signo inválido para el tipo de movimiento)
TB_MOV_FINANCIEROS,MOV00093862,CAMPO_INCONSISTENTE,vr_mov negativo (signo inválido para el tipo de movimiento)
TB_MOV_FINANCIEROS,MOV00379882,CAMPO_INCONSISTENTE,vr_mov negativo (signo inválido para el tipo de movimiento)
TB_MOV_FINANCIEROS,MOV00268017,CAMPO_INCONSISTENTE,vr_mov negativo (signo inválido para el tipo de movimiento)
TB_MOV_FINANCIEROS,MOV00400847,CAMPO_INCONSISTENTE,vr_mov negativo (signo inválido para el tipo de movimiento)
TB_MOV_FINANCIEROS,MOV00268036,CAMPO_INCONSISTENTE,vr_mov negativo (signo inválido para el tipo de movimiento)
TB_MOV_FINANCIEROS,MOV00452817,CAMPO_INCONSISTENTE,vr_mov negativo (signo inválido para el tipo de movimiento)
TB_MOV_FINANCIEROS,MOV00100463,CAMPO_INCONSISTENTE,vr_mov negativo (signo inválido para el tipo de movimiento)
TB_MOV_FINANCIEROS,MOV00128916,CAMPO_INCONSISTENTE,vr_mov negativo (signo inválido para el tipo de movimiento)
TB_MOV_FINANCIEROS,MOV00021988,CAMPO_INCONSISTENTE,vr_mov negativo (signo inválido para el tipo de movimiento)
TB_MOV_FINANCIEROS,MOV00421763,CAMPO_INCONSISTENTE,vr_mov negativo (signo inválido para el tipo de movimiento)
TB_MOV_FINANCIEROS,MOV00147702,CAMPO_INCONSISTENTE,vr_mov negativo (signo inválido para el tipo de movimiento)
TB_MOV_FINANCIEROS,MOV00350851,CAMPO_INCONSISTENTE,vr_mov negativo (signo inválido para el tipo de movimiento)
TB_MOV_FINANCIEROS,MOV00495094,CAMPO_INCONSISTENTE,vr_mov negativo (signo inválido para el tipo de movimiento)
TB_MOV_FINANCIEROS,MOV00423412,CAMPO_INCONSISTENTE,vr_mov negativo (signo inválido para el tipo de movimiento)
TB_MOV_FINANCIEROS,MOV00184865,CAMPO_INCONSISTENTE,vr_mov negativo (signo inválido para el tipo de movimiento)
TB_MOV_FINANCIEROS,MOV00392543,CAMPO_INCONSISTENTE,vr_mov negativo (signo inválido para el tipo de movimiento)
TB_MOV_FINANCIEROS,MOV00222181,CAMPO_INCONSISTENTE,vr_mov negativo (signo inválido para el tipo de movimiento)
TB_MOV_FINANCIEROS,MOV00346273,CAMPO_INCONSISTENTE,vr_mov negativo (signo inválido para el tipo de movimiento)
TB_MOV_FINANCIEROS,MOV00017979,CAMPO_INCONSISTENTE,vr_mov negativo (signo inválido para el tipo de movimiento)
TB_MOV_FINANCIEROS,MOV00470510,CAMPO_INCONSISTENTE,vr_mov negativo (signo inválido para el tipo de movimiento)
TB_MOV_FINANCIEROS,MOV00053502,CAMPO_INCONSISTENTE,vr_mov negativo (signo inválido para el tipo de movimiento)
TB_MOV_FINANCIEROS,MOV00016563,CAMPO_INCONSISTENTE,vr_mov negativo (signo inválido para el tipo de movimiento)
TB_MOV_FINANCIEROS,MOV00471413,CAMPO_INCONSISTENTE,vr_mov negativo (signo inválido para el tipo de movimiento)
TB_MOV_FINANCIEROS,MOV00437953,CAMPO_INCONSISTENTE,vr_mov negativo (signo inválido para el tipo de movimiento)
TB_MOV_FINANCIEROS,MOV00449743,CAMPO_INCONSISTENTE,vr_mov negativo (signo inválido para el tipo de movimiento)
TB_MOV_FINANCIEROS,MOV00237646,CAMPO_INCONSISTENTE,vr_mov negativo (signo inválido para el tipo de movimiento)
TB_MOV_FINANCIEROS,MOV00086313,CAMPO_INCONSISTENTE,vr_mov negativo (signo inválido para el tipo de movimiento)
TB_MOV_FINANCIEROS,MOV00297288,CAMPO_INCONSISTENTE,vr_mov negativo (signo inválido para el tipo de movimiento)
TB_MOV_FINANCIEROS,MOV00153178,CAMPO_INCONSISTENTE,vr_mov negativo (signo inválido para el tipo de movimiento)
TB_MOV_FINANCIEROS,MOV00027048,CAMPO_INCONSISTENTE,vr_mov negativo (signo inválido para el tipo de movimiento)
TB_MOV_FINANCIEROS,MOV00135713,CAMPO_INCONSISTENTE,vr_mov negativo (signo inválido para el tipo de movimiento)
TB_MOV_FINANCIEROS,MOV00098122,CAMPO_INCONSISTENTE,vr_mov negativo (signo inválido para el tipo de movimiento)
TB_MOV_FINANCIEROS,MOV00010362,CAMPO_INCONSISTENTE,vr_mov negativo (signo inválido para el tipo de movimiento)
TB_MOV_FINANCIEROS,MOV00423055,CAMPO_INCONSISTENTE,vr_mov negativo (signo inválido para el tipo de movimiento)
TB_MOV_FINANCIEROS,MOV00007617,CAMPO_INCONSISTENTE,vr_mov negativo (signo inválido para el tipo de movimiento)
TB_MOV_FINANCIEROS,MOV00011458,CAMPO_INCONSISTENTE,vr_mov negativo (signo inválido para el tipo de movimiento)
TB_MOV_FINANCIEROS,MOV00160619,CAMPO_INCONSISTENTE,vr_mov negativo (signo inválido para el tipo de movimiento)
TB_MOV_FINANCIEROS,MOV00359736,CAMPO_INCONSISTENTE,vr_mov negativo (signo inválido para el tipo de movimiento)
TB_MOV_FINANCIEROS,MOV00070409,CAMPO_INCONSISTENTE,vr_mov negativo (signo inválido para el tipo de movimiento)
TB_MOV_FINANCIEROS,MOV00013025,CAMPO_INCONSISTENTE,vr_mov negativo (signo inválido para el tipo de movimiento)
TB_MOV_FINANCIEROS,MOV00235460,CAMPO_INCONSISTENTE,vr_mov negativo (signo inválido para el tipo de movimiento)
TB_MOV_FINANCIEROS,MOV00414789,CAMPO_INCONSISTENTE,vr_mov negativo (signo inválido para el tipo de movimiento)
TB_MOV_FINANCIEROS,MOV00139060,CAMPO_INCONSISTENTE,vr_mov negativo (signo inválido para el tipo de movimiento)
TB_MOV_FINANCIEROS,MOV00264218,CAMPO_INCONSISTENTE,vr_mov negativo (signo inválido para el tipo de movimiento)
TB_MOV_FINANCIEROS,MOV00367502,CAMPO_INCONSISTENTE,vr_mov negativo (signo inválido para el tipo de movimiento)
TB_MOV_FINANCIEROS,MOV00098628,CAMPO_INCONSISTENTE,vr_mov negativo (signo inválido para el tipo de movimiento)
TB_MOV_FINANCIEROS,MOV00161630,CAMPO_INCONSISTENTE,vr_mov negativo (signo inválido para el tipo de movimiento)
TB_MOV_FINANCIEROS,MOV00293720,CAMPO_INCONSISTENTE,vr_mov negativo (signo inválido para el tipo de movimiento)
TB_MOV_FINANCIEROS,MOV00058514,CAMPO_INCONSISTENTE,vr_mov negativo (signo inválido para el tipo de movimiento)
TB_MOV_FINANCIEROS,MOV00285344,CAMPO_INCONSISTENTE,vr_mov negativo (signo inválido para el tipo de movimiento)
TB_MOV_FINANCIEROS,MOV00165698,CAMPO_INCONSISTENTE,vr_mov negativo (signo inválido para el tipo de movimiento)
TB_MOV_FINANCIEROS,MOV00018924,CAMPO_INCONSISTENTE,vr_mov negativo (signo inválido para el tipo de movimiento)
TB_MOV_FINANCIEROS,MOV00340771,CAMPO_INCONSISTENTE,vr_mov negativo (signo inválido para el tipo de movimiento)
TB_MOV_FINANCIEROS,MOV00461416,CAMPO_INCONSISTENTE,vr_mov negativo (signo inválido para el tipo de movimiento)
TB_MOV_FINANCIEROS,MOV00038018,CAMPO_INCONSISTENTE,vr_mov negativo (signo inválido para el tipo de movimiento)
TB_MOV_FINANCIEROS,MOV00005242,CAMPO_INCONSISTENTE,vr_mov negativo (signo inválido para el tipo de movimiento)
TB_MOV_FINANCIEROS,MOV00321002,CAMPO_INCONSISTENTE,vr_mov negativo (signo inválido para el tipo de movimiento)
TB_MOV_FINANCIEROS,MOV00392009,CAMPO_INCONSISTENTE,vr_mov negativo (signo inválido para el tipo de movimiento)
TB_MOV_FINANCIEROS,MOV00217970,CAMPO_INCONSISTENTE,vr_mov negativo (signo inválido para el tipo de movimiento)
TB_MOV_FINANCIEROS,MOV00419799,CAMPO_INCONSISTENTE,vr_mov negativo (signo inválido para el tipo de movimiento)
TB_MOV_FINANCIEROS,MOV00421855,CAMPO_INCONSISTENTE,vr_mov negativo (signo inválido para el tipo de movimiento)
TB_MOV_FINANCIEROS,MOV00368459,CAMPO_INCONSISTENTE,vr_mov negativo (signo inválido para el tipo de movimiento)
TB_MOV_FINANCIEROS,MOV00409821,CAMPO_INCONSISTENTE,vr_mov negativo (signo inválido para el tipo de movimiento)
TB_MOV_FINANCIEROS,MOV00046989,CAMPO_INCONSISTENTE,vr_mov negativo (signo inválido para el tipo de movimiento)
TB_MOV_FINANCIEROS,MOV00322872,CAMPO_INCONSISTENTE,vr_mov negativo (signo inválido para el tipo de movimiento)
TB_MOV_FINANCIEROS,MOV00018267,CAMPO_INCONSISTENTE,vr_mov negativo (signo inválido para el tipo de movimiento)
TB_MOV_FINANCIEROS,MOV00378012,CAMPO_INCONSISTENTE,vr_mov negativo (signo inválido para el tipo de movimiento)
TB_MOV_FINANCIEROS,MOV00066430,CAMPO_INCONSISTENTE,vr_mov negativo (signo inválido para el tipo de movimiento)
TB_MOV_FINANCIEROS,MOV00479506,CAMPO_INCONSISTENTE,vr_mov negativo (signo inválido para el tipo de movimiento)
TB_MOV_FINANCIEROS,MOV00460032,CAMPO_INCONSISTENTE,vr_mov negativo (signo inválido para el tipo de movimiento)
TB_MOV_FINANCIEROS,MOV00388612,CAMPO_INCONSISTENTE,vr_mov negativo (signo inválido para el tipo de movimiento)
TB_MOV_FINANCIEROS,MOV00404013,CAMPO_INCONSISTENTE,vr_mov negativo (signo inválido para el tipo de movimiento)
TB_MOV_FINANCIEROS,MOV00430042,CAMPO_INCONSISTENTE,vr_mov negativo (signo inválido para el tipo de movimiento)
TB_MOV_FINANCIEROS,MOV00130861,CAMPO_INCONSISTENTE,vr_mov negativo (signo inválido para el tipo de movimiento)
TB_MOV_FINANCIEROS,MOV00257873,CAMPO_INCONSISTENTE,vr_mov negativo (signo inválido para el tipo de movimiento)
TB_MOV_FINANCIEROS,MOV00125127,CAMPO_INCONSISTENTE,vr_mov negativo (signo inválido para el tipo de movimiento)
TB_MOV_FINANCIEROS,MOV00384668,CAMPO_INCONSISTENTE,vr_mov negativo (signo inválido para el tipo de movimiento)
TB_MOV_FINANCIEROS,MOV00180461,CAMPO_INCONSISTENTE,vr_mov negativo (signo inválido para el tipo de movimiento)
TB_MOV_FINANCIEROS,MOV00108408,CAMPO_INCONSISTENTE,vr_mov negativo (signo inválido para el tipo de movimiento)
TB_MOV_FINANCIEROS,MOV00019165,CAMPO_INCONSISTENTE,vr_mov negativo (signo inválido para el tipo de movimiento)
TB_MOV_FINANCIEROS,MOV00064990,CAMPO_INCONSISTENTE,vr_mov negativo (signo inválido para el tipo de movimiento)
TB_MOV_FINANCIEROS,MOV00279250,CAMPO_INCONSISTENTE,vr_mov negativo (signo inválido para el tipo de movimiento)
TB_MOV_FINANCIEROS,MOV00186139,CAMPO_INCONSISTENTE,vr_mov negativo (signo inválido para el tipo de movimiento)
TB_MOV_FINANCIEROS,MOV00029454,CAMPO_INCONSISTENTE,vr_mov negativo (signo inválido para el tipo de movimiento)
TB_MOV_FINANCIEROS,MOV00253639,CAMPO_INCONSISTENTE,vr_mov negativo (signo inválido para el tipo de movimiento)
TB_MOV_FINANCIEROS,MOV00470269,CAMPO_INCONSISTENTE,vr_mov negativo (signo inválido para el tipo de movimiento)
TB_MOV_FINANCIEROS,MOV00366984,CAMPO_INCONSISTENTE,vr_mov negativo (signo inválido para el tipo de movimiento)
TB_MOV_FINANCIEROS,MOV00460143,CAMPO_INCONSISTENTE,vr_mov negativo (signo inválido para el tipo de movimiento)
TB_MOV_FINANCIEROS,MOV00268900,CAMPO_INCONSISTENTE,vr_mov negativo (signo inválido para el tipo de movimiento)
TB_MOV_FINANCIEROS,MOV00098046,CAMPO_INCONSISTENTE,vr_mov negativo (signo inválido para el tipo de movimiento)
TB_MOV_FINANCIEROS,MOV00150763,CAMPO_INCONSISTENTE,vr_mov negativo (signo inválido para el tipo de movimiento)
TB_MOV_FINANCIEROS,MOV00354343,CAMPO_INCONSISTENTE,vr_mov negativo (signo inválido para el tipo de movimiento)
TB_MOV_FINANCIEROS,MOV00499001,CAMPO_INCONSISTENTE,vr_mov negativo (signo inválido para el tipo de movimiento)
TB_MOV_FINANCIEROS,MOV00166368,CAMPO_INCONSISTENTE,vr_mov negativo (signo inválido para el tipo de movimiento)
TB_MOV_FINANCIEROS,MOV00192366,CAMPO_INCONSISTENTE,vr_mov negativo (signo inválido para el tipo de movimiento)
TB_MOV_FINANCIEROS,MOV00206370,CAMPO_INCONSISTENTE,vr_mov negativo (signo inválido para el tipo de movimiento)
TB_MOV_FINANCIEROS,MOV00398103,CAMPO_INCONSISTENTE,vr_mov negativo (signo inválido para el tipo de movimiento)
TB_MOV_FINANCIEROS,MOV00371176,CAMPO_INCONSISTENTE,vr_mov negativo (signo inválido para el tipo de movimiento)
TB_MOV_FINANCIEROS,MOV00328670,CAMPO_INCONSISTENTE,vr_mov negativo (signo inválido para el tipo de movimiento)
TB_MOV_FINANCIEROS,MOV00435719,CAMPO_INCONSISTENTE,vr_mov negativo (signo inválido para el tipo de movimiento)
TB_MOV_FINANCIEROS,MOV00323035,CAMPO_INCONSISTENTE,vr_mov negativo (signo inválido para el tipo de movimiento)
TB_MOV_FINANCIEROS,MOV00456723,CAMPO_INCONSISTENTE,vr_mov negativo (signo inválido para el tipo de movimiento)
TB_MOV_FINANCIEROS,MOV00222807,CAMPO_INCONSISTENTE,vr_mov negativo (signo inválido para el tipo de movimiento)
TB_MOV_FINANCIEROS,MOV00456158,CAMPO_INCONSISTENTE,vr_mov negativo (signo inválido para el tipo de movimiento)
TB_MOV_FINANCIEROS,MOV00216088,CAMPO_INCONSISTENTE,vr_mov negativo (signo inválido para el tipo de movimiento)
TB_MOV_FINANCIEROS,MOV00057935,CAMPO_INCONSISTENTE,vr_mov negativo (signo inválido para el tipo de movimiento)
TB_MOV_FINANCIEROS,MOV00323646,CAMPO_INCONSISTENTE,vr_mov negativo (signo inválido para el tipo de movimiento)
TB_MOV_FINANCIEROS,MOV00319586,CAMPO_INCONSISTENTE,vr_mov negativo (signo inválido para el tipo de movimiento)
TB_MOV_FINANCIEROS,MOV00099838,CAMPO_INCONSISTENTE,vr_mov negativo (signo inválido para el tipo de movimiento)
TB_MOV_FINANCIEROS,MOV00362100,CAMPO_INCONSISTENTE,vr_mov negativo (signo inválido para el tipo de movimiento)
TB_MOV_FINANCIEROS,MOV00056832,CAMPO_INCONSISTENTE,vr_mov negativo (signo inválido para el tipo de movimiento)
TB_MOV_FINANCIEROS,MOV00470027,CAMPO_INCONSISTENTE,vr_mov negativo (signo inválido para el tipo de movimiento)
TB_MOV_FINANCIEROS,MOV00261999,CAMPO_INCONSISTENTE,vr_mov negativo (signo inválido para el tipo de movimiento)
TB_MOV_FINANCIEROS,MOV00045517,CAMPO_INCONSISTENTE,vr_mov negativo (signo inválido para el tipo de movimiento)
TB_MOV_FINANCIEROS,MOV00440935,CAMPO_INCONSISTENTE,vr_mov negativo (signo inválido para el tipo de movimiento)
TB_MOV_FINANCIEROS,MOV00344395,CAMPO_INCONSISTENTE,vr_mov negativo (signo inválido para el tipo de movimiento)
TB_MOV_FINANCIEROS,MOV00128330,CAMPO_INCONSISTENTE,vr_mov negativo (signo inválido para el tipo de movimiento)
TB_MOV_FINANCIEROS,MOV00467369,CAMPO_INCONSISTENTE,vr_mov negativo (signo inválido para el tipo de movimiento)
TB_MOV_FINANCIEROS,MOV00184222,CAMPO_INCONSISTENTE,vr_mov negativo (signo inválido para el tipo de movimiento)
TB_MOV_FINANCIEROS,MOV00165073,CAMPO_INCONSISTENTE,vr_mov negativo (signo inválido para el tipo de movimiento)
TB_MOV_FINANCIEROS,MOV00150217,CAMPO_INCONSISTENTE,vr_mov negativo (signo inválido para el tipo de movimiento)
TB_MOV_FINANCIEROS,MOV00203637,CAMPO_INCONSISTENTE,vr_mov negativo (signo inválido para el tipo de movimiento)
TB_MOV_FINANCIEROS,MOV00142471,CAMPO_INCONSISTENTE,vr_mov negativo (signo inválido para el tipo de movimiento)
TB_MOV_FINANCIEROS,MOV00156207,CAMPO_INCONSISTENTE,vr_mov negativo (signo inválido para el tipo de movimiento)
TB_MOV_FINANCIEROS,MOV00180194,CAMPO_INCONSISTENTE,vr_mov negativo (signo inválido para el tipo de movimiento)
TB_MOV_FINANCIEROS,MOV00284846,CAMPO_INCONSISTENTE,vr_mov negativo (signo inválido para el tipo de movimiento)
TB_MOV_FINANCIEROS,MOV00423773,CAMPO_INCONSISTENTE,vr_mov negativo (signo inválido para el tipo de movimiento)
TB_MOV_FINANCIEROS,MOV00356178,CAMPO_INCONSISTENTE,vr_mov negativo (signo inválido para el tipo de movimiento)
TB_MOV_FINANCIEROS,MOV00274093,CAMPO_INCONSISTENTE,vr_mov negativo (signo inválido para el tipo de movimiento)
TB_MOV_FINANCIEROS,MOV00488418,CAMPO_INCONSISTENTE,vr_mov negativo (signo inválido para el tipo de movimiento)
TB_MOV_FINANCIEROS,MOV00283485,CAMPO_INCONSISTENTE,vr_mov negativo (signo inválido para el tipo de movimiento)
TB_MOV_FINANCIEROS,MOV00026036,CAMPO_INCONSISTENTE,vr_mov negativo (signo inválido para el tipo de movimiento)
TB_MOV_FINANCIEROS,MOV00411043,CAMPO_INCONSISTENTE,vr_mov negativo (signo inválido para el tipo de movimiento)
TB_MOV_FINANCIEROS,MOV00156731,CAMPO_INCONSISTENTE,vr_mov negativo (signo inválido para el tipo de movimiento)
TB_MOV_FINANCIEROS,MOV00095932,CAMPO_INCONSISTENTE,vr_mov negativo (signo inválido para el tipo de movimiento)
TB_MOV_FINANCIEROS,MOV00298994,CAMPO_INCONSISTENTE,vr_mov negativo (signo inválido para el tipo de movimiento)
TB_MOV_FINANCIEROS,MOV00079318,CAMPO_INCONSISTENTE,vr_mov negativo (signo inválido para el tipo de movimiento)
TB_MOV_FINANCIEROS,MOV00120045,CAMPO_INCONSISTENTE,vr_mov negativo (signo inválido para el tipo de movimiento)
TB_MOV_FINANCIEROS,MOV00319489,CAMPO_INCONSISTENTE,vr_mov negativo (signo inválido para el tipo de movimiento)
TB_MOV_FINANCIEROS,MOV00375809,CAMPO_INCONSISTENTE,vr_mov negativo (signo inválido para el tipo de movimiento)
TB_MOV_FINANCIEROS,MOV00203659,CAMPO_INCONSISTENTE,vr_mov negativo (signo inválido para el tipo de movimiento)
TB_MOV_FINANCIEROS,MOV00305690,CAMPO_INCONSISTENTE,vr_mov negativo (signo inválido para el tipo de movimiento)
TB_MOV_FINANCIEROS,MOV00151186,CAMPO_INCONSISTENTE,vr_mov negativo (signo inválido para el tipo de movimiento)
TB_MOV_FINANCIEROS,MOV00094051,CAMPO_INCONSISTENTE,vr_mov negativo (signo inválido para el tipo de movimiento)
TB_MOV_FINANCIEROS,MOV00443898,CAMPO_INCONSISTENTE,vr_mov negativo (signo inválido para el tipo de movimiento)
TB_MOV_FINANCIEROS,MOV00143241,CAMPO_INCONSISTENTE,vr_mov negativo (signo inválido para el tipo de movimiento)
TB_MOV_FINANCIEROS,MOV00075214,CAMPO_INCONSISTENTE,vr_mov negativo (signo inválido para el tipo de movimiento)
TB_MOV_FINANCIEROS,MOV00296667,CAMPO_INCONSISTENTE,vr_mov negativo (signo inválido para el tipo de movimiento)
TB_MOV_FINANCIEROS,MOV00023943,CAMPO_INCONSISTENTE,vr_mov negativo (signo inválido para el tipo de movimiento)
TB_MOV_FINANCIEROS,MOV00119023,CAMPO_INCONSISTENTE,vr_mov negativo (signo inválido para el tipo de movimiento)
TB_MOV_FINANCIEROS,MOV00495233,CAMPO_INCONSISTENTE,vr_mov negativo (signo inválido para el tipo de movimiento)
TB_MOV_FINANCIEROS,MOV00204824,CAMPO_INCONSISTENTE,vr_mov negativo (signo inválido para el tipo de movimiento)
TB_MOV_FINANCIEROS,MOV00201227,CAMPO_INCONSISTENTE,vr_mov negativo (signo inválido para el tipo de movimiento)
TB_MOV_FINANCIEROS,MOV00089519,CAMPO_INCONSISTENTE,vr_mov negativo (signo inválido para el tipo de movimiento)
TB_MOV_FINANCIEROS,MOV00095915,CAMPO_INCONSISTENTE,vr_mov negativo (signo inválido para el tipo de movimiento)
TB_MOV_FINANCIEROS,MOV00166277,CAMPO_INCONSISTENTE,vr_mov negativo (signo inválido para el tipo de movimiento)
TB_MOV_FINANCIEROS,MOV00374267,CAMPO_INCONSISTENTE,vr_mov negativo (signo inválido para el tipo de movimiento)
TB_MOV_FINANCIEROS,MOV00218827,CAMPO_INCONSISTENTE,vr_mov negativo (signo inválido para el tipo de movimiento)
TB_MOV_FINANCIEROS,MOV00457521,CAMPO_INCONSISTENTE,vr_mov negativo (signo inválido para el tipo de movimiento)
TB_MOV_FINANCIEROS,MOV00274324,CAMPO_INCONSISTENTE,vr_mov negativo (signo inválido para el tipo de movimiento)
TB_MOV_FINANCIEROS,MOV00171426,CAMPO_INCONSISTENTE,vr_mov negativo (signo inválido para el tipo de movimiento)
TB_MOV_FINANCIEROS,MOV00486380,CAMPO_INCONSISTENTE,vr_mov negativo (signo inválido para el tipo de movimiento)
TB_MOV_FINANCIEROS,MOV00033484,CAMPO_INCONSISTENTE,vr_mov negativo (signo inválido para el tipo de movimiento)
TB_MOV_FINANCIEROS,MOV00465377,CAMPO_INCONSISTENTE,vr_mov negativo (signo inválido para el tipo de movimiento)
TB_MOV_FINANCIEROS,MOV00493464,CAMPO_INCONSISTENTE,vr_mov negativo (signo inválido para el tipo de movimiento)
TB_MOV_FINANCIEROS,MOV00369956,CAMPO_INCONSISTENTE,vr_mov negativo (signo inválido para el tipo de movimiento)
TB_MOV_FINANCIEROS,MOV00127468,CAMPO_INCONSISTENTE,vr_mov negativo (signo inválido para el tipo de movimiento)
TB_MOV_FINANCIEROS,MOV00342662,CAMPO_INCONSISTENTE,vr_mov negativo (signo inválido para el tipo de movimiento)
TB_MOV_FINANCIEROS,MOV00111419,CAMPO_INCONSISTENTE,vr_mov negativo (signo inválido para el tipo de movimiento)
TB_MOV_FINANCIEROS,MOV00216526,CAMPO_INCONSISTENTE,vr_mov negativo (signo inválido para el tipo de movimiento)
TB_MOV_FINANCIEROS,MOV00291585,CAMPO_INCONSISTENTE,vr_mov negativo (signo inválido para el tipo de movimiento)
TB_MOV_FINANCIEROS,MOV00325981,CAMPO_INCONSISTENTE,vr_mov negativo (signo inválido para el tipo de movimiento)
TB_MOV_FINANCIEROS,MOV00227872,CAMPO_INCONSISTENTE,vr_mov negativo (signo inválido para el tipo de movimiento)
TB_MOV_FINANCIEROS,MOV00108004,CAMPO_INCONSISTENTE,vr_mov negativo (signo inválido para el tipo de movimiento)
TB_MOV_FINANCIEROS,MOV00065488,CAMPO_INCONSISTENTE,vr_mov negativo (signo inválido para el tipo de movimiento)
TB_MOV_FINANCIEROS,MOV00261118,CAMPO_INCONSISTENTE,vr_mov negativo (signo inválido para el tipo de movimiento)
TB_MOV_FINANCIEROS,MOV00432873,CAMPO_INCONSISTENTE,vr_mov negativo (signo inválido para el tipo de movimiento)
TB_MOV_FINANCIEROS,MOV00490131,CAMPO_INCONSISTENTE,vr_mov negativo (signo inválido para el tipo de movimiento)
TB_MOV_FINANCIEROS,MOV00469573,CAMPO_INCONSISTENTE,vr_mov negativo (signo inválido para el tipo de movimiento)
TB_MOV_FINANCIEROS,MOV00334368,CAMPO_INCONSISTENTE,vr_mov negativo (signo inválido para el tipo de movimiento)
TB_MOV_FINANCIEROS,MOV00367471,CAMPO_INCONSISTENTE,vr_mov negativo (signo inválido para el tipo de movimiento)
TB_MOV_FINANCIEROS,MOV00016324,CAMPO_INCONSISTENTE,vr_mov negativo (signo inválido para el tipo de movimiento)
TB_MOV_FINANCIEROS,MOV00432694,CAMPO_INCONSISTENTE,vr_mov negativo (signo inválido para el tipo de movimiento)
TB_MOV_FINANCIEROS,MOV00304907,CAMPO_INCONSISTENTE,vr_mov negativo (signo inválido para el tipo de movimiento)
TB_MOV_FINANCIEROS,MOV00120152,CAMPO_INCONSISTENTE,vr_mov negativo (signo inválido para el tipo de movimiento)
TB_MOV_FINANCIEROS,MOV00005041,CAMPO_INCONSISTENTE,vr_mov negativo (signo inválido para el tipo de movimiento)
TB_MOV_FINANCIEROS,MOV00464173,CAMPO_INCONSISTENTE,vr_mov negativo (signo inválido para el tipo de movimiento)
TB_MOV_FINANCIEROS,MOV00103933,CAMPO_INCONSISTENTE,vr_mov negativo (signo inválido para el tipo de movimiento)
TB_MOV_FINANCIEROS,MOV00244970,CAMPO_INCONSISTENTE,vr_mov negativo (signo inválido para el tipo de movimiento)
TB_MOV_FINANCIEROS,MOV00035502,CAMPO_INCONSISTENTE,vr_mov negativo (signo inválido para el tipo de movimiento)
TB_MOV_FINANCIEROS,MOV00394773,CAMPO_INCONSISTENTE,vr_mov negativo (signo inválido para el tipo de movimiento)
TB_MOV_FINANCIEROS,MOV00239468,CAMPO_INCONSISTENTE,vr_mov negativo (signo inválido para el tipo de movimiento)
TB_MOV_FINANCIEROS,MOV00337764,CAMPO_INCONSISTENTE,vr_mov negativo (signo inválido para el tipo de movimiento)
TB_MOV_FINANCIEROS,MOV00429013,CAMPO_INCONSISTENTE,vr_mov negativo (signo inválido para el tipo de movimiento)
TB_MOV_FINANCIEROS,MOV00030487,CAMPO_INCONSISTENTE,vr_mov negativo (signo inválido para el tipo de movimiento)
TB_MOV_FINANCIEROS,MOV00310174,CAMPO_INCONSISTENTE,vr_mov negativo (signo inválido para el tipo de movimiento)
TB_MOV_FINANCIEROS,MOV00193104,CAMPO_INCONSISTENTE,vr_mov negativo (signo inválido para el tipo de movimiento)
TB_MOV_FINANCIEROS,MOV00407503,CAMPO_INCONSISTENTE,vr_mov negativo (signo inválido para el tipo de movimiento)
TB_MOV_FINANCIEROS,MOV00131416,CAMPO_INCONSISTENTE,vr_mov negativo (signo inválido para el tipo de movimiento)
TB_MOV_FINANCIEROS,MOV00347215,CAMPO_INCONSISTENTE,vr_mov negativo (signo inválido para el tipo de movimiento)
TB_MOV_FINANCIEROS,MOV00202941,CAMPO_INCONSISTENTE,vr_mov negativo (signo inválido para el tipo de movimiento)
TB_MOV_FINANCIEROS,MOV00346129,CAMPO_INCONSISTENTE,vr_mov negativo (signo inválido para el tipo de movimiento)
TB_MOV_FINANCIEROS,MOV00142337,CAMPO_INCONSISTENTE,vr_mov negativo (signo inválido para el tipo de movimiento)
TB_MOV_FINANCIEROS,MOV00208668,CAMPO_INCONSISTENTE,vr_mov negativo (signo inválido para el tipo de movimiento)
TB_MOV_FINANCIEROS,MOV00486886,CAMPO_INCONSISTENTE,vr_mov negativo (signo inválido para el tipo de movimiento)
TB_MOV_FINANCIEROS,MOV00057014,CAMPO_INCONSISTENTE,vr_mov negativo (signo inválido para el tipo de movimiento)
TB_MOV_FINANCIEROS,MOV00116867,CAMPO_INCONSISTENTE,vr_mov negativo (signo inválido para el tipo de movimiento)
TB_MOV_FINANCIEROS,MOV00373151,CAMPO_INCONSISTENTE,vr_mov negativo (signo inválido para el tipo de movimiento)
TB_MOV_FINANCIEROS,MOV00216403,CAMPO_INCONSISTENTE,vr_mov negativo (signo inválido para el tipo de movimiento)
TB_MOV_FINANCIEROS,MOV00342675,CAMPO_INCONSISTENTE,vr_mov negativo (signo inválido para el tipo de movimiento)
TB_MOV_FINANCIEROS,MOV00088777,CAMPO_INCONSISTENTE,vr_mov negativo (signo inválido para el tipo de movimiento)
TB_MOV_FINANCIEROS,MOV00342571,CAMPO_INCONSISTENTE,vr_mov negativo (signo inválido para el tipo de movimiento)
TB_MOV_FINANCIEROS,MOV00446137,CAMPO_INCONSISTENTE,vr_mov negativo (signo inválido para el tipo de movimiento)
TB_MOV_FINANCIEROS,MOV00064637,CAMPO_INCONSISTENTE,vr_mov negativo (signo inválido para el tipo de movimiento)
TB_MOV_FINANCIEROS,MOV00133488,CAMPO_INCONSISTENTE,vr_mov negativo (signo inválido para el tipo de movimiento)
TB_MOV_FINANCIEROS,MOV00154034,CAMPO_INCONSISTENTE,vr_mov negativo (signo inválido para el tipo de movimiento)
TB_MOV_FINANCIEROS,MOV00229345,CAMPO_INCONSISTENTE,vr_mov negativo (signo inválido para el tipo de movimiento)
TB_MOV_FINANCIEROS,MOV00093902,CAMPO_INCONSISTENTE,vr_mov negativo (signo inválido para el tipo de movimiento)
TB_MOV_FINANCIEROS,MOV00065505,CAMPO_INCONSISTENTE,vr_mov negativo (signo inválido para el tipo de movimiento)
TB_MOV_FINANCIEROS,MOV00136583,CAMPO_INCONSISTENTE,vr_mov negativo (signo inválido para el tipo de movimiento)
TB_MOV_FINANCIEROS,MOV00122144,CAMPO_INCONSISTENTE,vr_mov negativo (signo inválido para el tipo de movimiento)
TB_MOV_FINANCIEROS,MOV00405958,CAMPO_INCONSISTENTE,vr_mov negativo (signo inválido para el tipo de movimiento)
TB_MOV_FINANCIEROS,MOV00205463,CAMPO_INCONSISTENTE,vr_mov negativo (signo inválido para el tipo de movimiento)
TB_MOV_FINANCIEROS,MOV00385413,CAMPO_INCONSISTENTE,vr_mov negativo (signo inválido para el tipo de movimiento)
TB_MOV_FINANCIEROS,MOV00409218,CAMPO_INCONSISTENTE,vr_mov negativo (signo inválido para el tipo de movimiento)
TB_MOV_FINANCIEROS,MOV00496321,CAMPO_INCONSISTENTE,vr_mov negativo (signo inválido para el tipo de movimiento)
TB_MOV_FINANCIEROS,MOV00026320,CAMPO_INCONSISTENTE,vr_mov negativo (signo inválido para el tipo de movimiento)
TB_MOV_FINANCIEROS,MOV00331693,CAMPO_INCONSISTENTE,vr_mov negativo (signo inválido para el tipo de movimiento)
TB_MOV_FINANCIEROS,MOV00235922,CAMPO_INCONSISTENTE,vr_mov negativo (signo inválido para el tipo de movimiento)
TB_MOV_FINANCIEROS,MOV00410577,CAMPO_INCONSISTENTE,vr_mov negativo (signo inválido para el tipo de movimiento)
TB_MOV_FINANCIEROS,MOV00360891,CAMPO_INCONSISTENTE,vr_mov negativo (signo inválido para el tipo de movimiento)
TB_MOV_FINANCIEROS,MOV00146520,CAMPO_INCONSISTENTE,vr_mov negativo (signo inválido para el tipo de movimiento)
TB_MOV_FINANCIEROS,MOV00322286,CAMPO_INCONSISTENTE,vr_mov negativo (signo inválido para el tipo de movimiento)
TB_MOV_FINANCIEROS,MOV00185112,CAMPO_INCONSISTENTE,vr_mov negativo (signo inválido para el tipo de movimiento)
TB_MOV_FINANCIEROS,MOV00141200,CAMPO_INCONSISTENTE,vr_mov negativo (signo inválido para el tipo de movimiento)
TB_MOV_FINANCIEROS,MOV00037485,CAMPO_INCONSISTENTE,vr_mov negativo (signo inválido para el tipo de movimiento)
TB_MOV_FINANCIEROS,MOV00257730,CAMPO_INCONSISTENTE,vr_mov negativo (signo inválido para el tipo de movimiento)
TB_MOV_FINANCIEROS,MOV00025397,CAMPO_INCONSISTENTE,vr_mov negativo (signo inválido para el tipo de movimiento)
TB_MOV_FINANCIEROS,MOV00290461,CAMPO_INCONSISTENTE,vr_mov negativo (signo inválido para el tipo de movimiento)
TB_MOV_FINANCIEROS,MOV00451631,CAMPO_INCONSISTENTE,vr_mov negativo (signo inválido para el tipo de movimiento)
TB_MOV_FINANCIEROS,MOV00299309,CAMPO_INCONSISTENTE,vr_mov negativo (signo inválido para el tipo de movimiento)
TB_MOV_FINANCIEROS,MOV00467410,CAMPO_INCONSISTENTE,vr_mov negativo (signo inválido para el tipo de movimiento)
TB_MOV_FINANCIEROS,MOV00006340,CAMPO_INCONSISTENTE,vr_mov negativo (signo inválido para el tipo de movimiento)
TB_MOV_FINANCIEROS,MOV00180558,CAMPO_INCONSISTENTE,vr_mov negativo (signo inválido para el tipo de movimiento)
TB_MOV_FINANCIEROS,MOV00190688,CAMPO_INCONSISTENTE,vr_mov negativo (signo inválido para el tipo de movimiento)
TB_MOV_FINANCIEROS,MOV00242745,CAMPO_INCONSISTENTE,vr_mov negativo (signo inválido para el tipo de movimiento)
TB_MOV_FINANCIEROS,MOV00151766,CAMPO_INCONSISTENTE,vr_mov negativo (signo inválido para el tipo de movimiento)
TB_MOV_FINANCIEROS,MOV00098107,CAMPO_INCONSISTENTE,vr_mov negativo (signo inválido para el tipo de movimiento)
TB_MOV_FINANCIEROS,MOV00328317,CAMPO_INCONSISTENTE,vr_mov negativo (signo inválido para el tipo de movimiento)
TB_MOV_FINANCIEROS,MOV00237464,CAMPO_INCONSISTENTE,vr_mov negativo (signo inválido para el tipo de movimiento)
TB_MOV_FINANCIEROS,MOV00074645,CAMPO_INCONSISTENTE,vr_mov negativo (signo inválido para el tipo de movimiento)
TB_MOV_FINANCIEROS,MOV00281271,CAMPO_INCONSISTENTE,vr_mov negativo (signo inválido para el tipo de movimiento)
TB_MOV_FINANCIEROS,MOV00423063,CAMPO_INCONSISTENTE,vr_mov negativo (signo inválido para el tipo de movimiento)
TB_MOV_FINANCIEROS,MOV00052451,CAMPO_INCONSISTENTE,vr_mov negativo (signo inválido para el tipo de movimiento)
TB_MOV_FINANCIEROS,MOV00346490,CAMPO_INCONSISTENTE,vr_mov negativo (signo inválido para el tipo de movimiento)
TB_MOV_FINANCIEROS,MOV00416246,CAMPO_INCONSISTENTE,vr_mov negativo (signo inválido para el tipo de movimiento)
TB_MOV_FINANCIEROS,MOV00380005,CAMPO_INCONSISTENTE,vr_mov negativo (signo inválido para el tipo de movimiento)
TB_MOV_FINANCIEROS,MOV00488860,CAMPO_INCONSISTENTE,vr_mov negativo (signo inválido para el tipo de movimiento)
TB_MOV_FINANCIEROS,MOV00064565,CAMPO_INCONSISTENTE,vr_mov negativo (signo inválido para el tipo de movimiento)
TB_MOV_FINANCIEROS,MOV00009814,CAMPO_INCONSISTENTE,vr_mov negativo (signo inválido para el tipo de movimiento)
TB_MOV_FINANCIEROS,MOV00191215,CAMPO_INCONSISTENTE,vr_mov negativo (signo inválido para el tipo de movimiento)
TB_MOV_FINANCIEROS,MOV00152409,CAMPO_INCONSISTENTE,vr_mov negativo (signo inválido para el tipo de movimiento)
TB_MOV_FINANCIEROS,MOV00050244,CAMPO_INCONSISTENTE,vr_mov negativo (signo inválido para el tipo de movimiento)
TB_MOV_FINANCIEROS,MOV00098233,CAMPO_INCONSISTENTE,vr_mov negativo (signo inválido para el tipo de movimiento)
TB_MOV_FINANCIEROS,MOV00351579,CAMPO_INCONSISTENTE,vr_mov negativo (signo inválido para el tipo de movimiento)
TB_MOV_FINANCIEROS,MOV00487273,CAMPO_INCONSISTENTE,vr_mov negativo (signo inválido para el tipo de movimiento)
TB_MOV_FINANCIEROS,MOV00305643,CAMPO_INCONSISTENTE,vr_mov negativo (signo inválido para el tipo de movimiento)
TB_MOV_FINANCIEROS,MOV00066701,CAMPO_INCONSISTENTE,vr_mov negativo (signo inválido para el tipo de movimiento)
TB_MOV_FINANCIEROS,MOV00417540,CAMPO_INCONSISTENTE,vr_mov negativo (signo inválido para el tipo de movimiento)
TB_MOV_FINANCIEROS,MOV00298053,CAMPO_INCONSISTENTE,vr_mov negativo (signo inválido para el tipo de movimiento)
TB_MOV_FINANCIEROS,MOV00404243,CAMPO_INCONSISTENTE,vr_mov negativo (signo inválido para el tipo de movimiento)
TB_MOV_FINANCIEROS,MOV00246895,CAMPO_INCONSISTENTE,vr_mov negativo (signo inválido para el tipo de movimiento)
TB_MOV_FINANCIEROS,MOV00255264,CAMPO_INCONSISTENTE,vr_mov negativo (signo inválido para el tipo de movimiento)
TB_MOV_FINANCIEROS,MOV00287083,CAMPO_INCONSISTENTE,vr_mov negativo (signo inválido para el tipo de movimiento)
TB_MOV_FINANCIEROS,MOV00468851,CAMPO_INCONSISTENTE,vr_mov negativo (signo inválido para el tipo de movimiento)
TB_MOV_FINANCIEROS,MOV00157479,CAMPO_INCONSISTENTE,vr_mov negativo (signo inválido para el tipo de movimiento)
TB_MOV_FINANCIEROS,MOV00480032,CAMPO_INCONSISTENTE,vr_mov negativo (signo inválido para el tipo de movimiento)
TB_MOV_FINANCIEROS,MOV00454530,CAMPO_INCONSISTENTE,vr_mov negativo (signo inválido para el tipo de movimiento)
TB_MOV_FINANCIEROS,MOV00467465,CAMPO_INCONSISTENTE,vr_mov negativo (signo inválido para el tipo de movimiento)
TB_MOV_FINANCIEROS,MOV00245864,CAMPO_INCONSISTENTE,vr_mov negativo (signo inválido para el tipo de movimiento)
TB_MOV_FINANCIEROS,MOV00212908,CAMPO_INCONSISTENTE,vr_mov negativo (signo inválido para el tipo de movimiento)
TB_MOV_FINANCIEROS,MOV00377297,CAMPO_INCONSISTENTE,vr_mov negativo (signo inválido para el tipo de movimiento)
TB_MOV_FINANCIEROS,MOV00069667,CAMPO_INCONSISTENTE,vr_mov negativo (signo inválido para el tipo de movimiento)
TB_MOV_FINANCIEROS,MOV00286158,CAMPO_INCONSISTENTE,vr_mov negativo (signo inválido para el tipo de movimiento)
TB_MOV_FINANCIEROS,MOV00030846,CAMPO_INCONSISTENTE,vr_mov negativo (signo inválido para el tipo de movimiento)
TB_MOV_FINANCIEROS,MOV00395564,CAMPO_INCONSISTENTE,vr_mov negativo (signo inválido para el tipo de movimiento)
TB_MOV_FINANCIEROS,MOV00357333,CAMPO_INCONSISTENTE,vr_mov negativo (signo inválido para el tipo de movimiento)
TB_MOV_FINANCIEROS,MOV00368006,CAMPO_INCONSISTENTE,vr_mov negativo (signo inválido para el tipo de movimiento)
TB_MOV_FINANCIEROS,MOV00290078,CAMPO_INCONSISTENTE,vr_mov negativo (signo inválido para el tipo de movimiento)
TB_MOV_FINANCIEROS,MOV00055820,CAMPO_INCONSISTENTE,vr_mov negativo (signo inválido para el tipo de movimiento)
TB_MOV_FINANCIEROS,MOV00410677,CAMPO_INCONSISTENTE,vr_mov negativo (signo inválido para el tipo de movimiento)
TB_MOV_FINANCIEROS,MOV00172036,CAMPO_INCONSISTENTE,vr_mov negativo (signo inválido para el tipo de movimiento)
TB_MOV_FINANCIEROS,MOV00223684,CAMPO_INCONSISTENTE,vr_mov negativo (signo inválido para el tipo de movimiento)
TB_MOV_FINANCIEROS,MOV00108347,CAMPO_INCONSISTENTE,vr_mov negativo (signo inválido para el tipo de movimiento)
TB_MOV_FINANCIEROS,MOV00442833,CAMPO_INCONSISTENTE,vr_mov negativo (signo inválido para el tipo de movimiento)
TB_MOV_FINANCIEROS,MOV00213337,CAMPO_INCONSISTENTE,vr_mov negativo (signo inválido para el tipo de movimiento)
TB_MOV_FINANCIEROS,MOV00137939,CAMPO_INCONSISTENTE,vr_mov negativo (signo inválido para el tipo de movimiento)
TB_MOV_FINANCIEROS,MOV00335743,CAMPO_INCONSISTENTE,vr_mov negativo (signo inválido para el tipo de movimiento)
TB_MOV_FINANCIEROS,MOV00070353,CAMPO_INCONSISTENTE,vr_mov negativo (signo inválido para el tipo de movimiento)
TB_MOV_FINANCIEROS,MOV00478763,CAMPO_INCONSISTENTE,vr_mov negativo (signo inválido para el tipo de movimiento)
TB_MOV_FINANCIEROS,MOV00181835,CAMPO_INCONSISTENTE,vr_mov negativo (signo inválido para el tipo de movimiento)
TB_MOV_FINANCIEROS,MOV00433232,CAMPO_INCONSISTENTE,vr_mov negativo (signo inválido para el tipo de movimiento)
TB_MOV_FINANCIEROS,MOV00163646,CAMPO_INCONSISTENTE,vr_mov negativo (signo inválido para el tipo de movimiento)
TB_MOV_FINANCIEROS,MOV00215659,CAMPO_INCONSISTENTE,vr_mov negativo (signo inválido para el tipo de movimiento)
TB_MOV_FINANCIEROS,MOV00097869,CAMPO_INCONSISTENTE,vr_mov negativo (signo inválido para el tipo de movimiento)
TB_MOV_FINANCIEROS,MOV00367787,CAMPO_INCONSISTENTE,vr_mov negativo (signo inválido para el tipo de movimiento)
TB_MOV_FINANCIEROS,MOV00464017,CAMPO_INCONSISTENTE,vr_mov negativo (signo inválido para el tipo de movimiento)
TB_MOV_FINANCIEROS,MOV00017233,CAMPO_INCONSISTENTE,vr_mov negativo (signo inválido para el tipo de movimiento)
TB_MOV_FINANCIEROS,MOV00164370,CAMPO_INCONSISTENTE,vr_mov negativo (signo inválido para el tipo de movimiento)
TB_MOV_FINANCIEROS,MOV00309640,CAMPO_INCONSISTENTE,vr_mov negativo (signo inválido para el tipo de movimiento)
TB_MOV_FINANCIEROS,MOV00187080,CAMPO_INCONSISTENTE,vr_mov negativo (signo inválido para el tipo de movimiento)
TB_MOV_FINANCIEROS,MOV00296754,CAMPO_INCONSISTENTE,vr_mov negativo (signo inválido para el tipo de movimiento)
TB_MOV_FINANCIEROS,MOV00089742,CAMPO_INCONSISTENTE,vr_mov negativo (signo inválido para el tipo de movimiento)
TB_MOV_FINANCIEROS,MOV00033854,CAMPO_INCONSISTENTE,vr_mov negativo (signo inválido para el tipo de movimiento)
TB_MOV_FINANCIEROS,MOV00180201,CAMPO_INCONSISTENTE,vr_mov negativo (signo inválido para el tipo de movimiento)
TB_MOV_FINANCIEROS,MOV00422883,CAMPO_INCONSISTENTE,vr_mov negativo (signo inválido para el tipo de movimiento)
TB_MOV_FINANCIEROS,MOV00086777,CAMPO_INCONSISTENTE,vr_mov negativo (signo inválido para el tipo de movimiento)
TB_MOV_FINANCIEROS,MOV00460800,CAMPO_INCONSISTENTE,vr_mov negativo (signo inválido para el tipo de movimiento)
TB_MOV_FINANCIEROS,MOV00027966,CAMPO_INCONSISTENTE,vr_mov negativo (signo inválido para el tipo de movimiento)
TB_MOV_FINANCIEROS,MOV00086357,CAMPO_INCONSISTENTE,vr_mov negativo (signo inválido para el tipo de movimiento)
TB_MOV_FINANCIEROS,MOV00440512,CAMPO_INCONSISTENTE,vr_mov negativo (signo inválido para el tipo de movimiento)
TB_MOV_FINANCIEROS,MOV00329542,CAMPO_INCONSISTENTE,vr_mov negativo (signo inválido para el tipo de movimiento)
TB_MOV_FINANCIEROS,MOV00104205,CAMPO_INCONSISTENTE,vr_mov negativo (signo inválido para el tipo de movimiento)
TB_MOV_FINANCIEROS,MOV00363576,CAMPO_INCONSISTENTE,vr_mov negativo (signo inválido para el tipo de movimiento)
TB_MOV_FINANCIEROS,MOV00221528,CAMPO_INCONSISTENTE,vr_mov negativo (signo inválido para el tipo de movimiento)
TB_MOV_FINANCIEROS,MOV00301689,CAMPO_INCONSISTENTE,vr_mov negativo (signo inválido para el tipo de movimiento)
TB_MOV_FINANCIEROS,MOV00382389,CAMPO_INCONSISTENTE,vr_mov negativo (signo inválido para el tipo de movimiento)
TB_MOV_FINANCIEROS,MOV00293938,CAMPO_INCONSISTENTE,vr_mov negativo (signo inválido para el tipo de movimiento)
TB_MOV_FINANCIEROS,MOV00072583,CAMPO_INCONSISTENTE,vr_mov negativo (signo inválido para el tipo de movimiento)
TB_MOV_FINANCIEROS,MOV00496511,CAMPO_INCONSISTENTE,vr_mov negativo (signo inválido para el tipo de movimiento)
TB_MOV_FINANCIEROS,MOV00153133,CAMPO_INCONSISTENTE,vr_mov negativo (signo inválido para el tipo de movimiento)
TB_MOV_FINANCIEROS,MOV00400835,CAMPO_INCONSISTENTE,vr_mov negativo (signo inválido para el tipo de movimiento)
TB_MOV_FINANCIEROS,MOV00375498,CAMPO_INCONSISTENTE,vr_mov negativo (signo inválido para el tipo de movimiento)
TB_MOV_FINANCIEROS,MOV00233042,CAMPO_INCONSISTENTE,vr_mov negativo (signo inválido para el tipo de movimiento)
TB_MOV_FINANCIEROS,MOV00472699,CAMPO_INCONSISTENTE,vr_mov negativo (signo inválido para el tipo de movimiento)
TB_MOV_FINANCIEROS,MOV00191637,CAMPO_INCONSISTENTE,vr_mov negativo (signo inválido para el tipo de movimiento)
TB_MOV_FINANCIEROS,MOV00153810,CAMPO_INCONSISTENTE,vr_mov negativo (signo inválido para el tipo de movimiento)
TB_MOV_FINANCIEROS,MOV00421902,CAMPO_INCONSISTENTE,vr_mov negativo (signo inválido para el tipo de movimiento)
TB_MOV_FINANCIEROS,MOV00368310,CAMPO_INCONSISTENTE,vr_mov negativo (signo inválido para el tipo de movimiento)
TB_MOV_FINANCIEROS,MOV00344580,CAMPO_INCONSISTENTE,vr_mov negativo (signo inválido para el tipo de movimiento)
TB_MOV_FINANCIEROS,MOV00497654,CAMPO_INCONSISTENTE,vr_mov negativo (signo inválido para el tipo de movimiento)
TB_MOV_FINANCIEROS,MOV00115603,CAMPO_INCONSISTENTE,vr_mov negativo (signo inválido para el tipo de movimiento)
TB_MOV_FINANCIEROS,MOV00004256,CAMPO_INCONSISTENTE,vr_mov negativo (signo inválido para el tipo de movimiento)
TB_MOV_FINANCIEROS,MOV00222612,CAMPO_INCONSISTENTE,vr_mov negativo (signo inválido para el tipo de movimiento)
TB_MOV_FINANCIEROS,MOV00404019,CAMPO_INCONSISTENTE,vr_mov negativo (signo inválido para el tipo de movimiento)
TB_MOV_FINANCIEROS,MOV00284552,CAMPO_INCONSISTENTE,vr_mov negativo (signo inválido para el tipo de movimiento)
TB_MOV_FINANCIEROS,MOV00174518,CAMPO_INCONSISTENTE,vr_mov negativo (signo inválido para el tipo de movimiento)
TB_MOV_FINANCIEROS,MOV00035171,CAMPO_INCONSISTENTE,vr_mov negativo (signo inválido para el tipo de movimiento)
TB_MOV_FINANCIEROS,MOV00082108,CAMPO_INCONSISTENTE,vr_mov negativo (signo inválido para el tipo de movimiento)
TB_MOV_FINANCIEROS,MOV00496341,CAMPO_INCONSISTENTE,vr_mov negativo (signo inválido para el tipo de movimiento)
TB_MOV_FINANCIEROS,MOV00315961,CAMPO_INCONSISTENTE,vr_mov negativo (signo inválido para el tipo de movimiento)
TB_MOV_FINANCIEROS,MOV00384053,CAMPO_INCONSISTENTE,vr_mov negativo (signo inválido para el tipo de movimiento)
TB_MOV_FINANCIEROS,MOV00007758,CAMPO_INCONSISTENTE,vr_mov negativo (signo inválido para el tipo de movimiento)
TB_MOV_FINANCIEROS,MOV00012605,CAMPO_INCONSISTENTE,vr_mov negativo (signo inválido para el tipo de movimiento)
TB_MOV_FINANCIEROS,MOV00120155,CAMPO_INCONSISTENTE,vr_mov negativo (signo inválido para el tipo de movimiento)
TB_MOV_FINANCIEROS,MOV00228075,CAMPO_INCONSISTENTE,vr_mov negativo (signo inválido para el tipo de movimiento)
TB_MOV_FINANCIEROS,MOV00267155,CAMPO_INCONSISTENTE,vr_mov negativo (signo inválido para el tipo de movimiento)
TB_MOV_FINANCIEROS,MOV00323767,CAMPO_INCONSISTENTE,vr_mov negativo (signo inválido para el tipo de movimiento)
TB_MOV_FINANCIEROS,MOV00235870,CAMPO_INCONSISTENTE,vr_mov negativo (signo inválido para el tipo de movimiento)
TB_MOV_FINANCIEROS,MOV00075700,CAMPO_INCONSISTENTE,vr_mov negativo (signo inválido para el tipo de movimiento)
TB_MOV_FINANCIEROS,MOV00490794,CAMPO_INCONSISTENTE,vr_mov negativo (signo inválido para el tipo de movimiento)
TB_MOV_FINANCIEROS,MOV00186399,CAMPO_INCONSISTENTE,vr_mov negativo (signo inválido para el tipo de movimiento)
TB_MOV_FINANCIEROS,MOV00137720,CAMPO_INCONSISTENTE,vr_mov negativo (signo inválido para el tipo de movimiento)
TB_MOV_FINANCIEROS,MOV00123126,CAMPO_INCONSISTENTE,vr_mov negativo (signo inválido para el tipo de movimiento)
TB_MOV_FINANCIEROS,MOV00030969,CAMPO_INCONSISTENTE,vr_mov negativo (signo inválido para el tipo de movimiento)
TB_MOV_FINANCIEROS,MOV00499699,CAMPO_INCONSISTENTE,vr_mov negativo (signo inválido para el tipo de movimiento)
TB_MOV_FINANCIEROS,MOV00497145,CAMPO_INCONSISTENTE,vr_mov negativo (signo inválido para el tipo de movimiento)
TB_MOV_FINANCIEROS,MOV00276394,CAMPO_INCONSISTENTE,vr_mov negativo (signo inválido para el tipo de movimiento)
TB_MOV_FINANCIEROS,MOV00290312,CAMPO_INCONSISTENTE,vr_mov negativo (signo inválido para el tipo de movimiento)
TB_MOV_FINANCIEROS,MOV00149908,CAMPO_INCONSISTENTE,vr_mov negativo (signo inválido para el tipo de movimiento)
TB_MOV_FINANCIEROS,MOV00463279,CAMPO_INCONSISTENTE,vr_mov negativo (signo inválido para el tipo de movimiento)
TB_MOV_FINANCIEROS,MOV00450581,CAMPO_INCONSISTENTE,vr_mov negativo (signo inválido para el tipo de movimiento)
TB_MOV_FINANCIEROS,MOV00003228,CAMPO_INCONSISTENTE,vr_mov negativo (signo inválido para el tipo de movimiento)
TB_MOV_FINANCIEROS,MOV00067191,CAMPO_INCONSISTENTE,vr_mov negativo (signo inválido para el tipo de movimiento)
TB_MOV_FINANCIEROS,MOV00259469,CAMPO_INCONSISTENTE,vr_mov negativo (signo inválido para el tipo de movimiento)
TB_MOV_FINANCIEROS,MOV00109420,CAMPO_INCONSISTENTE,vr_mov negativo (signo inválido para el tipo de movimiento)
TB_MOV_FINANCIEROS,MOV00278877,CAMPO_INCONSISTENTE,vr_mov negativo (signo inválido para el tipo de movimiento)
TB_MOV_FINANCIEROS,MOV00086507,CAMPO_INCONSISTENTE,vr_mov negativo (signo inválido para el tipo de movimiento)
TB_MOV_FINANCIEROS,MOV00132338,CAMPO_INCONSISTENTE,vr_mov negativo (signo inválido para el tipo de movimiento)
TB_MOV_FINANCIEROS,MOV00325259,CAMPO_INCONSISTENTE,vr_mov negativo (signo inválido para el tipo de movimiento)
TB_MOV_FINANCIEROS,MOV00207878,CAMPO_INCONSISTENTE,vr_mov negativo (signo inválido para el tipo de movimiento)
TB_MOV_FINANCIEROS,MOV00313708,CAMPO_INCONSISTENTE,vr_mov negativo (signo inválido para el tipo de movimiento)
TB_MOV_FINANCIEROS,MOV00272495,CAMPO_INCONSISTENTE,vr_mov negativo (signo inválido para el tipo de movimiento)
TB_MOV_FINANCIEROS,MOV00026792,CAMPO_INCONSISTENTE,vr_mov negativo (signo inválido para el tipo de movimiento)
TB_MOV_FINANCIEROS,MOV00194092,CAMPO_INCONSISTENTE,vr_mov negativo (signo inválido para el tipo de movimiento)
TB_MOV_FINANCIEROS,MOV00442659,CAMPO_INCONSISTENTE,vr_mov negativo (signo inválido para el tipo de movimiento)
TB_MOV_FINANCIEROS,MOV00333106,CAMPO_INCONSISTENTE,vr_mov negativo (signo inválido para el tipo de movimiento)
TB_MOV_FINANCIEROS,MOV00493587,CAMPO_INCONSISTENTE,vr_mov negativo (signo inválido para el tipo de movimiento)
TB_MOV_FINANCIEROS,MOV00329481,CAMPO_INCONSISTENTE,vr_mov negativo (signo inválido para el tipo de movimiento)
TB_MOV_FINANCIEROS,MOV00234841,CAMPO_INCONSISTENTE,vr_mov negativo (signo inválido para el tipo de movimiento)
TB_MOV_FINANCIEROS,MOV00191198,CAMPO_INCONSISTENTE,vr_mov negativo (signo inválido para el tipo de movimiento)
TB_MOV_FINANCIEROS,MOV00327980,CAMPO_INCONSISTENTE,vr_mov negativo (signo inválido para el tipo de movimiento)
TB_MOV_FINANCIEROS,MOV00447822,CAMPO_INCONSISTENTE,vr_mov negativo (signo inválido para el tipo de movimiento)
TB_MOV_FINANCIEROS,MOV00372112,CAMPO_INCONSISTENTE,vr_mov negativo (signo inválido para el tipo de movimiento)
TB_MOV_FINANCIEROS,MOV00038575,CAMPO_INCONSISTENTE,vr_mov negativo (signo inválido para el tipo de movimiento)
TB_MOV_FINANCIEROS,MOV00157386,CAMPO_INCONSISTENTE,vr_mov negativo (signo inválido para el tipo de movimiento)
TB_MOV_FINANCIEROS,MOV00491819,CAMPO_INCONSISTENTE,vr_mov negativo (signo inválido para el tipo de movimiento)
TB_MOV_FINANCIEROS,MOV00407370,CAMPO_INCONSISTENTE,vr_mov negativo (signo inválido para el tipo de movimiento)
TB_MOV_FINANCIEROS,MOV00390943,CAMPO_INCONSISTENTE,vr_mov negativo (signo inválido para el tipo de movimiento)
TB_MOV_FINANCIEROS,MOV00351995,CAMPO_INCONSISTENTE,vr_mov negativo (signo inválido para el tipo de movimiento)
TB_MOV_FINANCIEROS,MOV00162555,CAMPO_INCONSISTENTE,vr_mov negativo (signo inválido para el tipo de movimiento)
TB_MOV_FINANCIEROS,MOV00318422,CAMPO_INCONSISTENTE,vr_mov negativo (signo inválido para el tipo de movimiento)
TB_MOV_FINANCIEROS,MOV00216382,CAMPO_INCONSISTENTE,vr_mov negativo (signo inválido para el tipo de movimiento)
TB_MOV_FINANCIEROS,MOV00283440,CAMPO_INCONSISTENTE,vr_mov negativo (signo inválido para el tipo de movimiento)
TB_MOV_FINANCIEROS,MOV00114008,CAMPO_INCONSISTENTE,vr_mov negativo (signo inválido para el tipo de movimiento)
TB_MOV_FINANCIEROS,MOV00384583,CAMPO_INCONSISTENTE,vr_mov negativo (signo inválido para el tipo de movimiento)
TB_MOV_FINANCIEROS,MOV00492559,CAMPO_INCONSISTENTE,vr_mov negativo (signo inválido para el tipo de movimiento)
TB_MOV_FINANCIEROS,MOV00330710,CAMPO_INCONSISTENTE,vr_mov negativo (signo inválido para el tipo de movimiento)
TB_MOV_FINANCIEROS,MOV00346142,CAMPO_INCONSISTENTE,vr_mov negativo (signo inválido para el tipo de movimiento)
TB_MOV_FINANCIEROS,MOV00165346,CAMPO_INCONSISTENTE,vr_mov negativo (signo inválido para el tipo de movimiento)
TB_MOV_FINANCIEROS,MOV00146374,CAMPO_INCONSISTENTE,vr_mov negativo (signo inválido para el tipo de movimiento)
TB_MOV_FINANCIEROS,MOV00119961,CAMPO_INCONSISTENTE,vr_mov negativo (signo inválido para el tipo de movimiento)
TB_MOV_FINANCIEROS,MOV00006350,CAMPO_INCONSISTENTE,vr_mov negativo (signo inválido para el tipo de movimiento)
TB_MOV_FINANCIEROS,MOV00320333,CAMPO_INCONSISTENTE,vr_mov negativo (signo inválido para el tipo de movimiento)
TB_MOV_FINANCIEROS,MOV00021345,CAMPO_INCONSISTENTE,vr_mov negativo (signo inválido para el tipo de movimiento)
TB_MOV_FINANCIEROS,MOV00069504,CAMPO_INCONSISTENTE,vr_mov negativo (signo inválido para el tipo de movimiento)
TB_MOV_FINANCIEROS,MOV00392556,CAMPO_INCONSISTENTE,vr_mov negativo (signo inválido para el tipo de movimiento)
TB_MOV_FINANCIEROS,MOV00254209,CAMPO_INCONSISTENTE,vr_mov negativo (signo inválido para el tipo de movimiento)
TB_MOV_FINANCIEROS,MOV00470040,CAMPO_INCONSISTENTE,vr_mov negativo (signo inválido para el tipo de movimiento)
TB_MOV_FINANCIEROS,MOV00025991,CAMPO_INCONSISTENTE,vr_mov negativo (signo inválido para el tipo de movimiento)
TB_MOV_FINANCIEROS,MOV00251063,CAMPO_INCONSISTENTE,vr_mov negativo (signo inválido para el tipo de movimiento)
TB_MOV_FINANCIEROS,MOV00178350,CAMPO_INCONSISTENTE,vr_mov negativo (signo inválido para el tipo de movimiento)
TB_MOV_FINANCIEROS,MOV00099756,CAMPO_INCONSISTENTE,vr_mov negativo (signo inválido para el tipo de movimiento)
TB_MOV_FINANCIEROS,MOV00076752,CAMPO_INCONSISTENTE,vr_mov negativo (signo inválido para el tipo de movimiento)
TB_MOV_FINANCIEROS,MOV00046925,CAMPO_INCONSISTENTE,vr_mov negativo (signo inválido para el tipo de movimiento)
TB_MOV_FINANCIEROS,MOV00499074,CAMPO_INCONSISTENTE,vr_mov negativo (signo inválido para el tipo de movimiento)
TB_MOV_FINANCIEROS,MOV00255544,CAMPO_INCONSISTENTE,vr_mov negativo (signo inválido para el tipo de movimiento)
TB_MOV_FINANCIEROS,MOV00241043,CAMPO_INCONSISTENTE,vr_mov negativo (signo inválido para el tipo de movimiento)
TB_MOV_FINANCIEROS,MOV00049687,CAMPO_INCONSISTENTE,vr_mov negativo (signo inválido para el tipo de movimiento)
TB_MOV_FINANCIEROS,MOV00194337,CAMPO_INCONSISTENTE,vr_mov negativo (signo inválido para el tipo de movimiento)
TB_MOV_FINANCIEROS,MOV00225280,CAMPO_INCONSISTENTE,vr_mov negativo (signo inválido para el tipo de movimiento)
TB_MOV_FINANCIEROS,MOV00212826,CAMPO_INCONSISTENTE,vr_mov negativo (signo inválido para el tipo de movimiento)
TB_MOV_FINANCIEROS,MOV00434427,CAMPO_INCONSISTENTE,vr_mov negativo (signo inválido para el tipo de movimiento)
TB_MOV_FINANCIEROS,MOV00396006,CAMPO_INCONSISTENTE,vr_mov negativo (signo inválido para el tipo de movimiento)
TB_MOV_FINANCIEROS,MOV00429796,CAMPO_INCONSISTENTE,vr_mov negativo (signo inválido para el tipo de movimiento)
TB_MOV_FINANCIEROS,MOV00041378,CAMPO_INCONSISTENTE,vr_mov negativo (signo inválido para el tipo de movimiento)
TB_MOV_FINANCIEROS,MOV00102312,CAMPO_INCONSISTENTE,vr_mov negativo (signo inválido para el tipo de movimiento)
TB_MOV_FINANCIEROS,MOV00083642,CAMPO_INCONSISTENTE,vr_mov negativo (signo inválido para el tipo de movimiento)
TB_MOV_FINANCIEROS,MOV00052396,CAMPO_INCONSISTENTE,vr_mov negativo (signo inválido para el tipo de movimiento)
TB_MOV_FINANCIEROS,MOV00424076,CAMPO_INCONSISTENTE,vr_mov negativo (signo inválido para el tipo de movimiento)
TB_MOV_FINANCIEROS,MOV00020838,CAMPO_INCONSISTENTE,vr_mov negativo (signo inválido para el tipo de movimiento)
TB_MOV_FINANCIEROS,MOV00134119,CAMPO_INCONSISTENTE,vr_mov negativo (signo inválido para el tipo de movimiento)
TB_MOV_FINANCIEROS,MOV00298949,CAMPO_INCONSISTENTE,vr_mov negativo (signo inválido para el tipo de movimiento)
TB_MOV_FINANCIEROS,MOV00172608,CAMPO_INCONSISTENTE,vr_mov negativo (signo inválido para el tipo de movimiento)
TB_MOV_FINANCIEROS,MOV00231512,CAMPO_INCONSISTENTE,vr_mov negativo (signo inválido para el tipo de movimiento)
TB_MOV_FINANCIEROS,MOV00211829,CAMPO_INCONSISTENTE,vr_mov negativo (signo inválido para el tipo de movimiento)
TB_MOV_FINANCIEROS,MOV00001332,CAMPO_INCONSISTENTE,vr_mov negativo (signo inválido para el tipo de movimiento)
TB_MOV_FINANCIEROS,MOV00401930,CAMPO_INCONSISTENTE,vr_mov negativo (signo inválido para el tipo de movimiento)
TB_MOV_FINANCIEROS,MOV00090808,CAMPO_INCONSISTENTE,vr_mov negativo (signo inválido para el tipo de movimiento)
TB_MOV_FINANCIEROS,MOV00362500,CAMPO_INCONSISTENTE,vr_mov negativo (signo inválido para el tipo de movimiento)
TB_MOV_FINANCIEROS,MOV00175827,CAMPO_INCONSISTENTE,vr_mov negativo (signo inválido para el tipo de movimiento)
TB_MOV_FINANCIEROS,MOV00016510,CAMPO_INCONSISTENTE,vr_mov negativo (signo inválido para el tipo de movimiento)
TB_MOV_FINANCIEROS,MOV00206050,CAMPO_INCONSISTENTE,vr_mov negativo (signo inválido para el tipo de movimiento)
TB_MOV_FINANCIEROS,MOV00482043,CAMPO_INCONSISTENTE,vr_mov negativo (signo inválido para el tipo de movimiento)
TB_MOV_FINANCIEROS,MOV00104180,CAMPO_INCONSISTENTE,vr_mov negativo (signo inválido para el tipo de movimiento)
TB_MOV_FINANCIEROS,MOV00159556,CAMPO_INCONSISTENTE,vr_mov negativo (signo inválido para el tipo de movimiento)
TB_MOV_FINANCIEROS,MOV00297706,CAMPO_INCONSISTENTE,vr_mov negativo (signo inválido para el tipo de movimiento)
TB_MOV_FINANCIEROS,MOV00269974,CAMPO_INCONSISTENTE,vr_mov negativo (signo inválido para el tipo de movimiento)
TB_MOV_FINANCIEROS,MOV00221448,CAMPO_INCONSISTENTE,vr_mov negativo (signo inválido para el tipo de movimiento)
TB_MOV_FINANCIEROS,MOV00019534,CAMPO_INCONSISTENTE,vr_mov negativo (signo inválido para el tipo de movimiento)
TB_MOV_FINANCIEROS,MOV00246815,CAMPO_INCONSISTENTE,vr_mov negativo (signo inválido para el tipo de movimiento)
TB_MOV_FINANCIEROS,MOV00045736,CAMPO_INCONSISTENTE,vr_mov negativo (signo inválido para el tipo de movimiento)
TB_MOV_FINANCIEROS,MOV00185551,CAMPO_INCONSISTENTE,vr_mov negativo (signo inválido para el tipo de movimiento)
TB_MOV_FINANCIEROS,MOV00168326,CAMPO_INCONSISTENTE,vr_mov negativo (signo inválido para el tipo de movimiento)
TB_MOV_FINANCIEROS,MOV00346719,CAMPO_INCONSISTENTE,vr_mov negativo (signo inválido para el tipo de movimiento)
TB_MOV_FINANCIEROS,MOV00156413,CAMPO_INCONSISTENTE,vr_mov negativo (signo inválido para el tipo de movimiento)
TB_MOV_FINANCIEROS,MOV00487248,CAMPO_INCONSISTENTE,vr_mov negativo (signo inválido para el tipo de movimiento)
TB_MOV_FINANCIEROS,MOV00383393,CAMPO_INCONSISTENTE,vr_mov negativo (signo inválido para el tipo de movimiento)
TB_MOV_FINANCIEROS,MOV00263335,CAMPO_INCONSISTENTE,vr_mov negativo (signo inválido para el tipo de movimiento)
TB_MOV_FINANCIEROS,MOV00239202,CAMPO_INCONSISTENTE,vr_mov negativo (signo inválido para el tipo de movimiento)
TB_MOV_FINANCIEROS,MOV00198106,CAMPO_INCONSISTENTE,vr_mov negativo (signo inválido para el tipo de movimiento)
TB_MOV_FINANCIEROS,MOV00118443,CAMPO_INCONSISTENTE,vr_mov negativo (signo inválido para el tipo de movimiento)
TB_MOV_FINANCIEROS,MOV00256647,CAMPO_INCONSISTENTE,vr_mov negativo (signo inválido para el tipo de movimiento)
TB_MOV_FINANCIEROS,MOV00180724,CAMPO_INCONSISTENTE,vr_mov negativo (signo inválido para el tipo de movimiento)
TB_MOV_FINANCIEROS,MOV00291508,CAMPO_INCONSISTENTE,vr_mov negativo (signo inválido para el tipo de movimiento)
TB_MOV_FINANCIEROS,MOV00212660,CAMPO_INCONSISTENTE,vr_mov negativo (signo inválido para el tipo de movimiento)
TB_MOV_FINANCIEROS,MOV00054326,CAMPO_INCONSISTENTE,vr_mov negativo (signo inválido para el tipo de movimiento)
TB_MOV_FINANCIEROS,MOV00116519,CAMPO_INCONSISTENTE,vr_mov negativo (signo inválido para el tipo de movimiento)
TB_MOV_FINANCIEROS,MOV00370333,CAMPO_INCONSISTENTE,vr_mov negativo (signo inválido para el tipo de movimiento)
TB_MOV_FINANCIEROS,MOV00160327,CAMPO_INCONSISTENTE,vr_mov negativo (signo inválido para el tipo de movimiento)
TB_MOV_FINANCIEROS,MOV00060164,CAMPO_INCONSISTENTE,vr_mov negativo (signo inválido para el tipo de movimiento)
TB_MOV_FINANCIEROS,MOV00042699,CAMPO_INCONSISTENTE,vr_mov negativo (signo inválido para el tipo de movimiento)
TB_MOV_FINANCIEROS,MOV00470126,CAMPO_INCONSISTENTE,vr_mov negativo (signo inválido para el tipo de movimiento)
TB_MOV_FINANCIEROS,MOV00222000,CAMPO_INCONSISTENTE,vr_mov negativo (signo inválido para el tipo de movimiento)
TB_MOV_FINANCIEROS,MOV00408481,CAMPO_INCONSISTENTE,vr_mov negativo (signo inválido para el tipo de movimiento)
TB_MOV_FINANCIEROS,MOV00173592,CAMPO_INCONSISTENTE,vr_mov negativo (signo inválido para el tipo de movimiento)
TB_MOV_FINANCIEROS,MOV00055389,CAMPO_INCONSISTENTE,vr_mov negativo (signo inválido para el tipo de movimiento)
TB_MOV_FINANCIEROS,MOV00173046,CAMPO_INCONSISTENTE,vr_mov negativo (signo inválido para el tipo de movimiento)
TB_MOV_FINANCIEROS,MOV00234555,CAMPO_INCONSISTENTE,vr_mov negativo (signo inválido para el tipo de movimiento)
TB_MOV_FINANCIEROS,MOV00404869,CAMPO_INCONSISTENTE,vr_mov negativo (signo inválido para el tipo de movimiento)
TB_MOV_FINANCIEROS,MOV00475527,CAMPO_INCONSISTENTE,vr_mov negativo (signo inválido para el tipo de movimiento)
TB_MOV_FINANCIEROS,MOV00482099,CAMPO_INCONSISTENTE,vr_mov negativo (signo inválido para el tipo de movimiento)
TB_MOV_FINANCIEROS,MOV00281679,CAMPO_INCONSISTENTE,vr_mov negativo (signo inválido para el tipo de movimiento)
TB_MOV_FINANCIEROS,MOV00115696,CAMPO_INCONSISTENTE,vr_mov negativo (signo inválido para el tipo de movimiento)
TB_MOV_FINANCIEROS,MOV00053878,CAMPO_INCONSISTENTE,vr_mov negativo (signo inválido para el tipo de movimiento)
TB_MOV_FINANCIEROS,MOV00083009,CAMPO_INCONSISTENTE,vr_mov negativo (signo inválido para el tipo de movimiento)
TB_MOV_FINANCIEROS,MOV00356222,CAMPO_INCONSISTENTE,vr_mov negativo (signo inválido para el tipo de movimiento)
TB_MOV_FINANCIEROS,MOV00122733,CAMPO_INCONSISTENTE,vr_mov negativo (signo inválido para el tipo de movimiento)
TB_MOV_FINANCIEROS,MOV00008390,CAMPO_INCONSISTENTE,vr_mov negativo (signo inválido para el tipo de movimiento)
TB_MOV_FINANCIEROS,MOV00097909,CAMPO_INCONSISTENTE,vr_mov negativo (signo inválido para el tipo de movimiento)
TB_MOV_FINANCIEROS,MOV00253074,CAMPO_INCONSISTENTE,vr_mov negativo (signo inválido para el tipo de movimiento)
TB_MOV_FINANCIEROS,MOV00264038,CAMPO_INCONSISTENTE,vr_mov negativo (signo inválido para el tipo de movimiento)
TB_MOV_FINANCIEROS,MOV00289918,CAMPO_INCONSISTENTE,vr_mov negativo (signo inválido para el tipo de movimiento)
TB_MOV_FINANCIEROS,MOV00182083,CAMPO_INCONSISTENTE,vr_mov negativo (signo inválido para el tipo de movimiento)
TB_MOV_FINANCIEROS,MOV00297292,CAMPO_INCONSISTENTE,vr_mov negativo (signo inválido para el tipo de movimiento)
TB_MOV_FINANCIEROS,MOV00313483,CAMPO_INCONSISTENTE,vr_mov negativo (signo inválido para el tipo de movimiento)
TB_MOV_FINANCIEROS,MOV00228918,CAMPO_INCONSISTENTE,vr_mov negativo (signo inválido para el tipo de movimiento)
TB_MOV_FINANCIEROS,MOV00001360,CAMPO_INCONSISTENTE,vr_mov negativo (signo inválido para el tipo de movimiento)
TB_MOV_FINANCIEROS,MOV00231874,CAMPO_INCONSISTENTE,vr_mov negativo (signo inválido para el tipo de movimiento)
TB_MOV_FINANCIEROS,MOV00379459,CAMPO_INCONSISTENTE,vr_mov negativo (signo inválido para el tipo de movimiento)
TB_MOV_FINANCIEROS,MOV00036615,CAMPO_INCONSISTENTE,vr_mov negativo (signo inválido para el tipo de movimiento)
TB_MOV_FINANCIEROS,MOV00201807,CAMPO_INCONSISTENTE,vr_mov negativo (signo inválido para el tipo de movimiento)
TB_MOV_FINANCIEROS,MOV00026016,CAMPO_INCONSISTENTE,vr_mov negativo (signo inválido para el tipo de movimiento)
TB_MOV_FINANCIEROS,MOV00073216,CAMPO_INCONSISTENTE,vr_mov negativo (signo inválido para el tipo de movimiento)
TB_MOV_FINANCIEROS,MOV00071149,CAMPO_INCONSISTENTE,vr_mov negativo (signo inválido para el tipo de movimiento)
TB_MOV_FINANCIEROS,MOV00444246,CAMPO_INCONSISTENTE,vr_mov negativo (signo inválido para el tipo de movimiento)
TB_MOV_FINANCIEROS,MOV00453743,CAMPO_INCONSISTENTE,vr_mov negativo (signo inválido para el tipo de movimiento)
TB_MOV_FINANCIEROS,MOV00345103,CAMPO_INCONSISTENTE,vr_mov negativo (signo inválido para el tipo de movimiento)
TB_MOV_FINANCIEROS,MOV00309539,CAMPO_INCONSISTENTE,vr_mov negativo (signo inválido para el tipo de movimiento)
TB_MOV_FINANCIEROS,MOV00181751,CAMPO_INCONSISTENTE,vr_mov negativo (signo inválido para el tipo de movimiento)
TB_MOV_FINANCIEROS,MOV00337903,CAMPO_INCONSISTENTE,vr_mov negativo (signo inválido para el tipo de movimiento)
TB_MOV_FINANCIEROS,MOV00333493,CAMPO_INCONSISTENTE,vr_mov negativo (signo inválido para el tipo de movimiento)
TB_MOV_FINANCIEROS,MOV00167467,CAMPO_INCONSISTENTE,vr_mov negativo (signo inválido para el tipo de movimiento)
TB_MOV_FINANCIEROS,MOV00111840,CAMPO_INCONSISTENTE,vr_mov negativo (signo inválido para el tipo de movimiento)
TB_MOV_FINANCIEROS,MOV00339650,CAMPO_INCONSISTENTE,vr_mov negativo (signo inválido para el tipo de movimiento)
TB_MOV_FINANCIEROS,MOV00108753,CAMPO_INCONSISTENTE,vr_mov negativo (signo inválido para el tipo de movimiento)
TB_MOV_FINANCIEROS,MOV00111834,CAMPO_INCONSISTENTE,vr_mov negativo (signo inválido para el tipo de movimiento)
TB_MOV_FINANCIEROS,MOV00234052,CAMPO_INCONSISTENTE,vr_mov negativo (signo inválido para el tipo de movimiento)
TB_MOV_FINANCIEROS,MOV00425599,CAMPO_INCONSISTENTE,vr_mov negativo (signo inválido para el tipo de movimiento)
TB_MOV_FINANCIEROS,MOV00392939,CAMPO_INCONSISTENTE,vr_mov negativo (signo inválido para el tipo de movimiento)
TB_MOV_FINANCIEROS,MOV00179377,CAMPO_INCONSISTENTE,vr_mov negativo (signo inválido para el tipo de movimiento)
TB_MOV_FINANCIEROS,MOV00172032,CAMPO_INCONSISTENTE,vr_mov negativo (signo inválido para el tipo de movimiento)
TB_MOV_FINANCIEROS,MOV00163708,CAMPO_INCONSISTENTE,vr_mov negativo (signo inválido para el tipo de movimiento)
TB_MOV_FINANCIEROS,MOV00497253,CAMPO_INCONSISTENTE,vr_mov negativo (signo inválido para el tipo de movimiento)
TB_MOV_FINANCIEROS,MOV00471899,CAMPO_INCONSISTENTE,vr_mov negativo (signo inválido para el tipo de movimiento)
TB_MOV_FINANCIEROS,MOV00194420,CAMPO_INCONSISTENTE,vr_mov negativo (signo inválido para el tipo de movimiento)
TB_MOV_FINANCIEROS,MOV00387739,CAMPO_INCONSISTENTE,vr_mov negativo (signo inválido para el tipo de movimiento)
TB_MOV_FINANCIEROS,MOV00264447,CAMPO_INCONSISTENTE,vr_mov negativo (signo inválido para el tipo de movimiento)
TB_MOV_FINANCIEROS,MOV00273813,CAMPO_INCONSISTENTE,vr_mov negativo (signo inválido para el tipo de movimiento)
TB_MOV_FINANCIEROS,MOV00410453,CAMPO_INCONSISTENTE,vr_mov negativo (signo inválido para el tipo de movimiento)
TB_MOV_FINANCIEROS,MOV00226152,CAMPO_INCONSISTENTE,vr_mov negativo (signo inválido para el tipo de movimiento)
TB_MOV_FINANCIEROS,MOV00237512,CAMPO_INCONSISTENTE,vr_mov negativo (signo inválido para el tipo de movimiento)
TB_MOV_FINANCIEROS,MOV00286024,CAMPO_INCONSISTENTE,vr_mov negativo (signo inválido para el tipo de movimiento)
TB_MOV_FINANCIEROS,MOV00144637,CAMPO_INCONSISTENTE,vr_mov negativo (signo inválido para el tipo de movimiento)
TB_MOV_FINANCIEROS,MOV00279555,CAMPO_INCONSISTENTE,vr_mov negativo (signo inválido para el tipo de movimiento)
TB_MOV_FINANCIEROS,MOV00282982,CAMPO_INCONSISTENTE,vr_mov negativo (signo inválido para el tipo de movimiento)
TB_MOV_FINANCIEROS,MOV00456572,CAMPO_INCONSISTENTE,vr_mov negativo (signo inválido para el tipo de movimiento)
TB_MOV_FINANCIEROS,MOV00343062,CAMPO_INCONSISTENTE,vr_mov negativo (signo inválido para el tipo de movimiento)
TB_MOV_FINANCIEROS,MOV00438197,CAMPO_INCONSISTENTE,vr_mov negativo (signo inválido para el tipo de movimiento)
TB_MOV_FINANCIEROS,MOV00235338,CAMPO_INCONSISTENTE,vr_mov negativo (signo inválido para el tipo de movimiento)
TB_MOV_FINANCIEROS,MOV00433774,CAMPO_INCONSISTENTE,vr_mov negativo (signo inválido para el tipo de movimiento)
TB_MOV_FINANCIEROS,MOV00146183,CAMPO_INCONSISTENTE,vr_mov negativo (signo inválido para el tipo de movimiento)
TB_MOV_FINANCIEROS,MOV00005197,CAMPO_INCONSISTENTE,vr_mov negativo (signo inválido para el tipo de movimiento)
TB_MOV_FINANCIEROS,MOV00259081,CAMPO_INCONSISTENTE,vr_mov negativo (signo inválido para el tipo de movimiento)
TB_MOV_FINANCIEROS,MOV00309825,CAMPO_INCONSISTENTE,vr_mov negativo (signo inválido para el tipo de movimiento)
TB_MOV_FINANCIEROS,MOV00305691,CAMPO_INCONSISTENTE,vr_mov negativo (signo inválido para el tipo de movimiento)
TB_MOV_FINANCIEROS,MOV00010657,CAMPO_INCONSISTENTE,vr_mov negativo (signo inválido para el tipo de movimiento)
TB_MOV_FINANCIEROS,MOV00069462,CAMPO_INCONSISTENTE,vr_mov negativo (signo inválido para el tipo de movimiento)
TB_MOV_FINANCIEROS,MOV00205566,CAMPO_INCONSISTENTE,vr_mov negativo (signo inválido para el tipo de movimiento)
TB_MOV_FINANCIEROS,MOV00349660,CAMPO_INCONSISTENTE,vr_mov negativo (signo inválido para el tipo de movimiento)
TB_MOV_FINANCIEROS,MOV00084079,CAMPO_INCONSISTENTE,vr_mov negativo (signo inválido para el tipo de movimiento)
TB_MOV_FINANCIEROS,MOV00326825,CAMPO_INCONSISTENTE,vr_mov negativo (signo inválido para el tipo de movimiento)
TB_MOV_FINANCIEROS,MOV00003662,CAMPO_INCONSISTENTE,vr_mov negativo (signo inválido para el tipo de movimiento)
TB_MOV_FINANCIEROS,MOV00475871,CAMPO_INCONSISTENTE,vr_mov negativo (signo inválido para el tipo de movimiento)
TB_MOV_FINANCIEROS,MOV00356762,CAMPO_INCONSISTENTE,vr_mov negativo (signo inválido para el tipo de movimiento)
TB_MOV_FINANCIEROS,MOV00371941,CAMPO_INCONSISTENTE,vr_mov negativo (signo inválido para el tipo de movimiento)
TB_MOV_FINANCIEROS,MOV00260116,CAMPO_INCONSISTENTE,vr_mov negativo (signo inválido para el tipo de movimiento)
TB_MOV_FINANCIEROS,MOV00046337,CAMPO_INCONSISTENTE,vr_mov negativo (signo inválido para el tipo de movimiento)
TB_MOV_FINANCIEROS,MOV00073261,CAMPO_INCONSISTENTE,vr_mov negativo (signo inválido para el tipo de movimiento)
TB_MOV_FINANCIEROS,MOV00070535,CAMPO_INCONSISTENTE,vr_mov negativo (signo inválido para el tipo de movimiento)
TB_MOV_FINANCIEROS,MOV00082559,CAMPO_INCONSISTENTE,vr_mov negativo (signo inválido para el tipo de movimiento)
TB_MOV_FINANCIEROS,MOV00248494,CAMPO_INCONSISTENTE,vr_mov negativo (signo inválido para el tipo de movimiento)
TB_MOV_FINANCIEROS,MOV00237718,CAMPO_INCONSISTENTE,vr_mov negativo (signo inválido para el tipo de movimiento)
TB_MOV_FINANCIEROS,MOV00231798,CAMPO_INCONSISTENTE,vr_mov negativo (signo inválido para el tipo de movimiento)
TB_MOV_FINANCIEROS,MOV00041781,CAMPO_INCONSISTENTE,vr_mov negativo (signo inválido para el tipo de movimiento)
TB_MOV_FINANCIEROS,MOV00334408,CAMPO_INCONSISTENTE,vr_mov negativo (signo inválido para el tipo de movimiento)
TB_MOV_FINANCIEROS,MOV00052362,CAMPO_INCONSISTENTE,vr_mov negativo (signo inválido para el tipo de movimiento)
TB_MOV_FINANCIEROS,MOV00047354,CAMPO_INCONSISTENTE,vr_mov negativo (signo inválido para el tipo de movimiento)
TB_MOV_FINANCIEROS,MOV00172405,CAMPO_INCONSISTENTE,vr_mov negativo (signo inválido para el tipo de movimiento)
TB_MOV_FINANCIEROS,MOV00098269,CAMPO_INCONSISTENTE,vr_mov negativo (signo inválido para el tipo de movimiento)
TB_MOV_FINANCIEROS,MOV00152764,CAMPO_INCONSISTENTE,vr_mov negativo (signo inválido para el tipo de movimiento)
TB_MOV_FINANCIEROS,MOV00422235,CAMPO_INCONSISTENTE,vr_mov negativo (signo inválido para el tipo de movimiento)
TB_MOV_FINANCIEROS,MOV00170020,CAMPO_INCONSISTENTE,vr_mov negativo (signo inválido para el tipo de movimiento)
TB_MOV_FINANCIEROS,MOV00219757,CAMPO_INCONSISTENTE,vr_mov negativo (signo inválido para el tipo de movimiento)
TB_MOV_FINANCIEROS,MOV00460925,CAMPO_INCONSISTENTE,vr_mov negativo (signo inválido para el tipo de movimiento)
TB_MOV_FINANCIEROS,MOV00328954,CAMPO_INCONSISTENTE,vr_mov negativo (signo inválido para el tipo de movimiento)
TB_MOV_FINANCIEROS,MOV00420483,CAMPO_INCONSISTENTE,vr_mov negativo (signo inválido para el tipo de movimiento)
TB_MOV_FINANCIEROS,MOV00088508,CAMPO_INCONSISTENTE,vr_mov negativo (signo inválido para el tipo de movimiento)
TB_MOV_FINANCIEROS,MOV00130462,CAMPO_INCONSISTENTE,vr_mov negativo (signo inválido para el tipo de movimiento)
TB_MOV_FINANCIEROS,MOV00025946,CAMPO_INCONSISTENTE,vr_mov negativo (signo inválido para el tipo de movimiento)
TB_MOV_FINANCIEROS,MOV00399908,CAMPO_INCONSISTENTE,vr_mov negativo (signo inválido para el tipo de movimiento)
TB_MOV_FINANCIEROS,MOV00447155,CAMPO_INCONSISTENTE,vr_mov negativo (signo inválido para el tipo de movimiento)
TB_MOV_FINANCIEROS,MOV00453650,CAMPO_INCONSISTENTE,vr_mov negativo (signo inválido para el tipo de movimiento)
TB_MOV_FINANCIEROS,MOV00268311,CAMPO_INCONSISTENTE,vr_mov negativo (signo inválido para el tipo de movimiento)
TB_MOV_FINANCIEROS,MOV00045968,CAMPO_INCONSISTENTE,vr_mov negativo (signo inválido para el tipo de movimiento)
TB_MOV_FINANCIEROS,MOV00423431,CAMPO_INCONSISTENTE,vr_mov negativo (signo inválido para el tipo de movimiento)
TB_MOV_FINANCIEROS,MOV00191835,CAMPO_INCONSISTENTE,vr_mov negativo (signo inválido para el tipo de movimiento)
TB_MOV_FINANCIEROS,MOV00484156,CAMPO_INCONSISTENTE,vr_mov negativo (signo inválido para el tipo de movimiento)
TB_MOV_FINANCIEROS,MOV00266554,CAMPO_INCONSISTENTE,vr_mov negativo (signo inválido para el tipo de movimiento)
TB_MOV_FINANCIEROS,MOV00283889,CAMPO_INCONSISTENTE,vr_mov negativo (signo inválido para el tipo de movimiento)
TB_MOV_FINANCIEROS,MOV00212123,CAMPO_INCONSISTENTE,vr_mov negativo (signo inválido para el tipo de movimiento)
TB_MOV_FINANCIEROS,MOV00058491,CAMPO_INCONSISTENTE,vr_mov negativo (signo inválido para el tipo de movimiento)
TB_MOV_FINANCIEROS,MOV00017166,CAMPO_INCONSISTENTE,vr_mov negativo (signo inválido para el tipo de movimiento)
TB_MOV_FINANCIEROS,MOV00471443,CAMPO_INCONSISTENTE,vr_mov negativo (signo inválido para el tipo de movimiento)
TB_MOV_FINANCIEROS,MOV00149795,CAMPO_INCONSISTENTE,vr_mov negativo (signo inválido para el tipo de movimiento)
TB_MOV_FINANCIEROS,MOV00476150,CAMPO_INCONSISTENTE,vr_mov negativo (signo inválido para el tipo de movimiento)
TB_MOV_FINANCIEROS,MOV00069470,CAMPO_INCONSISTENTE,vr_mov negativo (signo inválido para el tipo de movimiento)
TB_MOV_FINANCIEROS,MOV00278879,CAMPO_INCONSISTENTE,vr_mov negativo (signo inválido para el tipo de movimiento)
TB_MOV_FINANCIEROS,MOV00126934,CAMPO_INCONSISTENTE,vr_mov negativo (signo inválido para el tipo de movimiento)
TB_MOV_FINANCIEROS,MOV00412274,CAMPO_INCONSISTENTE,vr_mov negativo (signo inválido para el tipo de movimiento)
TB_MOV_FINANCIEROS,MOV00198269,CAMPO_INCONSISTENTE,vr_mov negativo (signo inválido para el tipo de movimiento)
TB_MOV_FINANCIEROS,MOV00499616,CAMPO_INCONSISTENTE,vr_mov negativo (signo inválido para el tipo de movimiento)
TB_MOV_FINANCIEROS,MOV00249374,CAMPO_INCONSISTENTE,vr_mov negativo (signo inválido para el tipo de movimiento)
TB_MOV_FINANCIEROS,MOV00414199,CAMPO_INCONSISTENTE,vr_mov negativo (signo inválido para el tipo de movimiento)
TB_MOV_FINANCIEROS,MOV00199233,CAMPO_INCONSISTENTE,vr_mov negativo (signo inválido para el tipo de movimiento)
TB_MOV_FINANCIEROS,MOV00417089,CAMPO_INCONSISTENTE,vr_mov negativo (signo inválido para el tipo de movimiento)
TB_MOV_FINANCIEROS,MOV00406497,CAMPO_INCONSISTENTE,vr_mov negativo (signo inválido para el tipo de movimiento)
TB_MOV_FINANCIEROS,MOV00012336,CAMPO_INCONSISTENTE,vr_mov negativo (signo inválido para el tipo de movimiento)
TB_MOV_FINANCIEROS,MOV00251093,CAMPO_INCONSISTENTE,vr_mov negativo (signo inválido para el tipo de movimiento)
TB_MOV_FINANCIEROS,MOV00314266,CAMPO_INCONSISTENTE,vr_mov negativo (signo inválido para el tipo de movimiento)
TB_MOV_FINANCIEROS,MOV00089422,CAMPO_INCONSISTENTE,vr_mov negativo (signo inválido para el tipo de movimiento)
TB_MOV_FINANCIEROS,MOV00264180,CAMPO_INCONSISTENTE,vr_mov negativo (signo inválido para el tipo de movimiento)
TB_MOV_FINANCIEROS,MOV00159466,CAMPO_INCONSISTENTE,vr_mov negativo (signo inválido para el tipo de movimiento)
TB_MOV_FINANCIEROS,MOV00002976,CAMPO_INCONSISTENTE,vr_mov negativo (signo inválido para el tipo de movimiento)
TB_MOV_FINANCIEROS,MOV00406706,CAMPO_INCONSISTENTE,vr_mov negativo (signo inválido para el tipo de movimiento)
TB_MOV_FINANCIEROS,MOV00206980,CAMPO_INCONSISTENTE,vr_mov negativo (signo inválido para el tipo de movimiento)
TB_MOV_FINANCIEROS,MOV00126570,CAMPO_INCONSISTENTE,vr_mov negativo (signo inválido para el tipo de movimiento)
TB_MOV_FINANCIEROS,MOV00146984,CAMPO_INCONSISTENTE,vr_mov negativo (signo inválido para el tipo de movimiento)
TB_MOV_FINANCIEROS,MOV00378783,CAMPO_INCONSISTENTE,vr_mov negativo (signo inválido para el tipo de movimiento)
TB_MOV_FINANCIEROS,MOV00052339,CAMPO_INCONSISTENTE,vr_mov negativo (signo inválido para el tipo de movimiento)
TB_MOV_FINANCIEROS,MOV00267172,CAMPO_INCONSISTENTE,vr_mov negativo (signo inválido para el tipo de movimiento)
TB_MOV_FINANCIEROS,MOV00003183,CAMPO_INCONSISTENTE,vr_mov negativo (signo inválido para el tipo de movimiento)
TB_MOV_FINANCIEROS,MOV00349231,CAMPO_INCONSISTENTE,vr_mov negativo (signo inválido para el tipo de movimiento)
TB_MOV_FINANCIEROS,MOV00200443,CAMPO_INCONSISTENTE,vr_mov negativo (signo inválido para el tipo de movimiento)
TB_MOV_FINANCIEROS,MOV00298731,CAMPO_INCONSISTENTE,vr_mov negativo (signo inválido para el tipo de movimiento)
TB_MOV_FINANCIEROS,MOV00255626,CAMPO_INCONSISTENTE,vr_mov negativo (signo inválido para el tipo de movimiento)
TB_MOV_FINANCIEROS,MOV00449467,CAMPO_INCONSISTENTE,vr_mov negativo (signo inválido para el tipo de movimiento)
TB_MOV_FINANCIEROS,MOV00386187,CAMPO_INCONSISTENTE,vr_mov negativo (signo inválido para el tipo de movimiento)
TB_MOV_FINANCIEROS,MOV00426715,CAMPO_INCONSISTENTE,vr_mov negativo (signo inválido para el tipo de movimiento)
TB_MOV_FINANCIEROS,MOV00481035,CAMPO_INCONSISTENTE,vr_mov negativo (signo inválido para el tipo de movimiento)
TB_MOV_FINANCIEROS,MOV00108116,CAMPO_INCONSISTENTE,vr_mov negativo (signo inválido para el tipo de movimiento)
TB_MOV_FINANCIEROS,MOV00119546,CAMPO_INCONSISTENTE,vr_mov negativo (signo inválido para el tipo de movimiento)
TB_MOV_FINANCIEROS,MOV00335232,CAMPO_INCONSISTENTE,vr_mov negativo (signo inválido para el tipo de movimiento)
TB_MOV_FINANCIEROS,MOV00418156,CAMPO_INCONSISTENTE,vr_mov negativo (signo inválido para el tipo de movimiento)
TB_MOV_FINANCIEROS,MOV00132807,CAMPO_INCONSISTENTE,vr_mov negativo (signo inválido para el tipo de movimiento)
TB_MOV_FINANCIEROS,MOV00180727,CAMPO_INCONSISTENTE,vr_mov negativo (signo inválido para el tipo de movimiento)
TB_MOV_FINANCIEROS,MOV00067529,CAMPO_INCONSISTENTE,vr_mov negativo (signo inválido para el tipo de movimiento)
TB_MOV_FINANCIEROS,MOV00097594,CAMPO_INCONSISTENTE,vr_mov negativo (signo inválido para el tipo de movimiento)
TB_MOV_FINANCIEROS,MOV00062952,CAMPO_INCONSISTENTE,vr_mov negativo (signo inválido para el tipo de movimiento)
TB_MOV_FINANCIEROS,MOV00279938,CAMPO_INCONSISTENTE,vr_mov negativo (signo inválido para el tipo de movimiento)
TB_MOV_FINANCIEROS,MOV00230014,CAMPO_INCONSISTENTE,vr_mov negativo (signo inválido para el tipo de movimiento)
TB_MOV_FINANCIEROS,MOV00434749,CAMPO_INCONSISTENTE,vr_mov negativo (signo inválido para el tipo de movimiento)
TB_MOV_FINANCIEROS,MOV00157958,CAMPO_INCONSISTENTE,vr_mov negativo (signo inválido para el tipo de movimiento)
TB_MOV_FINANCIEROS,MOV00009047,CAMPO_INCONSISTENTE,vr_mov negativo (signo inválido para el tipo de movimiento)
TB_MOV_FINANCIEROS,MOV00412572,CAMPO_INCONSISTENTE,vr_mov negativo (signo inválido para el tipo de movimiento)
TB_MOV_FINANCIEROS,MOV00181915,CAMPO_INCONSISTENTE,vr_mov negativo (signo inválido para el tipo de movimiento)
TB_MOV_FINANCIEROS,MOV00011901,CAMPO_INCONSISTENTE,vr_mov negativo (signo inválido para el tipo de movimiento)
TB_MOV_FINANCIEROS,MOV00487053,CAMPO_INCONSISTENTE,vr_mov negativo (signo inválido para el tipo de movimiento)
TB_MOV_FINANCIEROS,MOV00444857,CAMPO_INCONSISTENTE,vr_mov negativo (signo inválido para el tipo de movimiento)
TB_MOV_FINANCIEROS,MOV00299264,CAMPO_INCONSISTENTE,vr_mov negativo (signo inválido para el tipo de movimiento)
TB_MOV_FINANCIEROS,MOV00412454,CAMPO_INCONSISTENTE,vr_mov negativo (signo inválido para el tipo de movimiento)
TB_MOV_FINANCIEROS,MOV00056287,CAMPO_INCONSISTENTE,vr_mov negativo (signo inválido para el tipo de movimiento)
TB_MOV_FINANCIEROS,MOV00064338,CAMPO_INCONSISTENTE,vr_mov negativo (signo inválido para el tipo de movimiento)
TB_MOV_FINANCIEROS,MOV00486351,CAMPO_INCONSISTENTE,vr_mov negativo (signo inválido para el tipo de movimiento)
TB_MOV_FINANCIEROS,MOV00152199,CAMPO_INCONSISTENTE,vr_mov negativo (signo inválido para el tipo de movimiento)
TB_MOV_FINANCIEROS,MOV00278668,CAMPO_INCONSISTENTE,vr_mov negativo (signo inválido para el tipo de movimiento)
TB_MOV_FINANCIEROS,MOV00326977,CAMPO_INCONSISTENTE,vr_mov negativo (signo inválido para el tipo de movimiento)
TB_MOV_FINANCIEROS,MOV00239660,CAMPO_INCONSISTENTE,vr_mov negativo (signo inválido para el tipo de movimiento)
TB_MOV_FINANCIEROS,MOV00448489,CAMPO_INCONSISTENTE,vr_mov negativo (signo inválido para el tipo de movimiento)
TB_MOV_FINANCIEROS,MOV00256634,CAMPO_INCONSISTENTE,vr_mov negativo (signo inválido para el tipo de movimiento)
TB_MOV_FINANCIEROS,MOV00487047,CAMPO_INCONSISTENTE,vr_mov negativo (signo inválido para el tipo de movimiento)
TB_MOV_FINANCIEROS,MOV00347520,CAMPO_INCONSISTENTE,vr_mov negativo (signo inválido para el tipo de movimiento)
TB_MOV_FINANCIEROS,MOV00148672,CAMPO_INCONSISTENTE,vr_mov negativo (signo inválido para el tipo de movimiento)
TB_MOV_FINANCIEROS,MOV00462907,CAMPO_INCONSISTENTE,vr_mov negativo (signo inválido para el tipo de movimiento)
TB_MOV_FINANCIEROS,MOV00444660,CAMPO_INCONSISTENTE,vr_mov negativo (signo inválido para el tipo de movimiento)
TB_MOV_FINANCIEROS,MOV00426440,CAMPO_INCONSISTENTE,vr_mov negativo (signo inválido para el tipo de movimiento)
TB_MOV_FINANCIEROS,MOV00473429,CAMPO_INCONSISTENTE,vr_mov negativo (signo inválido para el tipo de movimiento)
TB_MOV_FINANCIEROS,MOV00499107,CAMPO_INCONSISTENTE,vr_mov negativo (signo inválido para el tipo de movimiento)
TB_MOV_FINANCIEROS,MOV00013689,CAMPO_INCONSISTENTE,vr_mov negativo (signo inválido para el tipo de movimiento)
TB_MOV_FINANCIEROS,MOV00238450,CAMPO_INCONSISTENTE,vr_mov negativo (signo inválido para el tipo de movimiento)
TB_MOV_FINANCIEROS,MOV00105993,CAMPO_INCONSISTENTE,vr_mov negativo (signo inválido para el tipo de movimiento)
TB_MOV_FINANCIEROS,MOV00271941,CAMPO_INCONSISTENTE,vr_mov negativo (signo inválido para el tipo de movimiento)
TB_MOV_FINANCIEROS,MOV00046256,CAMPO_INCONSISTENTE,vr_mov negativo (signo inválido para el tipo de movimiento)
TB_MOV_FINANCIEROS,MOV00436981,CAMPO_INCONSISTENTE,vr_mov negativo (signo inválido para el tipo de movimiento)
TB_MOV_FINANCIEROS,MOV00227610,CAMPO_INCONSISTENTE,vr_mov negativo (signo inválido para el tipo de movimiento)
TB_MOV_FINANCIEROS,MOV00427232,CAMPO_INCONSISTENTE,vr_mov negativo (signo inválido para el tipo de movimiento)
TB_MOV_FINANCIEROS,MOV00389303,CAMPO_INCONSISTENTE,vr_mov negativo (signo inválido para el tipo de movimiento)
TB_MOV_FINANCIEROS,MOV00047785,CAMPO_INCONSISTENTE,vr_mov negativo (signo inválido para el tipo de movimiento)
TB_MOV_FINANCIEROS,MOV00018061,CAMPO_INCONSISTENTE,vr_mov negativo (signo inválido para el tipo de movimiento)
TB_MOV_FINANCIEROS,MOV00096382,CAMPO_INCONSISTENTE,vr_mov negativo (signo inválido para el tipo de movimiento)
TB_MOV_FINANCIEROS,MOV00444457,CAMPO_INCONSISTENTE,vr_mov negativo (signo inválido para el tipo de movimiento)
TB_MOV_FINANCIEROS,MOV00329307,CAMPO_INCONSISTENTE,vr_mov negativo (signo inválido para el tipo de movimiento)
TB_MOV_FINANCIEROS,MOV00416693,CAMPO_INCONSISTENTE,vr_mov negativo (signo inválido para el tipo de movimiento)
TB_MOV_FINANCIEROS,MOV00170446,CAMPO_INCONSISTENTE,vr_mov negativo (signo inválido para el tipo de movimiento)
TB_MOV_FINANCIEROS,MOV00327140,CAMPO_INCONSISTENTE,vr_mov negativo (signo inválido para el tipo de movimiento)
TB_MOV_FINANCIEROS,MOV00328433,CAMPO_INCONSISTENTE,vr_mov negativo (signo inválido para el tipo de movimiento)
TB_MOV_FINANCIEROS,MOV00430279,CAMPO_INCONSISTENTE,vr_mov negativo (signo inválido para el tipo de movimiento)
TB_MOV_FINANCIEROS,MOV00364124,CAMPO_INCONSISTENTE,vr_mov negativo (signo inválido para el tipo de movimiento)
TB_MOV_FINANCIEROS,MOV00079611,CAMPO_INCONSISTENTE,vr_mov negativo (signo inválido para el tipo de movimiento)
TB_MOV_FINANCIEROS,MOV00241854,CAMPO_INCONSISTENTE,vr_mov negativo (signo inválido para el tipo de movimiento)
TB_MOV_FINANCIEROS,MOV00066472,CAMPO_INCONSISTENTE,vr_mov negativo (signo inválido para el tipo de movimiento)
TB_MOV_FINANCIEROS,MOV00085795,CAMPO_INCONSISTENTE,vr_mov negativo (signo inválido para el tipo de movimiento)
TB_MOV_FINANCIEROS,MOV00474021,CAMPO_INCONSISTENTE,vr_mov negativo (signo inválido para el tipo de movimiento)
TB_MOV_FINANCIEROS,MOV00036945,CAMPO_INCONSISTENTE,vr_mov negativo (signo inválido para el tipo de movimiento)
TB_MOV_FINANCIEROS,MOV00331819,CAMPO_INCONSISTENTE,vr_mov negativo (signo inválido para el tipo de movimiento)
TB_MOV_FINANCIEROS,MOV00014742,CAMPO_INCONSISTENTE,vr_mov negativo (signo inválido para el tipo de movimiento)
TB_MOV_FINANCIEROS,MOV00285037,CAMPO_INCONSISTENTE,vr_mov negativo (signo inválido para el tipo de movimiento)
TB_MOV_FINANCIEROS,MOV00101422,CAMPO_INCONSISTENTE,vr_mov negativo (signo inválido para el tipo de movimiento)
TB_MOV_FINANCIEROS,MOV00455494,CAMPO_INCONSISTENTE,vr_mov negativo (signo inválido para el tipo de movimiento)
TB_MOV_FINANCIEROS,MOV00112476,CAMPO_INCONSISTENTE,vr_mov negativo (signo inválido para el tipo de movimiento)
TB_MOV_FINANCIEROS,MOV00213398,CAMPO_INCONSISTENTE,vr_mov negativo (signo inválido para el tipo de movimiento)
TB_MOV_FINANCIEROS,MOV00268535,CAMPO_INCONSISTENTE,vr_mov negativo (signo inválido para el tipo de movimiento)
TB_MOV_FINANCIEROS,MOV00078616,CAMPO_INCONSISTENTE,vr_mov negativo (signo inválido para el tipo de movimiento)
TB_MOV_FINANCIEROS,MOV00148552,CAMPO_INCONSISTENTE,vr_mov negativo (signo inválido para el tipo de movimiento)
TB_MOV_FINANCIEROS,MOV00034699,CAMPO_INCONSISTENTE,vr_mov negativo (signo inválido para el tipo de movimiento)
TB_MOV_FINANCIEROS,MOV00247064,CAMPO_INCONSISTENTE,vr_mov negativo (signo inválido para el tipo de movimiento)
TB_MOV_FINANCIEROS,MOV00070681,CAMPO_INCONSISTENTE,vr_mov negativo (signo inválido para el tipo de movimiento)
TB_MOV_FINANCIEROS,MOV00378208,CAMPO_INCONSISTENTE,vr_mov negativo (signo inválido para el tipo de movimiento)
TB_MOV_FINANCIEROS,MOV00326195,CAMPO_INCONSISTENTE,vr_mov negativo (signo inválido para el tipo de movimiento)
TB_MOV_FINANCIEROS,MOV00179800,CAMPO_INCONSISTENTE,vr_mov negativo (signo inválido para el tipo de movimiento)
TB_MOV_FINANCIEROS,MOV00457428,CAMPO_INCONSISTENTE,vr_mov negativo (signo inválido para el tipo de movimiento)
TB_MOV_FINANCIEROS,MOV00032580,CAMPO_INCONSISTENTE,vr_mov negativo (signo inválido para el tipo de movimiento)
TB_MOV_FINANCIEROS,MOV00184340,CAMPO_INCONSISTENTE,vr_mov negativo (signo inválido para el tipo de movimiento)
TB_MOV_FINANCIEROS,MOV00285664,CAMPO_INCONSISTENTE,vr_mov negativo (signo inválido para el tipo de movimiento)
TB_MOV_FINANCIEROS,MOV00081796,CAMPO_INCONSISTENTE,vr_mov negativo (signo inválido para el tipo de movimiento)
TB_MOV_FINANCIEROS,MOV00014904,CAMPO_INCONSISTENTE,vr_mov negativo (signo inválido para el tipo de movimiento)
TB_MOV_FINANCIEROS,MOV00329385,CAMPO_INCONSISTENTE,vr_mov negativo (signo inválido para el tipo de movimiento)
TB_MOV_FINANCIEROS,MOV00384777,CAMPO_INCONSISTENTE,vr_mov negativo (signo inválido para el tipo de movimiento)
TB_MOV_FINANCIEROS,MOV00492288,CAMPO_INCONSISTENTE,vr_mov negativo (signo inválido para el tipo de movimiento)
TB_MOV_FINANCIEROS,MOV00445309,CAMPO_INCONSISTENTE,vr_mov negativo (signo inválido para el tipo de movimiento)
TB_MOV_FINANCIEROS,MOV00411218,CAMPO_INCONSISTENTE,vr_mov negativo (signo inválido para el tipo de movimiento)
TB_MOV_FINANCIEROS,MOV00374883,CAMPO_INCONSISTENTE,vr_mov negativo (signo inválido para el tipo de movimiento)
TB_MOV_FINANCIEROS,MOV00276610,CAMPO_INCONSISTENTE,vr_mov negativo (signo inválido para el tipo de movimiento)
TB_MOV_FINANCIEROS,MOV00487162,CAMPO_INCONSISTENTE,vr_mov negativo (signo inválido para el tipo de movimiento)
TB_MOV_FINANCIEROS,MOV00108673,CAMPO_INCONSISTENTE,vr_mov negativo (signo inválido para el tipo de movimiento)
TB_MOV_FINANCIEROS,MOV00131779,CAMPO_INCONSISTENTE,vr_mov negativo (signo inválido para el tipo de movimiento)
TB_MOV_FINANCIEROS,MOV00385506,CAMPO_INCONSISTENTE,vr_mov negativo (signo inválido para el tipo de movimiento)
TB_MOV_FINANCIEROS,MOV00247889,CAMPO_INCONSISTENTE,vr_mov negativo (signo inválido para el tipo de movimiento)
TB_MOV_FINANCIEROS,MOV00425387,CAMPO_INCONSISTENTE,vr_mov negativo (signo inválido para el tipo de movimiento)
TB_MOV_FINANCIEROS,MOV00264094,CAMPO_INCONSISTENTE,vr_mov negativo (signo inválido para el tipo de movimiento)
TB_MOV_FINANCIEROS,MOV00222344,CAMPO_INCONSISTENTE,vr_mov negativo (signo inválido para el tipo de movimiento)
TB_MOV_FINANCIEROS,MOV00219904,CAMPO_INCONSISTENTE,vr_mov negativo (signo inválido para el tipo de movimiento)
TB_MOV_FINANCIEROS,MOV00433285,CAMPO_INCONSISTENTE,vr_mov negativo (signo inválido para el tipo de movimiento)
TB_MOV_FINANCIEROS,MOV00417443,CAMPO_INCONSISTENTE,vr_mov negativo (signo inválido para el tipo de movimiento)
TB_MOV_FINANCIEROS,MOV00227088,CAMPO_INCONSISTENTE,vr_mov negativo (signo inválido para el tipo de movimiento)
TB_MOV_FINANCIEROS,MOV00029475,CAMPO_INCONSISTENTE,vr_mov negativo (signo inválido para el tipo de movimiento)
TB_MOV_FINANCIEROS,MOV00121089,CAMPO_INCONSISTENTE,vr_mov negativo (signo inválido para el tipo de movimiento)
TB_MOV_FINANCIEROS,MOV00195313,CAMPO_INCONSISTENTE,vr_mov negativo (signo inválido para el tipo de movimiento)
TB_MOV_FINANCIEROS,MOV00110084,CAMPO_INCONSISTENTE,vr_mov negativo (signo inválido para el tipo de movimiento)
TB_MOV_FINANCIEROS,MOV00193550,CAMPO_INCONSISTENTE,vr_mov negativo (signo inválido para el tipo de movimiento)
TB_MOV_FINANCIEROS,MOV00213032,CAMPO_INCONSISTENTE,vr_mov negativo (signo inválido para el tipo de movimiento)
TB_MOV_FINANCIEROS,MOV00462965,CAMPO_INCONSISTENTE,vr_mov negativo (signo inválido para el tipo de movimiento)
TB_MOV_FINANCIEROS,MOV00403345,CAMPO_INCONSISTENTE,vr_mov negativo (signo inválido para el tipo de movimiento)
TB_MOV_FINANCIEROS,MOV00212477,CAMPO_INCONSISTENTE,vr_mov negativo (signo inválido para el tipo de movimiento)
TB_MOV_FINANCIEROS,MOV00108082,CAMPO_INCONSISTENTE,vr_mov negativo (signo inválido para el tipo de movimiento)
TB_MOV_FINANCIEROS,MOV00492925,CAMPO_INCONSISTENTE,vr_mov negativo (signo inválido para el tipo de movimiento)
TB_MOV_FINANCIEROS,MOV00466577,CAMPO_INCONSISTENTE,vr_mov negativo (signo inválido para el tipo de movimiento)
TB_MOV_FINANCIEROS,MOV00322778,CAMPO_INCONSISTENTE,vr_mov negativo (signo inválido para el tipo de movimiento)
TB_MOV_FINANCIEROS,MOV00020094,CAMPO_INCONSISTENTE,vr_mov negativo (signo inválido para el tipo de movimiento)
TB_MOV_FINANCIEROS,MOV00369831,CAMPO_INCONSISTENTE,vr_mov negativo (signo inválido para el tipo de movimiento)
TB_MOV_FINANCIEROS,MOV00454388,CAMPO_INCONSISTENTE,vr_mov negativo (signo inválido para el tipo de movimiento)
TB_MOV_FINANCIEROS,MOV00156365,CAMPO_INCONSISTENTE,vr_mov negativo (signo inválido para el tipo de movimiento)
TB_MOV_FINANCIEROS,MOV00093182,CAMPO_INCONSISTENTE,vr_mov negativo (signo inválido para el tipo de movimiento)
TB_MOV_FINANCIEROS,MOV00253395,CAMPO_INCONSISTENTE,vr_mov negativo (signo inválido para el tipo de movimiento)
TB_MOV_FINANCIEROS,MOV00125573,CAMPO_INCONSISTENTE,vr_mov negativo (signo inválido para el tipo de movimiento)
TB_MOV_FINANCIEROS,MOV00069117,CAMPO_INCONSISTENTE,vr_mov negativo (signo inválido para el tipo de movimiento)
TB_MOV_FINANCIEROS,MOV00055130,CAMPO_INCONSISTENTE,vr_mov negativo (signo inválido para el tipo de movimiento)
TB_MOV_FINANCIEROS,MOV00002620,CAMPO_INCONSISTENTE,vr_mov negativo (signo inválido para el tipo de movimiento)
TB_MOV_FINANCIEROS,MOV00213465,CAMPO_INCONSISTENTE,vr_mov negativo (signo inválido para el tipo de movimiento)
TB_MOV_FINANCIEROS,MOV00130158,CAMPO_INCONSISTENTE,vr_mov negativo (signo inválido para el tipo de movimiento)
TB_MOV_FINANCIEROS,MOV00296342,CAMPO_INCONSISTENTE,vr_mov negativo (signo inválido para el tipo de movimiento)
TB_MOV_FINANCIEROS,MOV00299064,CAMPO_INCONSISTENTE,vr_mov negativo (signo inválido para el tipo de movimiento)
TB_MOV_FINANCIEROS,MOV00109862,CAMPO_INCONSISTENTE,vr_mov negativo (signo inválido para el tipo de movimiento)
TB_MOV_FINANCIEROS,MOV00078600,CAMPO_INCONSISTENTE,vr_mov negativo (signo inválido para el tipo de movimiento)
TB_MOV_FINANCIEROS,MOV00488378,CAMPO_INCONSISTENTE,vr_mov negativo (signo inválido para el tipo de movimiento)
TB_MOV_FINANCIEROS,MOV00043852,CAMPO_INCONSISTENTE,vr_mov negativo (signo inválido para el tipo de movimiento)
TB_MOV_FINANCIEROS,MOV00472547,CAMPO_INCONSISTENTE,vr_mov negativo (signo inválido para el tipo de movimiento)
TB_MOV_FINANCIEROS,MOV00166132,CAMPO_INCONSISTENTE,vr_mov negativo (signo inválido para el tipo de movimiento)
TB_MOV_FINANCIEROS,MOV00099957,CAMPO_INCONSISTENTE,vr_mov negativo (signo inválido para el tipo de movimiento)
TB_MOV_FINANCIEROS,MOV00180684,CAMPO_INCONSISTENTE,vr_mov negativo (signo inválido para el tipo de movimiento)
TB_MOV_FINANCIEROS,MOV00127875,CAMPO_INCONSISTENTE,vr_mov negativo (signo inválido para el tipo de movimiento)
TB_MOV_FINANCIEROS,MOV00297091,CAMPO_INCONSISTENTE,vr_mov negativo (signo inválido para el tipo de movimiento)
TB_MOV_FINANCIEROS,MOV00362515,CAMPO_INCONSISTENTE,vr_mov negativo (signo inválido para el tipo de movimiento)
TB_MOV_FINANCIEROS,MOV00291958,CAMPO_INCONSISTENTE,vr_mov negativo (signo inválido para el tipo de movimiento)
TB_MOV_FINANCIEROS,MOV00353370,CAMPO_INCONSISTENTE,vr_mov negativo (signo inválido para el tipo de movimiento)
TB_MOV_FINANCIEROS,MOV00199605,CAMPO_INCONSISTENTE,vr_mov negativo (signo inválido para el tipo de movimiento)
TB_MOV_FINANCIEROS,MOV00066748,CAMPO_INCONSISTENTE,vr_mov negativo (signo inválido para el tipo de movimiento)
TB_MOV_FINANCIEROS,MOV00235435,CAMPO_INCONSISTENTE,vr_mov negativo (signo inválido para el tipo de movimiento)
TB_MOV_FINANCIEROS,MOV00004517,CAMPO_INCONSISTENTE,vr_mov negativo (signo inválido para el tipo de movimiento)
TB_MOV_FINANCIEROS,MOV00374436,CAMPO_INCONSISTENTE,vr_mov negativo (signo inválido para el tipo de movimiento)
TB_MOV_FINANCIEROS,MOV00047557,CAMPO_INCONSISTENTE,vr_mov negativo (signo inválido para el tipo de movimiento)
TB_MOV_FINANCIEROS,MOV00170561,CAMPO_INCONSISTENTE,vr_mov negativo (signo inválido para el tipo de movimiento)
TB_MOV_FINANCIEROS,MOV00192793,CAMPO_INCONSISTENTE,vr_mov negativo (signo inválido para el tipo de movimiento)
TB_MOV_FINANCIEROS,MOV00457797,CAMPO_INCONSISTENTE,vr_mov negativo (signo inválido para el tipo de movimiento)
TB_MOV_FINANCIEROS,MOV00258903,CAMPO_INCONSISTENTE,vr_mov negativo (signo inválido para el tipo de movimiento)
TB_MOV_FINANCIEROS,MOV00299941,CAMPO_INCONSISTENTE,vr_mov negativo (signo inválido para el tipo de movimiento)
TB_MOV_FINANCIEROS,MOV00439221,CAMPO_INCONSISTENTE,vr_mov negativo (signo inválido para el tipo de movimiento)
TB_MOV_FINANCIEROS,MOV00339609,CAMPO_INCONSISTENTE,vr_mov negativo (signo inválido para el tipo de movimiento)
TB_MOV_FINANCIEROS,MOV00030682,CAMPO_INCONSISTENTE,vr_mov negativo (signo inválido para el tipo de movimiento)
TB_MOV_FINANCIEROS,MOV00387758,CAMPO_INCONSISTENTE,vr_mov negativo (signo inválido para el tipo de movimiento)
TB_MOV_FINANCIEROS,MOV00327499,CAMPO_INCONSISTENTE,vr_mov negativo (signo inválido para el tipo de movimiento)
TB_MOV_FINANCIEROS,MOV00160889,CAMPO_INCONSISTENTE,vr_mov negativo (signo inválido para el tipo de movimiento)
TB_MOV_FINANCIEROS,MOV00411241,CAMPO_INCONSISTENTE,vr_mov negativo (signo inválido para el tipo de movimiento)
TB_MOV_FINANCIEROS,MOV00051126,CAMPO_INCONSISTENTE,vr_mov negativo (signo inválido para el tipo de movimiento)
TB_MOV_FINANCIEROS,MOV00387111,CAMPO_INCONSISTENTE,vr_mov negativo (signo inválido para el tipo de movimiento)
TB_MOV_FINANCIEROS,MOV00470827,CAMPO_INCONSISTENTE,vr_mov negativo (signo inválido para el tipo de movimiento)
TB_MOV_FINANCIEROS,MOV00456581,CAMPO_INCONSISTENTE,vr_mov negativo (signo inválido para el tipo de movimiento)
TB_MOV_FINANCIEROS,MOV00338994,CAMPO_INCONSISTENTE,vr_mov negativo (signo inválido para el tipo de movimiento)
TB_MOV_FINANCIEROS,MOV00487663,CAMPO_INCONSISTENTE,vr_mov negativo (signo inválido para el tipo de movimiento)
TB_MOV_FINANCIEROS,MOV00013971,CAMPO_INCONSISTENTE,vr_mov negativo (signo inválido para el tipo de movimiento)
TB_MOV_FINANCIEROS,MOV00172565,CAMPO_INCONSISTENTE,vr_mov negativo (signo inválido para el tipo de movimiento)
TB_MOV_FINANCIEROS,MOV00258990,CAMPO_INCONSISTENTE,vr_mov negativo (signo inválido para el tipo de movimiento)
TB_MOV_FINANCIEROS,MOV00333596,CAMPO_INCONSISTENTE,vr_mov negativo (signo inválido para el tipo de movimiento)
TB_MOV_FINANCIEROS,MOV00038393,CAMPO_INCONSISTENTE,vr_mov negativo (signo inválido para el tipo de movimiento)
TB_MOV_FINANCIEROS,MOV00370657,CAMPO_INCONSISTENTE,vr_mov negativo (signo inválido para el tipo de movimiento)
TB_MOV_FINANCIEROS,MOV00178465,CAMPO_INCONSISTENTE,vr_mov negativo (signo inválido para el tipo de movimiento)
TB_MOV_FINANCIEROS,MOV00287703,CAMPO_INCONSISTENTE,vr_mov negativo (signo inválido para el tipo de movimiento)
TB_MOV_FINANCIEROS,MOV00126363,CAMPO_INCONSISTENTE,vr_mov negativo (signo inválido para el tipo de movimiento)
TB_MOV_FINANCIEROS,MOV00498645,CAMPO_INCONSISTENTE,vr_mov negativo (signo inválido para el tipo de movimiento)
TB_MOV_FINANCIEROS,MOV00450755,CAMPO_INCONSISTENTE,vr_mov negativo (signo inválido para el tipo de movimiento)
TB_MOV_FINANCIEROS,MOV00215464,CAMPO_INCONSISTENTE,vr_mov negativo (signo inválido para el tipo de movimiento)
TB_MOV_FINANCIEROS,MOV00494177,CAMPO_INCONSISTENTE,vr_mov negativo (signo inválido para el tipo de movimiento)
TB_MOV_FINANCIEROS,MOV00479461,CAMPO_INCONSISTENTE,vr_mov negativo (signo inválido para el tipo de movimiento)
TB_MOV_FINANCIEROS,MOV00258440,CAMPO_INCONSISTENTE,vr_mov negativo (signo inválido para el tipo de movimiento)
TB_MOV_FINANCIEROS,MOV00166918,CAMPO_INCONSISTENTE,vr_mov negativo (signo inválido para el tipo de movimiento)
TB_MOV_FINANCIEROS,MOV00485699,CAMPO_INCONSISTENTE,vr_mov negativo (signo inválido para el tipo de movimiento)
TB_MOV_FINANCIEROS,MOV00339193,CAMPO_INCONSISTENTE,vr_mov negativo (signo inválido para el tipo de movimiento)
TB_MOV_FINANCIEROS,MOV00479363,CAMPO_INCONSISTENTE,vr_mov negativo (signo inválido para el tipo de movimiento)
TB_MOV_FINANCIEROS,MOV00127744,CAMPO_INCONSISTENTE,vr_mov negativo (signo inválido para el tipo de movimiento)
TB_MOV_FINANCIEROS,MOV00294043,CAMPO_INCONSISTENTE,vr_mov negativo (signo inválido para el tipo de movimiento)
TB_MOV_FINANCIEROS,MOV00481600,CAMPO_INCONSISTENTE,vr_mov negativo (signo inválido para el tipo de movimiento)
TB_MOV_FINANCIEROS,MOV00472764,CAMPO_INCONSISTENTE,vr_mov negativo (signo inválido para el tipo de movimiento)
TB_MOV_FINANCIEROS,MOV00376935,CAMPO_INCONSISTENTE,vr_mov negativo (signo inválido para el tipo de movimiento)
TB_MOV_FINANCIEROS,MOV00327312,CAMPO_INCONSISTENTE,vr_mov negativo (signo inválido para el tipo de movimiento)
TB_MOV_FINANCIEROS,MOV00217918,CAMPO_INCONSISTENTE,vr_mov negativo (signo inválido para el tipo de movimiento)
TB_MOV_FINANCIEROS,MOV00425849,CAMPO_INCONSISTENTE,vr_mov negativo (signo inválido para el tipo de movimiento)
TB_MOV_FINANCIEROS,MOV00324238,CAMPO_INCONSISTENTE,vr_mov negativo (signo inválido para el tipo de movimiento)
TB_MOV_FINANCIEROS,MOV00454932,CAMPO_INCONSISTENTE,vr_mov negativo (signo inválido para el tipo de movimiento)
TB_MOV_FINANCIEROS,MOV00255493,CAMPO_INCONSISTENTE,vr_mov negativo (signo inválido para el tipo de movimiento)
TB_MOV_FINANCIEROS,MOV00152228,CAMPO_INCONSISTENTE,vr_mov negativo (signo inválido para el tipo de movimiento)
TB_MOV_FINANCIEROS,MOV00148643,CAMPO_INCONSISTENTE,vr_mov negativo (signo inválido para el tipo de movimiento)
TB_MOV_FINANCIEROS,MOV00137826,CAMPO_INCONSISTENTE,vr_mov negativo (signo inválido para el tipo de movimiento)
TB_MOV_FINANCIEROS,MOV00200479,CAMPO_INCONSISTENTE,vr_mov negativo (signo inválido para el tipo de movimiento)
TB_MOV_FINANCIEROS,MOV00028395,CAMPO_INCONSISTENTE,vr_mov negativo (signo inválido para el tipo de movimiento)
TB_MOV_FINANCIEROS,MOV00085427,CAMPO_INCONSISTENTE,vr_mov negativo (signo inválido para el tipo de movimiento)
TB_MOV_FINANCIEROS,MOV00315141,CAMPO_INCONSISTENTE,vr_mov negativo (signo inválido para el tipo de movimiento)
TB_MOV_FINANCIEROS,MOV00083782,CAMPO_INCONSISTENTE,vr_mov negativo (signo inválido para el tipo de movimiento)
TB_MOV_FINANCIEROS,MOV00455216,CAMPO_INCONSISTENTE,vr_mov negativo (signo inválido para el tipo de movimiento)
TB_MOV_FINANCIEROS,MOV00481188,CAMPO_INCONSISTENTE,vr_mov negativo (signo inválido para el tipo de movimiento)
TB_MOV_FINANCIEROS,MOV00408570,CAMPO_INCONSISTENTE,vr_mov negativo (signo inválido para el tipo de movimiento)
TB_MOV_FINANCIEROS,MOV00115395,CAMPO_INCONSISTENTE,vr_mov negativo (signo inválido para el tipo de movimiento)
TB_MOV_FINANCIEROS,MOV00487575,CAMPO_INCONSISTENTE,vr_mov negativo (signo inválido para el tipo de movimiento)
TB_MOV_FINANCIEROS,MOV00361814,CAMPO_INCONSISTENTE,vr_mov negativo (signo inválido para el tipo de movimiento)
TB_MOV_FINANCIEROS,MOV00141133,CAMPO_INCONSISTENTE,vr_mov negativo (signo inválido para el tipo de movimiento)
TB_MOV_FINANCIEROS,MOV00197172,CAMPO_INCONSISTENTE,vr_mov negativo (signo inválido para el tipo de movimiento)
TB_MOV_FINANCIEROS,MOV00254522,CAMPO_INCONSISTENTE,vr_mov negativo (signo inválido para el tipo de movimiento)
TB_MOV_FINANCIEROS,MOV00108280,CAMPO_INCONSISTENTE,vr_mov negativo (signo inválido para el tipo de movimiento)
TB_MOV_FINANCIEROS,MOV00413147,CAMPO_INCONSISTENTE,vr_mov negativo (signo inválido para el tipo de movimiento)
TB_MOV_FINANCIEROS,MOV00431979,CAMPO_INCONSISTENTE,vr_mov negativo (signo inválido para el tipo de movimiento)
TB_MOV_FINANCIEROS,MOV00139198,CAMPO_INCONSISTENTE,vr_mov negativo (signo inválido para el tipo de movimiento)
TB_MOV_FINANCIEROS,MOV00215768,CAMPO_INCONSISTENTE,vr_mov negativo (signo inválido para el tipo de movimiento)
TB_MOV_FINANCIEROS,MOV00365178,CAMPO_INCONSISTENTE,vr_mov negativo (signo inválido para el tipo de movimiento)
TB_MOV_FINANCIEROS,MOV00093306,CAMPO_INCONSISTENTE,vr_mov negativo (signo inválido para el tipo de movimiento)
TB_MOV_FINANCIEROS,MOV00289335,CAMPO_INCONSISTENTE,vr_mov negativo (signo inválido para el tipo de movimiento)
TB_MOV_FINANCIEROS,MOV00267369,CAMPO_INCONSISTENTE,vr_mov negativo (signo inválido para el tipo de movimiento)
TB_MOV_FINANCIEROS,MOV00060491,CAMPO_INCONSISTENTE,vr_mov negativo (signo inválido para el tipo de movimiento)
TB_MOV_FINANCIEROS,MOV00288343,CAMPO_INCONSISTENTE,vr_mov negativo (signo inválido para el tipo de movimiento)
TB_MOV_FINANCIEROS,MOV00448901,CAMPO_INCONSISTENTE,vr_mov negativo (signo inválido para el tipo de movimiento)
TB_MOV_FINANCIEROS,MOV00048777,CAMPO_INCONSISTENTE,vr_mov negativo (signo inválido para el tipo de movimiento)
TB_MOV_FINANCIEROS,MOV00465555,CAMPO_INCONSISTENTE,vr_mov negativo (signo inválido para el tipo de movimiento)
TB_MOV_FINANCIEROS,MOV00079565,CAMPO_INCONSISTENTE,vr_mov negativo (signo inválido para el tipo de movimiento)
TB_MOV_FINANCIEROS,MOV00111546,CAMPO_INCONSISTENTE,vr_mov negativo (signo inválido para el tipo de movimiento)
TB_MOV_FINANCIEROS,MOV00270157,CAMPO_INCONSISTENTE,vr_mov negativo (signo inválido para el tipo de movimiento)
TB_MOV_FINANCIEROS,MOV00305190,CAMPO_INCONSISTENTE,vr_mov negativo (signo inválido para el tipo de movimiento)
TB_MOV_FINANCIEROS,MOV00062499,CAMPO_INCONSISTENTE,vr_mov negativo (signo inválido para el tipo de movimiento)
TB_MOV_FINANCIEROS,MOV00147961,CAMPO_INCONSISTENTE,vr_mov negativo (signo inválido para el tipo de movimiento)
TB_MOV_FINANCIEROS,MOV00333102,CAMPO_INCONSISTENTE,vr_mov negativo (signo inválido para el tipo de movimiento)
TB_MOV_FINANCIEROS,MOV00390118,CAMPO_INCONSISTENTE,vr_mov negativo (signo inválido para el tipo de movimiento)
TB_MOV_FINANCIEROS,MOV00369041,CAMPO_INCONSISTENTE,vr_mov negativo (signo inválido para el tipo de movimiento)
TB_MOV_FINANCIEROS,MOV00434994,CAMPO_INCONSISTENTE,vr_mov negativo (signo inválido para el tipo de movimiento)
TB_MOV_FINANCIEROS,MOV00307558,CAMPO_INCONSISTENTE,vr_mov negativo (signo inválido para el tipo de movimiento)
TB_MOV_FINANCIEROS,MOV00365315,CAMPO_INCONSISTENTE,vr_mov negativo (signo inválido para el tipo de movimiento)
TB_MOV_FINANCIEROS,MOV00219445,CAMPO_INCONSISTENTE,vr_mov negativo (signo inválido para el tipo de movimiento)
TB_MOV_FINANCIEROS,MOV00425181,CAMPO_INCONSISTENTE,vr_mov negativo (signo inválido para el tipo de movimiento)
TB_MOV_FINANCIEROS,MOV00245902,CAMPO_INCONSISTENTE,vr_mov negativo (signo inválido para el tipo de movimiento)
TB_OBLIGACIONES,OBL019182,CAMPO_INCONSISTENTE,sdo_capital > vr_aprobado (inconsistencia de negocio)
TB_OBLIGACIONES,OBL008486,CAMPO_INCONSISTENTE,sdo_capital > vr_aprobado (inconsistencia de negocio)
TB_OBLIGACIONES,OBL028225,CAMPO_INCONSISTENTE,sdo_capital > vr_aprobado (inconsistencia de negocio)
TB_OBLIGACIONES,OBL025816,CAMPO_INCONSISTENTE,sdo_capital > vr_aprobado (inconsistencia de negocio)
TB_OBLIGACIONES,OBL023182,CAMPO_INCONSISTENTE,sdo_capital > vr_aprobado (inconsistencia de negocio)
TB_OBLIGACIONES,OBL016775,CAMPO_INCONSISTENTE,sdo_capital > vr_aprobado (inconsistencia de negocio)
TB_OBLIGACIONES,OBL006188,CAMPO_INCONSISTENTE,sdo_capital > vr_aprobado (inconsistencia de negocio)
TB_OBLIGACIONES,OBL013054,CAMPO_INCONSISTENTE,sdo_capital > vr_aprobado (inconsistencia de negocio)
TB_OBLIGACIONES,OBL011702,CAMPO_INCONSISTENTE,sdo_capital > vr_aprobado (inconsistencia de negocio)
TB_OBLIGACIONES,OBL007878,CAMPO_INCONSISTENTE,sdo_capital > vr_aprobado (inconsistencia de negocio)
TB_OBLIGACIONES,OBL008332,CAMPO_INCONSISTENTE,sdo_capital > vr_aprobado (inconsistencia de negocio)
TB_OBLIGACIONES,OBL024883,CAMPO_INCONSISTENTE,sdo_capital > vr_aprobado (inconsistencia de negocio)
TB_OBLIGACIONES,OBL028793,CAMPO_INCONSISTENTE,sdo_capital > vr_aprobado (inconsistencia de negocio)
TB_OBLIGACIONES,OBL019642,CAMPO_INCONSISTENTE,sdo_capital > vr_aprobado (inconsistencia de negocio)
TB_OBLIGACIONES,OBL006976,CAMPO_INCONSISTENTE,sdo_capital > vr_aprobado (inconsistencia de negocio)
TB_OBLIGACIONES,OBL001198,CAMPO_INCONSISTENTE,sdo_capital > vr_aprobado (inconsistencia de negocio)
TB_OBLIGACIONES,OBL010091,CAMPO_INCONSISTENTE,sdo_capital > vr_aprobado (inconsistencia de negocio)
TB_OBLIGACIONES,OBL019950,CAMPO_INCONSISTENTE,sdo_capital > vr_aprobado (inconsistencia de negocio)
TB_OBLIGACIONES,OBL024052,CAMPO_INCONSISTENTE,sdo_capital > vr_aprobado (inconsistencia de negocio)
TB_OBLIGACIONES,OBL022794,CAMPO_INCONSISTENTE,sdo_capital > vr_aprobado (inconsistencia de negocio)
TB_OBLIGACIONES,OBL021724,CAMPO_INCONSISTENTE,sdo_capital > vr_aprobado (inconsistencia de negocio)
TB_OBLIGACIONES,OBL016186,CAMPO_INCONSISTENTE,sdo_capital > vr_aprobado (inconsistencia de negocio)
TB_OBLIGACIONES,OBL008490,CAMPO_INCONSISTENTE,sdo_capital > vr_aprobado (inconsistencia de negocio)
TB_OBLIGACIONES,OBL025053,CAMPO_INCONSISTENTE,sdo_capital > vr_aprobado (inconsistencia de negocio)
TB_OBLIGACIONES,OBL029179,CAMPO_INCONSISTENTE,sdo_capital > vr_aprobado (inconsistencia de negocio)
TB_OBLIGACIONES,OBL021217,CAMPO_INCONSISTENTE,sdo_capital > vr_aprobado (inconsistencia de negocio)
TB_OBLIGACIONES,OBL023631,CAMPO_INCONSISTENTE,sdo_capital > vr_aprobado (inconsistencia de negocio)
TB_OBLIGACIONES,OBL000442,CAMPO_INCONSISTENTE,sdo_capital > vr_aprobado (inconsistencia de negocio)
TB_OBLIGACIONES,OBL014379,CAMPO_INCONSISTENTE,sdo_capital > vr_aprobado (inconsistencia de negocio)
TB_OBLIGACIONES,OBL003194,CAMPO_INCONSISTENTE,sdo_capital > vr_aprobado (inconsistencia de negocio)
TB_OBLIGACIONES,OBL001111,CAMPO_INCONSISTENTE,sdo_capital > vr_aprobado (inconsistencia de negocio)
TB_OBLIGACIONES,OBL023966,CAMPO_INCONSISTENTE,sdo_capital > vr_aprobado (inconsistencia de negocio)
TB_OBLIGACIONES,OBL023453,CAMPO_INCONSISTENTE,sdo_capital > vr_aprobado (inconsistencia de negocio)
TB_OBLIGACIONES,OBL018344,CAMPO_INCONSISTENTE,sdo_capital > vr_aprobado (inconsistencia de negocio)
TB_OBLIGACIONES,OBL001689,CAMPO_INCONSISTENTE,sdo_capital > vr_aprobado (inconsistencia de negocio)
TB_OBLIGACIONES,OBL002839,CAMPO_INCONSISTENTE,sdo_capital > vr_aprobado (inconsistencia de negocio)
TB_OBLIGACIONES,OBL010174,CAMPO_INCONSISTENTE,sdo_capital > vr_aprobado (inconsistencia de negocio)
TB_OBLIGACIONES,OBL018271,CAMPO_INCONSISTENTE,sdo_capital > vr_aprobado (inconsistencia de negocio)
TB_OBLIGACIONES,OBL017658,CAMPO_INCONSISTENTE,sdo_capital > vr_aprobado (inconsistencia de negocio)
TB_OBLIGACIONES,OBL029065,CAMPO_INCONSISTENTE,sdo_capital > vr_aprobado (inconsistencia de negocio)
TB_OBLIGACIONES,OBL012523,CAMPO_INCONSISTENTE,sdo_capital > vr_aprobado (inconsistencia de negocio)
TB_OBLIGACIONES,OBL011297,CAMPO_INCONSISTENTE,sdo_capital > vr_aprobado (inconsistencia de negocio)
TB_OBLIGACIONES,OBL018110,CAMPO_INCONSISTENTE,sdo_capital > vr_aprobado (inconsistencia de negocio)
TB_OBLIGACIONES,OBL007909,CAMPO_INCONSISTENTE,sdo_capital > vr_aprobado (inconsistencia de negocio)
TB_OBLIGACIONES,OBL011474,CAMPO_INCONSISTENTE,sdo_capital > vr_aprobado (inconsistencia de negocio)
TB_OBLIGACIONES,OBL007437,CAMPO_INCONSISTENTE,sdo_capital > vr_aprobado (inconsistencia de negocio)
TB_OBLIGACIONES,OBL024390,CAMPO_INCONSISTENTE,sdo_capital > vr_aprobado (inconsistencia de negocio)
TB_OBLIGACIONES,OBL029529,CAMPO_INCONSISTENTE,sdo_capital > vr_aprobado (inconsistencia de negocio)
TB_OBLIGACIONES,OBL013808,CAMPO_INCONSISTENTE,sdo_capital > vr_aprobado (inconsistencia de negocio)
TB_OBLIGACIONES,OBL015733,CAMPO_INCONSISTENTE,sdo_capital > vr_aprobado (inconsistencia de negocio)
TB_OBLIGACIONES,OBL008345,CAMPO_INCONSISTENTE,sdo_capital > vr_aprobado (inconsistencia de negocio)
TB_OBLIGACIONES,OBL009827,CAMPO_INCONSISTENTE,sdo_capital > vr_aprobado (inconsistencia de negocio)
TB_OBLIGACIONES,OBL013018,CAMPO_INCONSISTENTE,sdo_capital > vr_aprobado (inconsistencia de negocio)
TB_OBLIGACIONES,OBL021158,CAMPO_INCONSISTENTE,sdo_capital > vr_aprobado (inconsistencia de negocio)
TB_OBLIGACIONES,OBL000691,CAMPO_INCONSISTENTE,sdo_capital > vr_aprobado (inconsistencia de negocio)
TB_OBLIGACIONES,OBL029438,CAMPO_INCONSISTENTE,sdo_capital > vr_aprobado (inconsistencia de negocio)
TB_OBLIGACIONES,OBL021409,CAMPO_INCONSISTENTE,sdo_capital > vr_aprobado (inconsistencia de negocio)
TB_OBLIGACIONES,OBL008222,CAMPO_INCONSISTENTE,sdo_capital > vr_aprobado (inconsistencia de negocio)
TB_OBLIGACIONES,OBL026069,CAMPO_INCONSISTENTE,sdo_capital > vr_aprobado (inconsistencia de negocio)
TB_OBLIGACIONES,OBL002457,CAMPO_INCONSISTENTE,sdo_capital > vr_aprobado (inconsistencia de negocio)
